unsigned char frpe_bin[] = {
  0x01, 0x00, 0x01, 0x00, 0x49, 0x4a, 0x00, 0x00, 0x6b, 0x4a, 0x00, 0x00,
  0x6b, 0x4a, 0x00, 0x00, 0x00, 0x00, 0x00, 0x00, 0x00, 0x00, 0x00, 0x00,
  0x00, 0x00, 0x00, 0x00, 0x00, 0x00, 0x00, 0x00, 0x00, 0x00, 0x00, 0x00,
  0x00, 0x00, 0x00, 0x00, 0x00, 0x00, 0x00, 0x00, 0x6b, 0x4a, 0x00, 0x00,
  0x00, 0x00, 0x00, 0x00, 0x00, 0x00, 0x00, 0x00, 0x6b, 0x4a, 0x00, 0x00,
  0x6b, 0x4a, 0x00, 0x00, 0xc1, 0x00, 0x00, 0x00, 0xc1, 0x00, 0x00, 0x00,
  0xc1, 0x00, 0x00, 0x00, 0xa9, 0x16, 0x00, 0x00, 0xc1, 0x00, 0x00, 0x00,
  0xc1, 0x00, 0x00, 0x00, 0xc1, 0x00, 0x00, 0x00, 0xc1, 0x00, 0x00, 0x00,
  0xc1, 0x00, 0x00, 0x00, 0xc1, 0x00, 0x00, 0x00, 0xc1, 0x00, 0x00, 0x00,
  0xc1, 0x00, 0x00, 0x00, 0xc1, 0x00, 0x00, 0x00, 0xc1, 0x00, 0x00, 0x00,
  0xc1, 0x00, 0x00, 0x00, 0xd1, 0x16, 0x00, 0x00, 0xc1, 0x00, 0x00, 0x00,
  0xc1, 0x00, 0x00, 0x00, 0xc1, 0x00, 0x00, 0x00, 0xc1, 0x00, 0x00, 0x00,
  0xc1, 0x00, 0x00, 0x00, 0xc1, 0x00, 0x00, 0x00, 0xc1, 0x00, 0x00, 0x00,
  0xc1, 0x00, 0x00, 0x00, 0xc1, 0x00, 0x00, 0x00, 0xc1, 0x00, 0x00, 0x00,
  0xc1, 0x00, 0x00, 0x00, 0xc1, 0x00, 0x00, 0x00, 0xc1, 0x00, 0x00, 0x00,
  0xc1, 0x00, 0x00, 0x00, 0xe9, 0x16, 0x00, 0x00, 0xc1, 0x00, 0x00, 0x00,
  0x00, 0xb5, 0x84, 0xb0, 0xfe, 0xe7, 0x00, 0x00, 0x70, 0xb5, 0x1b, 0x4e,
  0x4f, 0x21, 0x00, 0x23, 0x07, 0x24, 0x05, 0x01, 0x75, 0x19, 0xed, 0x7a,
  0x18, 0x4a, 0x01, 0x2d, 0x10, 0xd3, 0x02, 0xd0, 0x02, 0x2d, 0x1a, 0xd0,
  0x25, 0xe0, 0x54, 0x70, 0x55, 0x78, 0x07, 0x2d, 0xfb, 0xd1, 0x14, 0x4e,
  0x34, 0x68, 0x65, 0x68, 0xed, 0x07, 0x01, 0xd1, 0x60, 0x61, 0x4e, 0x21,
  0x53, 0x70, 0x18, 0xe0, 0x14, 0x70, 0x15, 0x78, 0x07, 0x2d, 0xfb, 0xd1,
  0x0e, 0x4e, 0x34, 0x68, 0x65, 0x68, 0xed, 0x07, 0x01, 0xd1, 0x60, 0x61,
  0x4e, 0x21, 0x13, 0x70, 0x0b, 0xe0, 0x94, 0x70, 0x95, 0x78, 0x07, 0x2d,
  0xfb, 0xd1, 0x09, 0x4e, 0x34, 0x68, 0x65, 0x68, 0xed, 0x07, 0x01, 0xd1,
  0x60, 0x61, 0x4e, 0x21, 0x93, 0x70, 0x08, 0x46, 0x70, 0xbd, 0x00, 0xbf,
  0x9c, 0x7d, 0x04, 0x21, 0x18, 0x00, 0xc2, 0x43, 0x44, 0x4b, 0x00, 0x00,
  0x48, 0x4b, 0x00, 0x00, 0x4c, 0x4b, 0x00, 0x00, 0x70, 0xb5, 0x1b, 0x4e,
  0x4f, 0x21, 0x00, 0x23, 0x07, 0x24, 0x05, 0x01, 0x75, 0x19, 0x2d, 0x7b,
  0x18, 0x4a, 0x01, 0x2d, 0x10, 0xd3, 0x02, 0xd0, 0x02, 0x2d, 0x1a, 0xd0,
  0x25, 0xe0, 0x54, 0x70, 0x55, 0x78, 0x07, 0x2d, 0xfb, 0xd1, 0x14, 0x4e,
  0x34, 0x68, 0x65, 0x68, 0xed, 0x07, 0x01, 0xd1, 0x60, 0x61, 0x4e, 0x21,
  0x53, 0x70, 0x18, 0xe0, 0x14, 0x70, 0x15, 0x78, 0x07, 0x2d, 0xfb, 0xd1,
  0x0e, 0x4e, 0x34, 0x68, 0x65, 0x68, 0xed, 0x07, 0x01, 0xd1, 0x60, 0x61,
  0x4e, 0x21, 0x13, 0x70, 0x0b, 0xe0, 0x94, 0x70, 0x95, 0x78, 0x07, 0x2d,
  0xfb, 0xd1, 0x09, 0x4e, 0x34, 0x68, 0x65, 0x68, 0xed, 0x07, 0x01, 0xd1,
  0x60, 0x61, 0x4e, 0x21, 0x93, 0x70, 0x08, 0x46, 0x70, 0xbd, 0x00, 0xbf,
  0x9c, 0x7d, 0x04, 0x21, 0x18, 0x00, 0xc2, 0x43, 0x44, 0x4b, 0x00, 0x00,
  0x48, 0x4b, 0x00, 0x00, 0x4c, 0x4b, 0x00, 0x00, 0x4e, 0x20, 0x70, 0x47,
  0xf0, 0xb5, 0x8b, 0xb0, 0x1f, 0x49, 0x00, 0x01, 0x0c, 0x18, 0xe0, 0x88,
  0x04, 0x90, 0x22, 0x89, 0xa3, 0x88, 0x1d, 0x49, 0x98, 0x00, 0x40, 0x18,
  0xc1, 0x78, 0x05, 0x91, 0x4c, 0x20, 0x58, 0x43, 0x1a, 0x49, 0x46, 0x18,
  0x35, 0x68, 0x07, 0xa9, 0xe8, 0x0f, 0x08, 0x70, 0x68, 0x00, 0xc1, 0x0f,
  0x02, 0xd0, 0xa8, 0x03, 0x80, 0x0b, 0x01, 0xe0, 0xe8, 0x00, 0x40, 0x0d,
  0x08, 0x90, 0x07, 0xad, 0x2d, 0x78, 0x09, 0xa8, 0x05, 0x70, 0x41, 0x70,
  0x75, 0x68, 0xaf, 0x03, 0xff, 0x0f, 0x39, 0x06, 0xef, 0x03, 0xff, 0x0f,
  0x38, 0x04, 0x01, 0x43, 0x2f, 0x04, 0xff, 0x0f, 0x38, 0x02, 0x01, 0x43,
  0x2d, 0x07, 0x2d, 0x0f, 0x29, 0x43, 0x35, 0x46, 0x08, 0x35, 0x01, 0xae,
  0x08, 0x98, 0x09, 0x9f, 0x00, 0x90, 0x38, 0x46, 0x23, 0xc6, 0x04, 0x99,
  0x05, 0x98, 0xff, 0xf7, 0xbf, 0xff, 0x20, 0x81, 0x0b, 0xb0, 0xf0, 0xbd,
  0x9c, 0x7d, 0x04, 0x21, 0xf0, 0xc8, 0x03, 0x21, 0x80, 0x48, 0x00, 0x21,
  0x34, 0xb5, 0xff, 0x23, 0x99, 0x33, 0x05, 0x4a, 0x59, 0x43, 0x8c, 0x18,
  0x21, 0x68, 0x00, 0xf0, 0x07, 0xf8, 0xff, 0x25, 0x96, 0x35, 0x60, 0x55,
  0x34, 0xbd, 0x00, 0xbf, 0xe0, 0x9d, 0x03, 0x21, 0x03, 0x48, 0x8a, 0x07,
  0x00, 0xd0, 0x00, 0x21, 0x01, 0x60, 0x4e, 0x20, 0x70, 0x47, 0x00, 0xbf,
  0x80, 0x4e, 0x00, 0x00, 0x04, 0xb5, 0x02, 0x49, 0x01, 0xf0, 0x1a, 0xfc,
  0x04, 0xbd, 0x00, 0xbf, 0x84, 0x4e, 0x00, 0x00, 0x04, 0xb5, 0x02, 0x49,
  0x01, 0xf0, 0x12, 0xfc, 0x04, 0xbd, 0x00, 0xbf, 0x90, 0x4e, 0x00, 0x00,
  0x04, 0xb5, 0x02, 0x49, 0x01, 0xf0, 0xcc, 0xfb, 0x04, 0xbd, 0x00, 0xbf,
  0x84, 0x4e, 0x00, 0x00, 0x04, 0xb5, 0x02, 0x49, 0x01, 0xf0, 0xc4, 0xfb,
  0x04, 0xbd, 0x00, 0xbf, 0x90, 0x4e, 0x00, 0x00, 0x30, 0xb5, 0x83, 0xb0,
  0xff, 0x24, 0x01, 0x34, 0x12, 0x4b, 0x13, 0x48, 0x02, 0x21, 0x22, 0x46,
  0x01, 0xf0, 0x6e, 0xfb, 0x00, 0x25, 0x03, 0x20, 0x00, 0x02, 0x01, 0xa9,
  0x28, 0x18, 0x48, 0x80, 0x88, 0x1c, 0xff, 0xf7, 0xdd, 0xff, 0x01, 0x35,
  0xa5, 0x42, 0xf4, 0xd3, 0x0b, 0x4b, 0x22, 0x46, 0x0b, 0x48, 0x02, 0x21,
  0x01, 0xf0, 0x5c, 0xfb, 0x00, 0x25, 0x0a, 0x48, 0x01, 0xa9, 0x28, 0x18,
  0x48, 0x80, 0x88, 0x1c, 0xff, 0xf7, 0xd4, 0xff, 0x01, 0x35, 0xa5, 0x42,
  0xf5, 0xd3, 0x03, 0xb0, 0x30, 0xbd, 0x00, 0xbf, 0x84, 0x4e, 0x00, 0x00,
  0x9c, 0x4e, 0x00, 0x00, 0x90, 0x4e, 0x00, 0x00, 0x9c, 0x50, 0x00, 0x00,
  0xc4, 0x07, 0x00, 0x00, 0xf0, 0xb5, 0x83, 0xb0, 0x3e, 0x4e, 0x00, 0x01,
  0x34, 0x18, 0x68, 0x46, 0x02, 0x30, 0xa5, 0x88, 0xff, 0xf7, 0xa2, 0xff,
  0x4e, 0x28, 0x04, 0xd0, 0x53, 0x21, 0x6b, 0x20, 0x01, 0xf0, 0x70, 0xf8,
  0x6c, 0xe0, 0x38, 0x49, 0x68, 0x46, 0x01, 0xf0, 0xb5, 0xfb, 0x4e, 0x28,
  0x08, 0xd0, 0x55, 0x21, 0x6b, 0x20, 0x01, 0xf0, 0x65, 0xf8, 0x68, 0x46,
  0x02, 0x30, 0xff, 0xf7, 0x9d, 0xff, 0x5d, 0xe0, 0x68, 0x46, 0x40, 0x88,
  0x01, 0x01, 0x8b, 0x19, 0x21, 0x46, 0x1a, 0x46, 0x26, 0x46, 0x10, 0x36,
  0x0f, 0x68, 0x17, 0x60, 0x04, 0x31, 0x04, 0x32, 0x8e, 0x42, 0xf9, 0xd1,
  0x00, 0x21, 0x19, 0x73, 0x02, 0x21, 0xd9, 0x72, 0x6f, 0x46, 0x3f, 0x88,
  0x27, 0x4a, 0x4c, 0x21, 0x79, 0x43, 0x89, 0x18, 0x4c, 0x26, 0x75, 0x43,
  0xaa, 0x18, 0x0d, 0x46, 0x16, 0x46, 0x4c, 0x36, 0x01, 0xb4, 0x10, 0x68,
  0x28, 0x60, 0x04, 0x32, 0x04, 0x35, 0x96, 0x42, 0x01, 0xbc, 0xf7, 0xd1,
  0x9f, 0x80, 0xe2, 0x88, 0x28, 0x23, 0x5a, 0x43, 0x1d, 0x4b, 0x9a, 0x18,
  0x13, 0x68, 0x04, 0x25, 0x2b, 0x40, 0x05, 0xd0, 0x4b, 0x68, 0x6c, 0x03,
  0x23, 0x43, 0xac, 0x03, 0x23, 0x43, 0x0b, 0xe0, 0x13, 0x68, 0x02, 0x24,
  0x23, 0x40, 0x0b, 0xd0, 0x4b, 0x68, 0x1b, 0x07, 0x1b, 0x0f, 0x08, 0x2b,
  0x04, 0xd8, 0x14, 0x4c, 0x4b, 0x68, 0x23, 0x40, 0x4b, 0x60, 0x01, 0xe0,
  0x5b, 0x21, 0x0d, 0xe0, 0x13, 0x68, 0x1b, 0x07, 0x05, 0xd5, 0x0b, 0x68,
  0xdb, 0x0f, 0x52, 0x68, 0xdb, 0x07, 0x1a, 0x43, 0x0a, 0x60, 0xff, 0xf7,
  0x95, 0xfe, 0x4e, 0x28, 0x0a, 0xd0, 0x52, 0x21, 0x6b, 0x20, 0x01, 0xf0,
  0x09, 0xf8, 0x68, 0x46, 0x02, 0x30, 0xff, 0xf7, 0x41, 0xff, 0x68, 0x46,
  0xff, 0xf7, 0x46, 0xff, 0x03, 0xb0, 0xf0, 0xbd, 0x9c, 0x7d, 0x04, 0x21,
  0x90, 0x4e, 0x00, 0x00, 0x80, 0x48, 0x00, 0x21, 0x90, 0x51, 0x04, 0x21,
  0xff, 0x7f, 0xfe, 0xff, 0x70, 0xb5, 0x82, 0xb0, 0x01, 0x24, 0x5b, 0xe0,
  0x72, 0xb6, 0x20, 0x4b, 0x18, 0x68, 0x01, 0x22, 0xd2, 0x02, 0xc1, 0x68,
  0x11, 0x40, 0x01, 0xd1, 0x0c, 0x46, 0x50, 0xe0, 0x01, 0xae, 0x40, 0x6a,
  0x1b, 0x4d, 0x70, 0x80, 0x80, 0xb2, 0x01, 0x01, 0x49, 0x19, 0x8a, 0x88,
  0x32, 0x80, 0xcb, 0x7a, 0x02, 0x2b, 0x0d, 0xd1, 0xb0, 0x1c, 0xff, 0xf7,
  0x15, 0xff, 0x4e, 0x28, 0x06, 0xd1, 0x30, 0x46, 0xff, 0xf7, 0x18, 0xff,
  0x4e, 0x28, 0x3a, 0xd0, 0x56, 0x21, 0x35, 0xe0, 0x54, 0x21, 0x33, 0xe0,
  0x4b, 0x7b, 0x01, 0x2b, 0x0a, 0xd0, 0x03, 0x2b, 0x1c, 0xd3, 0x0a, 0xd0,
  0x05, 0x2b, 0x11, 0xd3, 0x0d, 0xd0, 0x07, 0x2b, 0x16, 0xd1, 0xff, 0xf7,
  0x8b, 0xfe, 0x17, 0xe0, 0xff, 0xf7, 0x3e, 0xff, 0x14, 0xe0, 0xc9, 0x88,
  0xc9, 0xb2, 0x10, 0x46, 0x00, 0xf0, 0x4a, 0xfb, 0x0e, 0xe0, 0x00, 0xf0,
  0x2d, 0xf8, 0x0b, 0xe0, 0x00, 0xf0, 0x6a, 0xf8, 0x08, 0xe0, 0x00, 0xbf,
  0x4c, 0x4b, 0x00, 0x00, 0x9c, 0x7d, 0x04, 0x21, 0x5a, 0x21, 0x74, 0x20,
  0x00, 0xf0, 0xa8, 0xff, 0x70, 0x88, 0x01, 0x01, 0x49, 0x19, 0x4a, 0x7b,
  0x49, 0x7b, 0x05, 0x29, 0x09, 0xd0, 0x04, 0x2a, 0x07, 0xd0, 0xff, 0xf7,
  0xe1, 0xfd, 0x4e, 0x28, 0x03, 0xd0, 0x51, 0x21, 0x74, 0x20, 0x00, 0xf0,
  0x97, 0xff, 0x62, 0xb6, 0x05, 0x4a, 0x10, 0x68, 0x41, 0x68, 0x89, 0x07,
  0x01, 0xd4, 0x01, 0x2c, 0x9c, 0xd0, 0x01, 0x21, 0xc9, 0x02, 0x41, 0x60,
  0x02, 0xb0, 0x70, 0xbd, 0x4c, 0x4b, 0x00, 0x00, 0x70, 0xb5, 0x82, 0xb0,
  0x05, 0x46, 0x00, 0x20, 0x01, 0xa9, 0xc8, 0x70, 0x18, 0x49, 0x28, 0x01,
  0x0e, 0x18, 0xb0, 0x88, 0x17, 0x49, 0x18, 0x4a, 0x03, 0x46, 0x8a, 0x18,
  0x4c, 0x20, 0x58, 0x43, 0x84, 0x18, 0x08, 0x34, 0x14, 0x4a, 0x89, 0x18,
  0x40, 0x18, 0x01, 0xf0, 0x01, 0xf9, 0x21, 0x46, 0x08, 0x39, 0x42, 0x18,
  0x01, 0xa9, 0x03, 0x31, 0x00, 0x91, 0x08, 0x23, 0xc1, 0x1a, 0x20, 0x46,
  0x01, 0xf0, 0xd6, 0xfd, 0x04, 0x46, 0x4e, 0x2c, 0x0a, 0xd0, 0x34, 0x81,
  0x28, 0x46, 0xff, 0xf7, 0xa3, 0xfd, 0x4e, 0x28, 0x09, 0xd0, 0x51, 0x21,
  0x74, 0x20, 0x00, 0xf0, 0x59, 0xff, 0x04, 0xe0, 0x06, 0x49, 0x01, 0xaa,
  0xd0, 0x78, 0x40, 0x00, 0x45, 0x52, 0x20, 0x46, 0x02, 0xb0, 0x70, 0xbd,
  0x9c, 0x7d, 0x04, 0x21, 0x00, 0x00, 0x00, 0x21, 0x80, 0x48, 0x00, 0x00,
  0x9c, 0x52, 0x00, 0x00, 0xf0, 0xb5, 0x83, 0xb0, 0x04, 0x46, 0x00, 0x20,
  0x01, 0xaf, 0x17, 0x49, 0xf8, 0x70, 0x20, 0x01, 0x0d, 0x18, 0xa8, 0x88,
  0x4c, 0x21, 0x48, 0x43, 0x14, 0x49, 0x46, 0x18, 0x70, 0x68, 0x00, 0x07,
  0x00, 0x0f, 0x01, 0xf0, 0xc9, 0xf8, 0x31, 0x46, 0x08, 0x31, 0x0e, 0x46,
  0x08, 0x39, 0x42, 0x18, 0xf9, 0x1c, 0x00, 0x91, 0x08, 0x23, 0xc1, 0x1a,
  0x30, 0x46, 0x01, 0xf0, 0xb1, 0xfd, 0x06, 0x46, 0x4e, 0x2e, 0x0a, 0xd0,
  0x2e, 0x81, 0x20, 0x46, 0xff, 0xf7, 0x66, 0xfd, 0x4e, 0x28, 0x08, 0xd0,
  0x51, 0x21, 0x74, 0x20, 0x00, 0xf0, 0x1c, 0xff, 0x03, 0xe0, 0x05, 0x49,
  0xf8, 0x78, 0x40, 0x00, 0x44, 0x52, 0x30, 0x46, 0x03, 0xb0, 0xf0, 0xbd,
  0x9c, 0x7d, 0x04, 0x21, 0x80, 0x48, 0x00, 0x21, 0x9c, 0x52, 0x00, 0x00,
  0x04, 0xb5, 0x02, 0x46, 0x08, 0x07, 0xc0, 0x0e, 0x0a, 0x49, 0x40, 0x5a,
  0x0a, 0x4b, 0x01, 0x01, 0xc9, 0x18, 0x4f, 0x23, 0x0b, 0x81, 0x09, 0x4b,
  0x9a, 0x42, 0x01, 0xd1, 0x4e, 0x22, 0x0a, 0x81, 0xff, 0xf7, 0x40, 0xfd,
  0x4e, 0x28, 0x03, 0xd0, 0x51, 0x21, 0x71, 0x20, 0x00, 0xf0, 0xf6, 0xfe,
  0x04, 0xbd, 0x00, 0xbf, 0x9c, 0x52, 0x00, 0x00, 0x9c, 0x7d, 0x04, 0x21,
  0x33, 0xaa, 0xa5, 0x55, 0xf0, 0xb5, 0x83, 0xb0, 0x05, 0x46, 0x0c, 0x46,
  0x13, 0x46, 0xc0, 0x79, 0x00, 0x28, 0x01, 0xd0, 0x02, 0x28, 0x01, 0xd1,
  0x48, 0x20, 0x00, 0xe0, 0x50, 0x20, 0x49, 0x88, 0xaa, 0x88, 0x40, 0x18,
  0x90, 0x42, 0x50, 0xdd, 0xe8, 0x79, 0x02, 0x28, 0x01, 0xd0, 0x03, 0x28,
  0x25, 0xd1, 0x26, 0x20, 0x01, 0x90, 0x08, 0x1a, 0x80, 0xb2, 0x02, 0x02,
  0x00, 0x0a, 0x10, 0x43, 0x58, 0x84, 0xa0, 0x88, 0x18, 0x74, 0x22, 0x4f,
  0x38, 0x68, 0x00, 0x28, 0x05, 0xd1, 0x01, 0x20, 0x58, 0x74, 0xd8, 0x7b,
  0xfe, 0x22, 0x10, 0x40, 0x0f, 0xe0, 0x06, 0x0c, 0x32, 0x02, 0x36, 0x0a,
  0x16, 0x43, 0x5e, 0x83, 0x00, 0x04, 0x00, 0x0c, 0x06, 0x02, 0x00, 0x0a,
  0x30, 0x43, 0x98, 0x83, 0x00, 0x20, 0x58, 0x74, 0xd8, 0x7b, 0x01, 0x22,
  0x10, 0x43, 0xd8, 0x73, 0x0d, 0xe0, 0x1a, 0x20, 0x01, 0x90, 0x0a, 0x46,
  0x1a, 0x3a, 0x1a, 0x74, 0xf8, 0x26, 0xd8, 0x7b, 0x30, 0x40, 0x52, 0x05,
  0x52, 0x0f, 0x10, 0x43, 0xd8, 0x73, 0xa0, 0x88, 0x58, 0x74, 0x20, 0x22,
  0x18, 0x46, 0x52, 0x5d, 0x00, 0xf0, 0x48, 0xfa, 0x20, 0x78, 0x01, 0x30,
  0x20, 0x70, 0xa9, 0x79, 0xc0, 0xb2, 0x88, 0x42, 0x01, 0xd3, 0x00, 0x20,
  0x20, 0x70, 0x01, 0x99, 0xa0, 0x88, 0x61, 0x80, 0x01, 0x30, 0xa0, 0x80,
  0x80, 0xb2, 0xff, 0x28, 0x01, 0xd9, 0x00, 0x20, 0xa0, 0x80, 0x03, 0xb0,
  0xf0, 0xbd, 0x00, 0xbf, 0x20, 0x80, 0xc1, 0x43, 0xf0, 0xb5, 0x83, 0xb0,
  0x00, 0x23, 0x19, 0x46, 0x02, 0x78, 0x44, 0x78, 0x01, 0x26, 0x12, 0x06,
  0x24, 0x04, 0xa2, 0x18, 0x84, 0x78, 0x24, 0x02, 0xa2, 0x18, 0xc4, 0x78,
  0xa2, 0x18, 0x55, 0x0e, 0xd4, 0x01, 0xe4, 0x0d, 0xd7, 0x06, 0xff, 0x0e,
  0x01, 0x97, 0x17, 0x04, 0xbf, 0x0f, 0x02, 0x2d, 0x10, 0xd1, 0x01, 0x79,
  0x43, 0x79, 0x09, 0x06, 0x1b, 0x04, 0x59, 0x18, 0x83, 0x79, 0x1b, 0x02,
  0x59, 0x18, 0xc3, 0x79, 0x59, 0x18, 0xc9, 0x00, 0xc9, 0x08, 0x08, 0x30,
  0xa3, 0x00, 0xdb, 0x1b, 0x08, 0x3b, 0x11, 0xe0, 0x01, 0x2d, 0x11, 0xd1,
  0x01, 0x7b, 0x43, 0x7b, 0x09, 0x06, 0x1b, 0x04, 0x59, 0x18, 0x83, 0x7b,
  0x1b, 0x02, 0x59, 0x18, 0xc3, 0x7b, 0x59, 0x18, 0xc9, 0x00, 0xc9, 0x08,
  0x10, 0x30, 0xa3, 0x00, 0xdb, 0x1b, 0x10, 0x3b, 0x9b, 0xb2, 0x00, 0xe0,
  0x1e, 0x46, 0x01, 0x9d, 0x10, 0x2d, 0x00, 0xd3, 0x00, 0x26, 0x40, 0x2b,
  0x26, 0xd8, 0x15, 0x4d, 0xed, 0x5c, 0x01, 0x2e, 0x22, 0xd1, 0x01, 0x26,
  0xb6, 0x02, 0x16, 0x40, 0x02, 0xd0, 0x01, 0x26, 0x36, 0x04, 0x35, 0x43,
  0x96, 0x05, 0x02, 0xd5, 0x01, 0x26, 0xf6, 0x03, 0x35, 0x43, 0xd6, 0x05,
  0x02, 0xd5, 0x01, 0x26, 0x76, 0x04, 0x35, 0x43, 0xd6, 0x04, 0x02, 0xd5,
  0x01, 0x26, 0xf6, 0x07, 0x31, 0x43, 0x12, 0x05, 0x03, 0xd5, 0x01, 0x22,
  0x92, 0x07, 0x11, 0x43, 0x00, 0xe0, 0x89, 0x04, 0x00, 0x90, 0xdb, 0xb2,
  0x2a, 0x46, 0x01, 0x98, 0x00, 0xf0, 0x20, 0xfa, 0xa0, 0x00, 0x03, 0xb0,
  0xf0, 0xbd, 0x00, 0xbf, 0x70, 0x4a, 0x00, 0x00, 0x70, 0xb5, 0x00, 0x21,
  0x83, 0x79, 0x11, 0x4a, 0x04, 0x46, 0x08, 0x34, 0x64, 0x5c, 0x54, 0x54,
  0x01, 0x31, 0x06, 0x29, 0xf7, 0xd3, 0x00, 0x21, 0x04, 0x46, 0x0e, 0x34,
  0x55, 0x18, 0x06, 0x35, 0x64, 0x5c, 0x2c, 0x70, 0x01, 0x31, 0x06, 0x29,
  0xf6, 0xd3, 0x00, 0x21, 0x0b, 0xe0, 0x84, 0x88, 0x05, 0x68, 0x4c, 0x43,
  0x2d, 0x19, 0x00, 0x24, 0x16, 0x5d, 0x2e, 0x55, 0x01, 0x34, 0x1a, 0x2c,
  0xfa, 0xd3, 0x01, 0x31, 0xc9, 0xb2, 0x99, 0x42, 0xf1, 0xd3, 0x70, 0xbd,
  0xfc, 0x4d, 0x00, 0x00, 0x70, 0xb5, 0x00, 0x21, 0x83, 0x79, 0x11, 0x4a,
  0x04, 0x46, 0x08, 0x34, 0x64, 0x5c, 0x54, 0x54, 0x01, 0x31, 0x06, 0x29,
  0xf7, 0xd3, 0x00, 0x21, 0x04, 0x46, 0x0e, 0x34, 0x55, 0x18, 0x06, 0x35,
  0x64, 0x5c, 0x2c, 0x70, 0x01, 0x31, 0x06, 0x29, 0xf6, 0xd3, 0x00, 0x21,
  0x0b, 0xe0, 0x84, 0x88, 0x05, 0x68, 0x4c, 0x43, 0x2d, 0x19, 0x00, 0x24,
  0x16, 0x5d, 0x2e, 0x55, 0x01, 0x34, 0x26, 0x2c, 0xfa, 0xd3, 0x01, 0x31,
  0xc9, 0xb2, 0x99, 0x42, 0xf1, 0xd3, 0x70, 0xbd, 0x16, 0x4e, 0x00, 0x00,
  0x34, 0xb5, 0x0d, 0x46, 0xc1, 0x79, 0x0c, 0x4c, 0x02, 0x29, 0x01, 0xd0,
  0x03, 0x29, 0x06, 0xd1, 0xff, 0xf7, 0xce, 0xff, 0x06, 0x20, 0x68, 0x43,
  0x00, 0x19, 0x26, 0x21, 0x05, 0xe0, 0xff, 0xf7, 0x9f, 0xff, 0x06, 0x20,
  0x68, 0x43, 0x00, 0x19, 0x1a, 0x21, 0x41, 0x80, 0x00, 0x21, 0x01, 0x70,
  0x81, 0x80, 0x4e, 0x20, 0x34, 0xbd, 0x00, 0xbf, 0xbc, 0x52, 0x00, 0x00,
  0xf0, 0xb5, 0x89, 0xb0, 0x4c, 0x22, 0x71, 0x4b, 0x42, 0x43, 0xd6, 0x18,
  0x70, 0x4a, 0x80, 0x00, 0x80, 0x18, 0xc0, 0x78, 0x05, 0x90, 0x6f, 0x4a,
  0x28, 0x20, 0x48, 0x43, 0x12, 0x18, 0x06, 0x20, 0x48, 0x43, 0x6d, 0x49,
  0x00, 0x92, 0x09, 0x18, 0x03, 0x91, 0x08, 0x78, 0x91, 0x88, 0x48, 0x43,
  0x80, 0xb2, 0x11, 0x68, 0x47, 0x18, 0x00, 0x20, 0x06, 0x90, 0x07, 0x90,
  0xd2, 0x79, 0x00, 0x2a, 0x01, 0xd0, 0x02, 0x2a, 0x03, 0xd1, 0x01, 0x24,
  0xa4, 0x06, 0x08, 0x25, 0x02, 0xe0, 0x01, 0x24, 0x64, 0x06, 0x10, 0x25,
  0x30, 0x46, 0x00, 0xf0, 0x09, 0xff, 0x01, 0x46, 0xc2, 0x1c, 0xfc, 0x23,
  0x1a, 0x40, 0x03, 0x9b, 0x02, 0x90, 0x10, 0x1a, 0xc0, 0xb2, 0x01, 0x90,
  0x42, 0x19, 0x00, 0x98, 0x5b, 0x88, 0x9a, 0x18, 0x83, 0x88, 0x92, 0xb2,
  0x93, 0x42, 0x00, 0xd2, 0x9b, 0xe0, 0x83, 0x88, 0x9a, 0x1a, 0x92, 0xb2,
  0x91, 0x42, 0x08, 0xd9, 0xfc, 0x23, 0x13, 0x40, 0x02, 0x93, 0x00, 0x20,
  0x01, 0x90, 0x1c, 0x21, 0x6e, 0x20, 0x00, 0xf0, 0x59, 0xfd, 0x02, 0x98,
  0xc2, 0x1c, 0x92, 0x08, 0x90, 0x1c, 0x00, 0x9a, 0xd2, 0x79, 0x04, 0x90,
  0x00, 0x2a, 0x04, 0xd0, 0x02, 0x2a, 0x02, 0xd0, 0x04, 0x98, 0x02, 0x30,
  0x04, 0x90, 0x04, 0x98, 0x02, 0x04, 0x01, 0x98, 0x14, 0x43, 0x82, 0x03,
  0x14, 0x43, 0x32, 0x68, 0x00, 0x2a, 0x02, 0xd5, 0x01, 0x22, 0x12, 0x03,
  0x14, 0x43, 0x32, 0x68, 0x52, 0x00, 0x02, 0xd5, 0x01, 0x22, 0xd2, 0x02,
  0x14, 0x43, 0x72, 0x68, 0xd2, 0x03, 0x02, 0xd5, 0x01, 0x22, 0x92, 0x02,
  0x14, 0x43, 0x72, 0x68, 0x12, 0x04, 0x02, 0xd5, 0x01, 0x22, 0x52, 0x02,
  0x14, 0x43, 0x72, 0x68, 0x92, 0x03, 0x02, 0xd5, 0xff, 0x22, 0x01, 0x32,
  0x14, 0x43, 0x05, 0x98, 0x04, 0x43, 0x03, 0x9d, 0x00, 0x9a, 0x6d, 0x88,
  0xd2, 0x79, 0x00, 0x2a, 0x0e, 0xd0, 0x02, 0x2a, 0x0c, 0xd0, 0xb2, 0x6c,
  0x00, 0x2a, 0x02, 0xd1, 0x30, 0x4a, 0x14, 0x40, 0x06, 0xe0, 0x00, 0x20,
  0xb2, 0x6c, 0x06, 0x92, 0x01, 0x22, 0x52, 0x03, 0x07, 0x90, 0x14, 0x43,
  0x2a, 0x46, 0x20, 0xba, 0xb8, 0x52, 0xea, 0x19, 0x03, 0x0c, 0x53, 0x80,
  0x00, 0x9a, 0x04, 0x35, 0xd2, 0x79, 0xad, 0xb2, 0x00, 0x2a, 0x10, 0xd0,
  0x02, 0x2a, 0x0e, 0xd0, 0x07, 0x98, 0x2a, 0x46, 0x03, 0xba, 0xbb, 0x52,
  0xea, 0x19, 0x1b, 0x0c, 0x53, 0x80, 0x06, 0x9a, 0x13, 0xba, 0xea, 0x19,
  0x93, 0x80, 0x1b, 0x0c, 0xd3, 0x80, 0x08, 0x35, 0xad, 0xb2, 0x32, 0x68,
  0x52, 0x00, 0x03, 0xd5, 0x34, 0x68, 0xe4, 0x00, 0xe4, 0x08, 0x03, 0xe0,
  0x1a, 0x4b, 0x32, 0x68, 0x1a, 0x40, 0x94, 0x0c, 0x2a, 0x46, 0x20, 0xba,
  0xb8, 0x52, 0xea, 0x19, 0x03, 0x0c, 0x53, 0x80, 0x04, 0x35, 0xad, 0xb2,
  0x31, 0x46, 0x08, 0x31, 0xe8, 0x19, 0x02, 0x9a, 0x03, 0xf0, 0x34, 0xfb,
  0x01, 0x99, 0x00, 0x29, 0x04, 0xd0, 0x02, 0x9a, 0xe8, 0x19, 0x10, 0x18,
  0x03, 0xf0, 0xe2, 0xfb, 0x04, 0x9a, 0x90, 0x00, 0x03, 0x9a, 0x51, 0x88,
  0x09, 0x18, 0x51, 0x80, 0x03, 0xe0, 0x1c, 0x21, 0x6e, 0x20, 0x00, 0xf0,
  0xc7, 0xfc, 0x3a, 0x46, 0x03, 0x99, 0x00, 0x98, 0xff, 0xf7, 0xd4, 0xfd,
  0x09, 0xb0, 0xf0, 0xbd, 0x80, 0x48, 0x00, 0x21, 0xf0, 0xc8, 0x03, 0x21,
  0x90, 0x51, 0x04, 0x21, 0xbc, 0x52, 0x00, 0x00, 0xff, 0xdf, 0xff, 0xff,
  0x00, 0x00, 0xfc, 0x1f, 0x70, 0xb5, 0x05, 0x46, 0x0c, 0x30, 0x82, 0x78,
  0x82, 0x2a, 0x15, 0xd1, 0xc2, 0x78, 0x00, 0x79, 0x12, 0x02, 0x80, 0x18,
  0x46, 0x05, 0x76, 0x0d, 0x08, 0x46, 0x1a, 0x38, 0x86, 0x42, 0x20, 0xd8,
  0x1a, 0x24, 0x04, 0xe0, 0x60, 0x19, 0xff, 0xf7, 0x19, 0xfe, 0x24, 0x18,
  0xa4, 0xb2, 0x30, 0x46, 0x1a, 0x30, 0x84, 0x42, 0xf6, 0xd3, 0x14, 0xe0,
  0x05, 0x2a, 0x12, 0xd1, 0x82, 0x7d, 0xc0, 0x7d, 0x12, 0x02, 0x86, 0x18,
  0x08, 0x46, 0x26, 0x38, 0x86, 0x42, 0x0a, 0xd8, 0x26, 0x24, 0x04, 0xe0,
  0x60, 0x19, 0xff, 0xf7, 0x03, 0xfe, 0x24, 0x18, 0xa4, 0xb2, 0x30, 0x46,
  0x26, 0x30, 0x84, 0x42, 0xf6, 0xd3, 0x70, 0xbd, 0x04, 0xb5, 0x4e, 0x22,
  0x24, 0x21, 0x09, 0x5c, 0x01, 0x29, 0x0b, 0xd1, 0x28, 0x21, 0x09, 0x5c,
  0xc3, 0x79, 0x04, 0x2b, 0x03, 0xd0, 0x05, 0xd2, 0xff, 0xf7, 0xb0, 0xfe,
  0x01, 0xe0, 0x00, 0xf0, 0x53, 0xf9, 0x02, 0x46, 0x10, 0x46, 0x04, 0xbd,
  0x04, 0xb5, 0x09, 0x4b, 0x1a, 0x78, 0x01, 0x2a, 0x0c, 0xd1, 0x28, 0x22,
  0x07, 0x4b, 0x4a, 0x43, 0x9a, 0x18, 0xd2, 0x79, 0x04, 0x2a, 0x03, 0xd0,
  0x04, 0xd2, 0xff, 0xf7, 0xb9, 0xfe, 0x01, 0xe0, 0x00, 0xf0, 0x96, 0xf9,
  0x04, 0xbd, 0x00, 0xbf, 0x3c, 0x4e, 0x00, 0x00, 0x90, 0x51, 0x04, 0x21,
  0x70, 0xb5, 0x04, 0x46, 0x0d, 0x46, 0x16, 0x46, 0xd0, 0x07, 0x03, 0xd0,
  0x20, 0x46, 0x00, 0x22, 0x01, 0xf0, 0xca, 0xf8, 0xb1, 0x07, 0x04, 0xd5,
  0x29, 0x46, 0x20, 0x46, 0x01, 0x22, 0x01, 0xf0, 0xc3, 0xf8, 0x71, 0x07,
  0x04, 0xd5, 0x29, 0x46, 0x20, 0x46, 0x02, 0x22, 0x01, 0xf0, 0xbc, 0xf8,
  0x30, 0x07, 0x04, 0xd5, 0x29, 0x46, 0x20, 0x46, 0x06, 0x22, 0x01, 0xf0,
  0xb5, 0xf8, 0xf0, 0x06, 0x04, 0xd5, 0x29, 0x46, 0x20, 0x46, 0x07, 0x22,
  0x01, 0xf0, 0xae, 0xf8, 0xb0, 0x06, 0x04, 0xd5, 0x08, 0x22, 0x29, 0x46,
  0x20, 0x46, 0x01, 0xf0, 0xa7, 0xf8, 0x70, 0x06, 0x04, 0xd5, 0x09, 0x22,
  0x29, 0x46, 0x20, 0x46, 0x01, 0xf0, 0xa0, 0xf8, 0x30, 0x06, 0x04, 0xd5,
  0x29, 0x46, 0x20, 0x46, 0x04, 0x22, 0x01, 0xf0, 0x99, 0xf8, 0x70, 0xbd,
  0x04, 0xb5, 0x0e, 0x4b, 0x1a, 0x78, 0x01, 0x2a, 0x16, 0xd1, 0x1a, 0x29,
  0x14, 0xd3, 0x02, 0x7b, 0x22, 0x2a, 0x05, 0xd1, 0x43, 0x7b, 0xf0, 0x2b,
  0x02, 0xd1, 0xff, 0xf7, 0x57, 0xff, 0x0b, 0xe0, 0x2a, 0x29, 0x09, 0xd9,
  0x08, 0x2a, 0x07, 0xd1, 0x41, 0x7b, 0x00, 0x29, 0x04, 0xd1, 0xc1, 0x7d,
  0x11, 0x29, 0x01, 0xd1, 0x00, 0xf0, 0xc8, 0xf9, 0x04, 0xbd, 0x00, 0xbf,
  0x3c, 0x4e, 0x00, 0x00, 0xf0, 0xb5, 0x83, 0xb0, 0x04, 0x46, 0x0f, 0x46,
  0x15, 0x46, 0x1e, 0x46, 0x01, 0xa8, 0x02, 0x30, 0xff, 0xf7, 0x1c, 0xfb,
  0x4e, 0x28, 0x04, 0xd0, 0x53, 0x21, 0x6e, 0x20, 0x00, 0xf0, 0xea, 0xfb,
  0x38, 0xe0, 0x01, 0xa8, 0xff, 0xf7, 0x1a, 0xfb, 0x4e, 0x28, 0x08, 0xd0,
  0x53, 0x21, 0x6e, 0x20, 0x00, 0xf0, 0xe0, 0xfb, 0x01, 0xa8, 0x02, 0x30,
  0xff, 0xf7, 0x18, 0xfb, 0x2a, 0xe0, 0x01, 0xab, 0x58, 0x88, 0x15, 0x49,
  0x00, 0x01, 0x40, 0x18, 0x02, 0x21, 0x41, 0x73, 0x00, 0x21, 0x01, 0x73,
  0x02, 0x21, 0xc1, 0x72, 0xc4, 0x80, 0x19, 0x88, 0x81, 0x80, 0x4c, 0x20,
  0x48, 0x43, 0x0f, 0x49, 0x40, 0x18, 0x08, 0x99, 0x07, 0x60, 0x45, 0x60,
  0x32, 0x46, 0x08, 0x30, 0x03, 0xf0, 0x1c, 0xfa, 0x01, 0xab, 0x58, 0x88,
  0xff, 0xf7, 0x44, 0xfa, 0x4e, 0x28, 0x0b, 0xd0, 0x22, 0x46, 0x52, 0x21,
  0x6e, 0x20, 0x00, 0xf0, 0xdb, 0xfb, 0x01, 0xa8, 0x02, 0x30, 0xff, 0xf7,
  0xef, 0xfa, 0x01, 0xa8, 0xff, 0xf7, 0xf4, 0xfa, 0x03, 0xb0, 0xf0, 0xbd,
  0x9c, 0x7d, 0x04, 0x21, 0x80, 0x48, 0x00, 0x21, 0x34, 0xb5, 0x05, 0x46,
  0x05, 0x4c, 0x00, 0x28, 0x04, 0xd1, 0x20, 0x78, 0x01, 0x28, 0x01, 0xd1,
  0x00, 0xf0, 0x06, 0xf8, 0x25, 0x70, 0x4e, 0x20, 0x34, 0xbd, 0x00, 0xbf,
  0x3c, 0x4e, 0x00, 0x00, 0x00, 0x20, 0x28, 0x21, 0x11, 0x4a, 0x41, 0x43,
  0x8a, 0x18, 0x24, 0x21, 0x89, 0x5c, 0x01, 0x29, 0x15, 0xd1, 0xd2, 0x79,
  0x0e, 0x49, 0x01, 0x2a, 0x07, 0xd9, 0x04, 0x2a, 0x0a, 0xd3, 0x0e, 0xd1,
  0x06, 0x22, 0x42, 0x43, 0x51, 0x18, 0x2a, 0x22, 0x08, 0xe0, 0x06, 0x22,
  0x42, 0x43, 0x51, 0x18, 0x1a, 0x22, 0x03, 0xe0, 0x06, 0x22, 0x42, 0x43,
  0x51, 0x18, 0x26, 0x22, 0x4a, 0x80, 0x01, 0x30, 0xff, 0x21, 0x01, 0x31,
  0x88, 0x42, 0xdc, 0xd3, 0x70, 0x47, 0x00, 0xbf, 0x90, 0x51, 0x04, 0x21,
  0xbc, 0x52, 0x00, 0x00, 0x04, 0xb5, 0xff, 0x21, 0x99, 0x31, 0x48, 0x43,
  0x02, 0x49, 0x40, 0x18, 0x00, 0xf0, 0x42, 0xff, 0x04, 0xbd, 0x00, 0xbf,
  0xe0, 0x9d, 0x03, 0x21, 0x34, 0xb5, 0x05, 0x46, 0x1d, 0x4b, 0x5a, 0x8f,
  0x00, 0x21, 0x01, 0x20, 0xa8, 0x40, 0x10, 0x40, 0x00, 0xd0, 0x01, 0x21,
  0xff, 0x20, 0x99, 0x30, 0x19, 0x4a, 0x48, 0x43, 0x84, 0x18, 0xff, 0x23,
  0x95, 0x33, 0xe0, 0x5c, 0x0f, 0x28, 0x1e, 0xd3, 0x0c, 0xd0, 0x11, 0x28,
  0x12, 0xd3, 0x0d, 0xd0, 0x13, 0x28, 0x12, 0xd0, 0x17, 0x28, 0x16, 0xd1,
  0x20, 0x78, 0xff, 0xf7, 0x9b, 0xff, 0x11, 0x49, 0x60, 0x54, 0x15, 0xe0,
  0x08, 0x46, 0xff, 0xf7, 0xcf, 0xff, 0x09, 0xe0, 0x20, 0x46, 0xff, 0xf7,
  0xb9, 0xfe, 0xf4, 0xe7, 0x01, 0xf0, 0x6c, 0xf9, 0xf1, 0xe7, 0x28, 0x46,
  0xff, 0xf7, 0x46, 0xfa, 0x08, 0x4a, 0xa0, 0x54, 0x04, 0xe0, 0x2a, 0x46,
  0x1e, 0x21, 0x68, 0x20, 0x00, 0xf0, 0x50, 0xfb, 0x05, 0x49, 0x01, 0x20,
  0xa8, 0x40, 0x08, 0x60, 0x34, 0xbd, 0x00, 0xbf, 0x9c, 0xbd, 0x04, 0x21,
  0xe0, 0x9d, 0x03, 0x21, 0x95, 0x01, 0x00, 0x00, 0x4c, 0x60, 0xc2, 0x43,
  0xf0, 0xb5, 0x00, 0x23, 0x28, 0x4a, 0x04, 0x46, 0x08, 0x34, 0xe4, 0x5c,
  0xd4, 0x54, 0x01, 0x33, 0x06, 0x2b, 0xf7, 0xd3, 0x00, 0x23, 0x04, 0x46,
  0x0e, 0x34, 0xd5, 0x18, 0x06, 0x35, 0xe4, 0x5c, 0x01, 0x33, 0x06, 0x2b,
  0x2c, 0x70, 0xf6, 0xd3, 0x00, 0x23, 0x05, 0x46, 0x14, 0x35, 0xd4, 0x18,
  0x1e, 0x34, 0xed, 0x5c, 0x01, 0x33, 0x04, 0x2b, 0x25, 0x70, 0xf6, 0xd3,
  0x00, 0x23, 0x05, 0x46, 0x18, 0x35, 0xd4, 0x18, 0x1a, 0x34, 0xed, 0x5c,
  0x01, 0x33, 0x04, 0x2b, 0x25, 0x70, 0xf6, 0xd3, 0x04, 0x23, 0x85, 0x8b,
  0x2e, 0x02, 0x2d, 0x0a, 0x35, 0x43, 0x95, 0x84, 0x01, 0x3b, 0xf8, 0xd1,
  0x04, 0x23, 0xc5, 0x8b, 0x2e, 0x02, 0x2d, 0x0a, 0x35, 0x43, 0x55, 0x84,
  0x01, 0x3b, 0xf8, 0xd1, 0x84, 0x79, 0x0b, 0xe0, 0x85, 0x88, 0x06, 0x68,
  0x5d, 0x43, 0x76, 0x19, 0x00, 0x25, 0x57, 0x5d, 0x77, 0x55, 0x01, 0x35,
  0x2a, 0x2d, 0xfa, 0xd3, 0x01, 0x33, 0xdb, 0xb2, 0xa3, 0x42, 0xf1, 0xd3,
  0x06, 0x20, 0x48, 0x43, 0x05, 0x49, 0x08, 0x18, 0x00, 0x22, 0x02, 0x70,
  0x2a, 0x21, 0x41, 0x80, 0x82, 0x80, 0x4e, 0x20, 0xf0, 0xbd, 0x00, 0xbf,
  0x3e, 0x4e, 0x00, 0x00, 0xbc, 0x52, 0x00, 0x00, 0xf0, 0xb5, 0x83, 0xb0,
  0x28, 0x22, 0x41, 0x4b, 0x4a, 0x43, 0x9f, 0x18, 0x4c, 0x22, 0x40, 0x4b,
  0x42, 0x43, 0x9a, 0x18, 0x00, 0x92, 0x15, 0x46, 0x13, 0x46, 0x06, 0x22,
  0x51, 0x43, 0x3d, 0x4a, 0x56, 0x18, 0xba, 0x88, 0x31, 0x78, 0x51, 0x43,
  0x3a, 0x68, 0x51, 0x18, 0x01, 0x91, 0x0c, 0x46, 0x1a, 0x68, 0x2a, 0x34,
  0x01, 0x23, 0x9b, 0x07, 0x1a, 0x40, 0x04, 0xd0, 0x00, 0x9a, 0x12, 0x68,
  0xd2, 0x00, 0xd2, 0x08, 0x03, 0xe0, 0x34, 0x4b, 0x2a, 0x68, 0x1a, 0x40,
  0x92, 0x0c, 0x13, 0x0e, 0x23, 0x70, 0x13, 0x0c, 0x63, 0x70, 0x13, 0x0a,
  0xa3, 0x70, 0xe2, 0x70, 0x00, 0x21, 0x2f, 0x4a, 0x21, 0x71, 0x80, 0x00,
  0x80, 0x18, 0xc0, 0x78, 0x60, 0x71, 0xa1, 0x71, 0x00, 0x99, 0x48, 0x68,
  0x00, 0x07, 0x00, 0x0f, 0xe0, 0x71, 0x08, 0x46, 0x00, 0xf0, 0x18, 0xfc,
  0x05, 0x46, 0xb8, 0x88, 0x32, 0x28, 0x28, 0xd9, 0xbb, 0x88, 0x32, 0x22,
  0x98, 0x1a, 0x80, 0xb2, 0x85, 0x42, 0x06, 0xd9, 0xb8, 0x88, 0x85, 0x1a,
  0xed, 0xb2, 0x1c, 0x21, 0x6e, 0x20, 0x00, 0xf0, 0x77, 0xfa, 0x00, 0x99,
  0x2a, 0x46, 0x20, 0x46, 0x08, 0x31, 0x08, 0x30, 0x03, 0xf0, 0xca, 0xf8,
  0x2a, 0x46, 0x10, 0x32, 0x10, 0x04, 0x00, 0x0e, 0x13, 0x02, 0x18, 0x43,
  0x01, 0x99, 0xc8, 0x84, 0x2b, 0x46, 0x24, 0x33, 0x18, 0x04, 0x00, 0x0e,
  0x1b, 0x02, 0x18, 0x43, 0x08, 0x82, 0xb3, 0x88, 0x18, 0x0a, 0x1b, 0x02,
  0x18, 0x43, 0x48, 0x82, 0x03, 0xe0, 0x1c, 0x21, 0x6e, 0x20, 0x00, 0xf0,
  0x57, 0xfa, 0x20, 0x22, 0x29, 0x46, 0x32, 0x31, 0x01, 0x98, 0xd2, 0x5d,
  0xff, 0xf7, 0xfa, 0xfd, 0x30, 0x78, 0x01, 0x30, 0xb9, 0x79, 0x30, 0x70,
  0xc0, 0xb2, 0x88, 0x42, 0x01, 0xd3, 0x00, 0x20, 0x30, 0x70, 0x2a, 0x20,
  0x70, 0x80, 0xb0, 0x88, 0x01, 0x30, 0xb0, 0x80, 0x03, 0xb0, 0xf0, 0xbd,
  0x90, 0x51, 0x04, 0x21, 0x80, 0x48, 0x00, 0x21, 0xbc, 0x52, 0x00, 0x00,
  0x00, 0x00, 0xfc, 0x1f, 0xf0, 0xc8, 0x03, 0x21, 0xf0, 0xb5, 0x83, 0xb0,
  0x04, 0x46, 0xc0, 0x8c, 0x2a, 0x34, 0x01, 0x0a, 0x00, 0x02, 0x08, 0x43,
  0x08, 0x21, 0x45, 0x1a, 0xad, 0xb2, 0x08, 0x2d, 0x29, 0xd3, 0x48, 0x2d,
  0x27, 0xd8, 0x20, 0x78, 0x61, 0x78, 0x00, 0x06, 0x09, 0x04, 0x08, 0x43,
  0x63, 0x79, 0xa1, 0x78, 0x09, 0x02, 0x08, 0x43, 0xe1, 0x78, 0x01, 0x43,
  0x01, 0x93, 0xe0, 0x79, 0x01, 0x22, 0x92, 0x07, 0x0f, 0x46, 0x17, 0x43,
  0x06, 0x46, 0x08, 0x28, 0x04, 0xd9, 0x91, 0x13, 0x01, 0x43, 0xd2, 0x13,
  0x0e, 0x46, 0x16, 0x43, 0x00, 0xf0, 0xa0, 0xfb, 0x03, 0x46, 0x28, 0x46,
  0x08, 0x38, 0x83, 0x42, 0x00, 0xd9, 0xc3, 0xb2, 0x08, 0x34, 0x00, 0x94,
  0x32, 0x46, 0x39, 0x46, 0x01, 0x98, 0xff, 0xf7, 0x05, 0xfe, 0x03, 0xb0,
  0xf0, 0xbd, 0x00, 0x00, 0xf0, 0xb5, 0x84, 0xb0, 0x03, 0x90, 0x02, 0x91,
  0x01, 0x92, 0x36, 0x49, 0xc8, 0x5c, 0x00, 0x90, 0x35, 0x4e, 0x85, 0x06,
  0xad, 0x0e, 0xad, 0x19, 0x07, 0x26, 0x2e, 0x70, 0x2d, 0x78, 0x07, 0x2d,
  0xf6, 0xd1, 0x34, 0x24, 0x31, 0x48, 0x5c, 0x43, 0x04, 0x19, 0x14, 0x25,
  0x2d, 0x19, 0x30, 0x48, 0x6a, 0x1c, 0x9c, 0x00, 0x21, 0x58, 0x8e, 0x68,
  0xf4, 0x07, 0x49, 0xd1, 0x2d, 0x4c, 0x02, 0x20, 0x06, 0x40, 0x28, 0xd1,
  0x02, 0xb4, 0x17, 0x78, 0x18, 0x01, 0x1e, 0x18, 0xbf, 0x19, 0x0c, 0x20,
  0x47, 0x43, 0x02, 0x99, 0xe7, 0x19, 0x38, 0x79, 0x88, 0x42, 0x02, 0xbc,
  0x1b, 0xd1, 0x02, 0xb4, 0x78, 0x78, 0x03, 0x99, 0x88, 0x42, 0x02, 0xbc,
  0x15, 0xd1, 0x02, 0xb4, 0x38, 0x78, 0x04, 0x99, 0x88, 0x42, 0x02, 0xbc,
  0x0f, 0xd1, 0x20, 0x48, 0x7f, 0x88, 0x87, 0x42, 0x0b, 0xd2, 0x13, 0x78,
  0x9b, 0x19, 0x0c, 0x21, 0x4b, 0x43, 0xe3, 0x18, 0x59, 0x88, 0x81, 0x42,
  0x20, 0xd2, 0x5c, 0x88, 0x01, 0x34, 0x5c, 0x80, 0x1c, 0xe0, 0x18, 0x01,
  0x1b, 0x18, 0x28, 0x78, 0xc3, 0x18, 0x0c, 0x20, 0x43, 0x43, 0x02, 0x98,
  0x1b, 0x19, 0x58, 0x70, 0x03, 0x98, 0x18, 0x70, 0x01, 0x20, 0x58, 0x80,
  0x01, 0x98, 0x18, 0x71, 0x02, 0x20, 0x18, 0x72, 0x2b, 0x78, 0x4b, 0x61,
  0x2b, 0x78, 0x13, 0x70, 0x2b, 0x78, 0x01, 0x33, 0x2b, 0x70, 0x2b, 0x78,
  0x11, 0x2b, 0x01, 0xd1, 0x00, 0x20, 0x28, 0x70, 0x00, 0x9c, 0xa3, 0x06,
  0x04, 0x4c, 0x9b, 0x0e, 0x1b, 0x19, 0x00, 0x20, 0x18, 0x70, 0x04, 0xb0,
  0xf0, 0xbd, 0x00, 0xbf, 0x52, 0x4b, 0x00, 0x00, 0x00, 0x00, 0xc2, 0x43,
  0x9c, 0xbd, 0x04, 0x21, 0xc8, 0x4b, 0x00, 0x00, 0xa8, 0xa2, 0x03, 0x21,
  0xff, 0xff, 0x00, 0x00, 0xf0, 0xb5, 0x84, 0xb0, 0x03, 0x90, 0x02, 0x91,
  0x01, 0x92, 0x37, 0x49, 0xc8, 0x5c, 0x00, 0x90, 0x36, 0x4e, 0x85, 0x06,
  0xad, 0x0e, 0xad, 0x19, 0x07, 0x26, 0x2e, 0x70, 0x2d, 0x78, 0x07, 0x2d,
  0xf6, 0xd1, 0x34, 0x24, 0x32, 0x48, 0x5c, 0x43, 0x04, 0x19, 0x10, 0x25,
  0x2d, 0x19, 0x02, 0x35, 0x22, 0x46, 0x30, 0x48, 0x13, 0x32, 0x9c, 0x00,
  0x21, 0x58, 0x8e, 0x68, 0xf4, 0x07, 0x49, 0xd1, 0x2d, 0x4c, 0x02, 0x20,
  0x06, 0x40, 0x28, 0xd1, 0x02, 0xb4, 0x17, 0x78, 0x18, 0x01, 0x1e, 0x18,
  0xbf, 0x19, 0x0c, 0x20, 0x47, 0x43, 0x02, 0x99, 0xe7, 0x19, 0x38, 0x79,
  0x88, 0x42, 0x02, 0xbc, 0x1b, 0xd1, 0x02, 0xb4, 0x78, 0x78, 0x03, 0x99,
  0x88, 0x42, 0x02, 0xbc, 0x15, 0xd1, 0x02, 0xb4, 0x38, 0x78, 0x04, 0x99,
  0x88, 0x42, 0x02, 0xbc, 0x0f, 0xd1, 0x20, 0x48, 0x7f, 0x88, 0x87, 0x42,
  0x0b, 0xd2, 0x13, 0x78, 0x9b, 0x19, 0x0c, 0x21, 0x4b, 0x43, 0xe3, 0x18,
  0x59, 0x88, 0x81, 0x42, 0x20, 0xd2, 0x5c, 0x88, 0x01, 0x34, 0x5c, 0x80,
  0x1c, 0xe0, 0x18, 0x01, 0x1b, 0x18, 0x28, 0x78, 0xc3, 0x18, 0x0c, 0x20,
  0x43, 0x43, 0x02, 0x98, 0x1b, 0x19, 0x58, 0x70, 0x03, 0x98, 0x18, 0x70,
  0x01, 0x20, 0x58, 0x80, 0x01, 0x98, 0x18, 0x71, 0x02, 0x20, 0x18, 0x72,
  0x2b, 0x78, 0x4b, 0x61, 0x2b, 0x78, 0x13, 0x70, 0x2b, 0x78, 0x01, 0x33,
  0x2b, 0x70, 0x2b, 0x78, 0x11, 0x2b, 0x01, 0xd1, 0x00, 0x20, 0x28, 0x70,
  0x00, 0x9c, 0xa3, 0x06, 0x04, 0x4c, 0x9b, 0x0e, 0x1b, 0x19, 0x00, 0x20,
  0x18, 0x70, 0x04, 0xb0, 0xf0, 0xbd, 0x00, 0xbf, 0x50, 0x4b, 0x00, 0x00,
  0x00, 0x00, 0xc2, 0x43, 0x9c, 0xbd, 0x04, 0x21, 0xc0, 0x4b, 0x00, 0x00,
  0x10, 0xa1, 0x03, 0x21, 0xff, 0xff, 0x00, 0x00, 0x34, 0x22, 0x50, 0x43,
  0x08, 0x4a, 0x10, 0x18, 0x00, 0x22, 0x82, 0x74, 0xc2, 0x74, 0x02, 0x75,
  0x02, 0x75, 0x18, 0x30, 0x0a, 0x46, 0x18, 0x32, 0x0b, 0x68, 0x03, 0x60,
  0x04, 0x31, 0x04, 0x30, 0x8a, 0x42, 0xf9, 0xd1, 0x70, 0x47, 0x00, 0xbf,
  0x9c, 0xbd, 0x04, 0x21, 0xf0, 0xb5, 0x84, 0xb0, 0x03, 0x90, 0x02, 0x91,
  0x31, 0x4b, 0x98, 0x5c, 0x01, 0x90, 0x31, 0x4d, 0x84, 0x06, 0xa4, 0x0e,
  0x64, 0x19, 0x07, 0x25, 0x25, 0x70, 0x24, 0x78, 0x07, 0x2c, 0xf6, 0xd1,
  0x34, 0x23, 0x2d, 0x48, 0x53, 0x43, 0xc3, 0x18, 0x14, 0x24, 0xe4, 0x18,
  0x2b, 0x48, 0x66, 0x1c, 0x93, 0x00, 0x19, 0x58, 0x8d, 0x68, 0xeb, 0x07,
  0x40, 0xd1, 0x29, 0x4b, 0x02, 0x20, 0x05, 0x40, 0x22, 0xd1, 0x02, 0xb4,
  0x37, 0x78, 0x10, 0x01, 0x15, 0x18, 0x7f, 0x19, 0x0c, 0x20, 0x47, 0x43,
  0x03, 0x99, 0xdf, 0x19, 0x78, 0x78, 0x88, 0x42, 0x02, 0xbc, 0x15, 0xd1,
  0x02, 0xb4, 0x38, 0x78, 0x04, 0x99, 0x88, 0x42, 0x02, 0xbc, 0x0f, 0xd1,
  0x1e, 0x48, 0x7f, 0x88, 0x87, 0x42, 0x0b, 0xd2, 0x32, 0x78, 0x52, 0x19,
  0x0c, 0x21, 0x4a, 0x43, 0x9a, 0x18, 0x53, 0x88, 0x83, 0x42, 0x1d, 0xd2,
  0x53, 0x88, 0x01, 0x33, 0x53, 0x80, 0x19, 0xe0, 0x10, 0x01, 0x12, 0x18,
  0x20, 0x78, 0x82, 0x18, 0x0c, 0x20, 0x42, 0x43, 0x02, 0x98, 0xd2, 0x18,
  0x50, 0x70, 0x03, 0x98, 0x01, 0x23, 0x10, 0x70, 0x53, 0x80, 0x13, 0x72,
  0x22, 0x78, 0x4a, 0x61, 0x22, 0x78, 0x32, 0x70, 0x22, 0x78, 0x01, 0x32,
  0x22, 0x70, 0x22, 0x78, 0x11, 0x2a, 0x01, 0xd1, 0x00, 0x20, 0x20, 0x70,
  0x01, 0x9b, 0x9a, 0x06, 0x04, 0x4b, 0x92, 0x0e, 0xd2, 0x18, 0x00, 0x20,
  0x10, 0x70, 0x04, 0xb0, 0xf0, 0xbd, 0x00, 0xbf, 0x52, 0x4b, 0x00, 0x00,
  0x00, 0x00, 0xc2, 0x43, 0x9c, 0xbd, 0x04, 0x21, 0xc8, 0x4b, 0x00, 0x00,
  0xa8, 0xa2, 0x03, 0x21, 0xff, 0xff, 0x00, 0x00, 0xf0, 0xb5, 0x84, 0xb0,
  0x03, 0x90, 0x02, 0x91, 0x31, 0x4b, 0x98, 0x5c, 0x01, 0x90, 0x31, 0x4d,
  0x84, 0x06, 0xa4, 0x0e, 0x64, 0x19, 0x07, 0x25, 0x25, 0x70, 0x24, 0x78,
  0x07, 0x2c, 0xf6, 0xd1, 0x34, 0x23, 0x2d, 0x48, 0x53, 0x43, 0xc3, 0x18,
  0x10, 0x24, 0xe4, 0x18, 0x02, 0x34, 0x2b, 0x48, 0x66, 0x1c, 0x93, 0x00,
  0x19, 0x58, 0x8d, 0x68, 0xeb, 0x07, 0x40, 0xd1, 0x28, 0x4b, 0x02, 0x20,
  0x05, 0x40, 0x22, 0xd1, 0x02, 0xb4, 0x37, 0x78, 0x10, 0x01, 0x15, 0x18,
  0x7f, 0x19, 0x0c, 0x20, 0x47, 0x43, 0x03, 0x99, 0xdf, 0x19, 0x78, 0x78,
  0x88, 0x42, 0x02, 0xbc, 0x15, 0xd1, 0x02, 0xb4, 0x38, 0x78, 0x04, 0x99,
  0x88, 0x42, 0x02, 0xbc, 0x0f, 0xd1, 0x1e, 0x48, 0x7f, 0x88, 0x87, 0x42,
  0x0b, 0xd2, 0x32, 0x78, 0x52, 0x19, 0x0c, 0x21, 0x4a, 0x43, 0x9a, 0x18,
  0x53, 0x88, 0x83, 0x42, 0x1d, 0xd2, 0x53, 0x88, 0x01, 0x33, 0x53, 0x80,
  0x19, 0xe0, 0x10, 0x01, 0x12, 0x18, 0x20, 0x78, 0x82, 0x18, 0x0c, 0x20,
  0x42, 0x43, 0x02, 0x98, 0xd2, 0x18, 0x50, 0x70, 0x03, 0x98, 0x01, 0x23,
  0x10, 0x70, 0x53, 0x80, 0x13, 0x72, 0x22, 0x78, 0x4a, 0x61, 0x22, 0x78,
  0x32, 0x70, 0x22, 0x78, 0x01, 0x32, 0x22, 0x70, 0x22, 0x78, 0x11, 0x2a,
  0x01, 0xd1, 0x00, 0x20, 0x20, 0x70, 0x01, 0x9b, 0x9a, 0x06, 0x04, 0x4b,
  0x92, 0x0e, 0xd2, 0x18, 0x00, 0x20, 0x10, 0x70, 0x04, 0xb0, 0xf0, 0xbd,
  0x50, 0x4b, 0x00, 0x00, 0x00, 0x00, 0xc2, 0x43, 0x9c, 0xbd, 0x04, 0x21,
  0xc0, 0x4b, 0x00, 0x00, 0x10, 0xa1, 0x03, 0x21, 0xff, 0xff, 0x00, 0x00,
  0x70, 0xb5, 0x05, 0x46, 0x0e, 0x46, 0x00, 0x24, 0x34, 0x20, 0x0e, 0x49,
  0x60, 0x43, 0x40, 0x18, 0x30, 0x21, 0x09, 0x5c, 0x01, 0x29, 0x10, 0xd1,
  0xc1, 0x7e, 0x02, 0x29, 0x05, 0xd1, 0x22, 0x46, 0x31, 0x46, 0x28, 0x46,
  0xff, 0xf7, 0x78, 0xff, 0x07, 0xe0, 0xc0, 0x7e, 0x03, 0x28, 0x04, 0xd1,
  0x22, 0x46, 0x31, 0x46, 0x28, 0x46, 0xff, 0xf7, 0xfb, 0xfe, 0x01, 0x34,
  0x02, 0x2c, 0xe3, 0xd3, 0x70, 0xbd, 0x00, 0xbf, 0x9c, 0xbd, 0x04, 0x21,
  0x70, 0xb5, 0x51, 0x4c, 0x30, 0x23, 0x1b, 0x5d, 0x01, 0x2b, 0x17, 0xd1,
  0x10, 0x2a, 0x04, 0xd2, 0xe5, 0x88, 0x93, 0x40, 0x2b, 0x40, 0x11, 0xd0,
  0x0e, 0xe0, 0x10, 0x23, 0xd5, 0x1a, 0xed, 0xb2, 0x01, 0x23, 0xab, 0x40,
  0x65, 0x89, 0x1d, 0x40, 0x01, 0xd0, 0x65, 0x28, 0x04, 0xd0, 0x25, 0x89,
  0x2b, 0x40, 0x03, 0xd0, 0x66, 0x28, 0x01, 0xd1, 0x00, 0x23, 0x1c, 0xe0,
  0x25, 0x46, 0x34, 0x35, 0x30, 0x23, 0x5b, 0x5d, 0x01, 0x2b, 0x7e, 0xd1,
  0x10, 0x2a, 0x04, 0xd2, 0xed, 0x88, 0x93, 0x40, 0x2b, 0x40, 0x78, 0xd0,
  0x0e, 0xe0, 0x10, 0x23, 0xd6, 0x1a, 0xf6, 0xb2, 0x01, 0x23, 0xb3, 0x40,
  0x6e, 0x89, 0x1e, 0x40, 0x01, 0xd0, 0x65, 0x28, 0x04, 0xd0, 0x2d, 0x89,
  0x2b, 0x40, 0x6a, 0xd0, 0x66, 0x28, 0x68, 0xd1, 0x01, 0x23, 0x02, 0x29,
  0x17, 0xd3, 0x2e, 0x29, 0x0f, 0xd9, 0x32, 0x29, 0x13, 0xd3, 0x40, 0x29,
  0x0d, 0xd9, 0x4e, 0x29, 0x0f, 0xd3, 0x52, 0x29, 0x0b, 0xd9, 0x5f, 0x29,
  0x0b, 0xd3, 0x63, 0x29, 0x09, 0xd8, 0x2d, 0x4e, 0x8d, 0x19, 0x2d, 0x78,
  0x06, 0xe0, 0x2c, 0x4e, 0xfa, 0xe7, 0x2c, 0x4e, 0xf8, 0xe7, 0x2c, 0x4e,
  0xf6, 0xe7, 0x04, 0x25, 0x01, 0x2d, 0x3f, 0xd3, 0x1f, 0xd0, 0x03, 0x2d,
  0x13, 0xd3, 0x31, 0xd0, 0x05, 0x2d, 0x02, 0xd0, 0x07, 0x2d, 0x22, 0xd0,
  0x36, 0xe0, 0x34, 0x25, 0x5d, 0x43, 0x2c, 0x19, 0x1c, 0x34, 0xa5, 0x5c,
  0x02, 0x2d, 0x02, 0xd1, 0xff, 0xf7, 0xf4, 0xfd, 0x37, 0xe0, 0xa4, 0x5c,
  0x03, 0x2c, 0x34, 0xd1, 0x31, 0xe0, 0x34, 0x25, 0x5d, 0x43, 0x2c, 0x19,
  0x65, 0x7e, 0x02, 0x2d, 0xf2, 0xd0, 0x64, 0x7e, 0x03, 0x2c, 0x2a, 0xd1,
  0x27, 0xe0, 0x34, 0x25, 0x5d, 0x43, 0x2c, 0x19, 0x25, 0x7e, 0x02, 0x2d,
  0xe8, 0xd0, 0x24, 0x7e, 0x03, 0x2c, 0x20, 0xd1, 0x1d, 0xe0, 0x34, 0x25,
  0x5d, 0x43, 0x2e, 0x19, 0x2c, 0x36, 0x35, 0x78, 0x02, 0x2d, 0xdd, 0xd0,
  0x34, 0x78, 0x03, 0x2c, 0x15, 0xd1, 0x12, 0xe0, 0x34, 0x25, 0x5d, 0x43,
  0x2c, 0x19, 0xa5, 0x7e, 0x02, 0x2d, 0xd3, 0xd0, 0xa4, 0x7e, 0x03, 0x2c,
  0x0b, 0xd1, 0x08, 0xe0, 0x34, 0x25, 0x5d, 0x43, 0x2c, 0x19, 0xe5, 0x7e,
  0x02, 0x2d, 0xc9, 0xd0, 0xe4, 0x7e, 0x03, 0x2c, 0x01, 0xd1, 0xff, 0xf7,
  0x3d, 0xfd, 0x70, 0xbd, 0x9c, 0xbd, 0x04, 0x21, 0x0a, 0x4b, 0x00, 0x00,
  0x6c, 0x4b, 0x00, 0x00, 0x69, 0x4b, 0x00, 0x00, 0x16, 0x4b, 0x00, 0x00,
  0x10, 0xb5, 0x0e, 0x4a, 0x11, 0x78, 0x0e, 0x48, 0x01, 0x29, 0x0f, 0xd1,
  0x01, 0x68, 0xc9, 0x07, 0x13, 0xd1, 0x0c, 0x49, 0x8a, 0x88, 0x0b, 0x88,
  0xcc, 0x88, 0x1a, 0x40, 0x49, 0x88, 0x01, 0xd1, 0x21, 0x40, 0x0a, 0xd0,
  0x01, 0x68, 0x01, 0x22, 0x11, 0x43, 0x05, 0xe0, 0x01, 0x6a, 0xc9, 0x07,
  0x03, 0xd0, 0x01, 0x21, 0x11, 0x70, 0x20, 0x30, 0x01, 0x60, 0x10, 0xbd,
  0xbc, 0x58, 0x00, 0x00, 0x0c, 0x60, 0xc2, 0x43, 0x18, 0x00, 0xc1, 0x43,
  0x10, 0xb5, 0x17, 0x4a, 0x17, 0x49, 0x10, 0x88, 0x17, 0x4c, 0x08, 0x43,
  0x10, 0x80, 0x20, 0x46, 0x20, 0x30, 0x01, 0x22, 0x01, 0x68, 0x11, 0x43,
  0x14, 0x4a, 0x01, 0x60, 0x14, 0x49, 0x10, 0x88, 0x08, 0x43, 0x10, 0x80,
  0xc0, 0x21, 0x03, 0x20, 0x00, 0xf0, 0xa0, 0xf9, 0x00, 0x20, 0x01, 0x21,
  0x81, 0x40, 0x22, 0x46, 0x60, 0x32, 0x13, 0x68, 0x8b, 0x43, 0x13, 0x60,
  0x21, 0x60, 0x22, 0x46, 0x60, 0x32, 0x13, 0x68, 0x0b, 0x43, 0x13, 0x60,
  0x01, 0x30, 0x10, 0x28, 0xef, 0xd3, 0x09, 0x4a, 0x10, 0x68, 0x00, 0xf0,
  0x55, 0xf9, 0xc0, 0x21, 0x00, 0xf0, 0x88, 0xf9, 0x0c, 0xe0, 0x00, 0xbf,
  0x26, 0x50, 0xa1, 0x43, 0x10, 0x80, 0x00, 0x00, 0x4c, 0x60, 0xc2, 0x43,
  0x1e, 0x50, 0xa1, 0x43, 0x08, 0x80, 0x00, 0x00, 0x4c, 0x4b, 0x00, 0x00,
  0x62, 0xb6, 0x10, 0xbd, 0x34, 0xb5, 0x08, 0x48, 0x00, 0x24, 0x05, 0x68,
  0x01, 0x20, 0xa0, 0x40, 0x01, 0x46, 0x29, 0x40, 0x88, 0x42, 0x02, 0xd1,
  0x20, 0x46, 0xff, 0xf7, 0x5b, 0xfb, 0x01, 0x34, 0x10, 0x2c, 0xf3, 0xd3,
  0x34, 0xbd, 0x00, 0xbf, 0x4c, 0x60, 0xc2, 0x43, 0x04, 0xb5, 0x04, 0x4a,
  0x10, 0x68, 0x40, 0x21, 0x08, 0x40, 0x01, 0xd0, 0xfe, 0xf7, 0xba, 0xfe,
  0x04, 0xbd, 0x00, 0xbf, 0x2c, 0x40, 0xa1, 0x43, 0x04, 0xb5, 0x00, 0x20,
  0x00, 0xf0, 0x7e, 0xfe, 0x04, 0xbd, 0x00, 0x00, 0x30, 0xb5, 0x01, 0x46,
  0x17, 0x4a, 0x18, 0x4c, 0x13, 0x68, 0x4f, 0x20, 0xa3, 0x42, 0x28, 0xd1,
  0x52, 0x68, 0x13, 0x68, 0xa3, 0x42, 0x24, 0xd1, 0x0a, 0x60, 0x10, 0x46,
  0x48, 0x30, 0x48, 0x60, 0x09, 0x24, 0xff, 0x34, 0xc0, 0x30, 0x88, 0x60,
  0x10, 0x79, 0xc3, 0x00, 0x1b, 0x19, 0x9c, 0x18, 0xcc, 0x60, 0x00, 0x01,
  0x1b, 0x18, 0x98, 0x18, 0x08, 0x61, 0x50, 0x79, 0x28, 0x24, 0x60, 0x43,
  0x1b, 0x18, 0x98, 0x18, 0x48, 0x61, 0x00, 0x20, 0x95, 0x1d, 0x44, 0x00,
  0x64, 0x19, 0x24, 0x88, 0x14, 0x25, 0x6c, 0x43, 0x1b, 0x19, 0x01, 0x30,
  0x10, 0x28, 0xf5, 0xd3, 0x98, 0x18, 0x88, 0x61, 0x4e, 0x20, 0x30, 0xbd,
  0x00, 0x00, 0x00, 0x21, 0x4c, 0x4c, 0x43, 0x45, 0x40, 0x68, 0x00, 0x0e,
  0x70, 0x47, 0x00, 0x00, 0x10, 0x28, 0x02, 0xd2, 0x02, 0x49, 0x08, 0x5c,
  0x00, 0xe0, 0x00, 0x20, 0x70, 0x47, 0x00, 0xbf, 0xaa, 0x4b, 0x00, 0x00,
  0x01, 0x46, 0x00, 0x20, 0x0c, 0x4b, 0x10, 0x29, 0x06, 0xd2, 0x34, 0x33,
  0x01, 0x22, 0x8a, 0x40, 0xd9, 0x88, 0x11, 0x40, 0x0e, 0xd0, 0x0c, 0xe0,
  0x10, 0x22, 0x8a, 0x1a, 0xd2, 0xb2, 0x34, 0x33, 0x01, 0x21, 0x91, 0x40,
  0x5a, 0x89, 0x1b, 0x89, 0x0a, 0x40, 0x19, 0x40, 0x01, 0xd1, 0x00, 0x2a,
  0x00, 0xd0, 0x01, 0x20, 0x70, 0x47, 0x00, 0xbf, 0x9c, 0xbd, 0x04, 0x21,
  0xf0, 0xb5, 0x82, 0xb0, 0x01, 0x90, 0x18, 0x4e, 0x75, 0x5c, 0x18, 0x4b,
  0xaa, 0x06, 0x92, 0x0e, 0xd2, 0x18, 0x09, 0x20, 0x10, 0x70, 0x12, 0x78,
  0x09, 0x2a, 0xf6, 0xd1, 0x14, 0x4c, 0x01, 0x9a, 0x92, 0x00, 0x12, 0x59,
  0x13, 0x4f, 0x0c, 0x32, 0x14, 0x68, 0x3c, 0x40, 0x14, 0x60, 0x00, 0x22,
  0xac, 0x06, 0xa4, 0x0e, 0xe4, 0x18, 0x22, 0x70, 0x71, 0x18, 0x89, 0x78,
  0x8c, 0x06, 0xa4, 0x0e, 0xe4, 0x18, 0x20, 0x70, 0x24, 0x78, 0x09, 0x2c,
  0xf8, 0xd1, 0x0b, 0x4c, 0x01, 0x98, 0x80, 0x00, 0x04, 0x59, 0x0c, 0x34,
  0x25, 0x68, 0x3d, 0x40, 0x25, 0x60, 0x89, 0x06, 0x89, 0x0e, 0xc9, 0x18,
  0x0a, 0x70, 0x02, 0xb0, 0xf0, 0xbd, 0x00, 0xbf, 0xba, 0x4b, 0x00, 0x00,
  0x00, 0x00, 0xc2, 0x43, 0x68, 0x4c, 0x00, 0x00, 0xff, 0xf7, 0xff, 0xff,
  0xc0, 0x4c, 0x00, 0x00, 0xf0, 0xb5, 0x82, 0xb0, 0x01, 0x90, 0x19, 0x4b,
  0x82, 0x00, 0xd2, 0x58, 0x18, 0x4e, 0x93, 0x68, 0x93, 0x60, 0x75, 0x5c,
  0x17, 0x4b, 0xac, 0x06, 0xa4, 0x0e, 0xe4, 0x18, 0x09, 0x20, 0x20, 0x70,
  0x24, 0x78, 0x09, 0x2c, 0xf6, 0xd1, 0x01, 0x27, 0xff, 0x02, 0xd4, 0x68,
  0x3c, 0x43, 0xd4, 0x60, 0xaa, 0x06, 0x92, 0x0e, 0xd2, 0x18, 0x00, 0x24,
  0x14, 0x70, 0x0f, 0x4c, 0x01, 0x9a, 0x92, 0x00, 0x12, 0x59, 0x94, 0x68,
  0x94, 0x60, 0x71, 0x18, 0x89, 0x78, 0x8c, 0x06, 0xa4, 0x0e, 0xe4, 0x18,
  0x20, 0x70, 0x24, 0x78, 0x09, 0x2c, 0xf8, 0xd1, 0xd4, 0x68, 0x3c, 0x43,
  0xd4, 0x60, 0x89, 0x06, 0x89, 0x0e, 0xc9, 0x18, 0x00, 0x20, 0x08, 0x70,
  0x02, 0xb0, 0xf0, 0xbd, 0x68, 0x4c, 0x00, 0x00, 0xba, 0x4b, 0x00, 0x00,
  0x00, 0x00, 0xc2, 0x43, 0xc0, 0x4c, 0x00, 0x00, 0xf0, 0xb5, 0x83, 0xb0,
  0x05, 0x46, 0x0e, 0x46, 0x00, 0x92, 0x01, 0x93, 0x00, 0x24, 0x10, 0xe0,
  0xa0, 0x00, 0x00, 0x99, 0x01, 0x9a, 0x80, 0x59, 0x00, 0xf0, 0x12, 0xf8,
  0x01, 0x99, 0x07, 0x4f, 0x09, 0x04, 0x09, 0x0c, 0x40, 0x00, 0xc7, 0x19,
  0x38, 0x88, 0x08, 0x43, 0x38, 0x80, 0x01, 0x34, 0xe4, 0xb2, 0xac, 0x42,
  0xec, 0xd3, 0x03, 0xb0, 0xf0, 0xbd, 0x00, 0xbf, 0x00, 0x50, 0xa1, 0x43,
  0x60, 0xb5, 0x03, 0x46, 0x15, 0x1c, 0x00, 0x21, 0x08, 0x46, 0x03, 0xe0,
  0x01, 0x31, 0xc9, 0xb2, 0x14, 0x29, 0x10, 0xd2, 0x08, 0x4e, 0xca, 0x00,
  0xb2, 0x18, 0x16, 0x68, 0xb3, 0x42, 0xf5, 0xd8, 0x14, 0x29, 0x08, 0xd2,
  0x28, 0x04, 0x00, 0x0c, 0x10, 0x28, 0x03, 0xd1, 0x10, 0x79, 0x0e, 0x30,
  0xc0, 0xb2, 0x00, 0xe0, 0x10, 0x79, 0x60, 0xbd, 0x18, 0x4d, 0x00, 0x00,
  0x10, 0xb5, 0x01, 0x46, 0x00, 0x22, 0x10, 0x46, 0x03, 0xe0, 0x01, 0x32,
  0xd2, 0xb2, 0x14, 0x2a, 0x09, 0xd2, 0x05, 0x4c, 0xd3, 0x00, 0x1b, 0x59,
  0x99, 0x42, 0xf6, 0xd8, 0x14, 0x2a, 0x02, 0xd2, 0xd2, 0x00, 0xa0, 0x18,
  0x40, 0x79, 0x10, 0xbd, 0x18, 0x4d, 0x00, 0x00, 0xc1, 0x06, 0xc9, 0x0e,
  0x01, 0x22, 0x8a, 0x40, 0x03, 0x49, 0x40, 0x09, 0x80, 0x00, 0x41, 0x18,
  0x08, 0x68, 0x10, 0x43, 0x08, 0x60, 0x70, 0x47, 0x00, 0xe1, 0x00, 0xe0,
  0x07, 0x4b, 0x82, 0x07, 0xd2, 0x0e, 0x91, 0x40, 0x80, 0x08, 0x80, 0x00,
  0xc0, 0x18, 0xff, 0x23, 0x93, 0x40, 0xda, 0x43, 0x03, 0x68, 0x1a, 0x40,
  0x11, 0x43, 0x01, 0x60, 0x70, 0x47, 0x00, 0xbf, 0x00, 0xe4, 0x00, 0xe0,
  0x34, 0xb5, 0x04, 0x46, 0x0d, 0x46, 0xff, 0xf7, 0xdb, 0xff, 0x29, 0x46,
  0x20, 0x46, 0xff, 0xf7, 0xe5, 0xff, 0x34, 0xbd, 0x34, 0xb5, 0x04, 0x46,
  0x0d, 0x46, 0x72, 0xb6, 0x02, 0x4a, 0x11, 0x68, 0xa0, 0x00, 0x08, 0x18,
  0x05, 0x60, 0x01, 0xe0, 0x08, 0xed, 0x00, 0xe0, 0x62, 0xb6, 0x34, 0xbd,
  0x1a, 0x81, 0x00, 0x22, 0x9a, 0x80, 0xda, 0x80, 0x18, 0x60, 0x99, 0x72,
  0x01, 0x20, 0xd8, 0x72, 0x4e, 0x20, 0x70, 0x47, 0xf0, 0xb5, 0x4f, 0x23,
  0xca, 0x88, 0xcc, 0x7a, 0x01, 0x2c, 0x01, 0xd1, 0x05, 0x23, 0x33, 0xe0,
  0x8d, 0x7a, 0x01, 0x2d, 0x10, 0xd0, 0x02, 0x2d, 0x08, 0xd0, 0x04, 0x2d,
  0x12, 0xd1, 0x0c, 0x68, 0x06, 0x68, 0xa4, 0x58, 0xb4, 0x42, 0x1b, 0xd1,
  0x4e, 0x23, 0x19, 0xe0, 0x0c, 0x68, 0x06, 0x88, 0xa4, 0x5a, 0xb4, 0x42,
  0x14, 0xd1, 0xf7, 0xe7, 0x0c, 0x68, 0x06, 0x78, 0xa4, 0x5c, 0xb4, 0x42,
  0x0e, 0xd1, 0xf1, 0xe7, 0x4e, 0x23, 0x00, 0x24, 0x08, 0xe0, 0x0e, 0x68,
  0xa7, 0x18, 0xf6, 0x5d, 0x07, 0x5d, 0xbe, 0x42, 0x00, 0xd0, 0x4f, 0x23,
  0x01, 0x34, 0xe4, 0xb2, 0xac, 0x42, 0xf4, 0xd3, 0x0c, 0x89, 0x52, 0x19,
  0x6c, 0x43, 0x92, 0xb2, 0xa2, 0x42, 0x00, 0xdb, 0x00, 0x22, 0x8c, 0x88,
  0xa2, 0x42, 0x01, 0xd0, 0x4e, 0x2b, 0xcb, 0xd1, 0x18, 0x46, 0xf0, 0xbd,
  0x70, 0xb5, 0xcb, 0x7a, 0x4e, 0x22, 0x00, 0x2b, 0x01, 0xd1, 0x06, 0x22,
  0x34, 0xe0, 0x8b, 0x7a, 0x01, 0x2b, 0x0d, 0xd0, 0x02, 0x2b, 0x06, 0xd0,
  0x04, 0x2b, 0x0e, 0xd1, 0x0b, 0x68, 0x8c, 0x88, 0x00, 0x68, 0x18, 0x51,
  0x15, 0xe0, 0x0b, 0x68, 0x8c, 0x88, 0x00, 0x88, 0x18, 0x53, 0x10, 0xe0,
  0x0b, 0x68, 0x8c, 0x88, 0x00, 0x78, 0x18, 0x55, 0x0b, 0xe0, 0x00, 0x23,
  0x06, 0xe0, 0x0c, 0x68, 0x8d, 0x88, 0xc6, 0x5c, 0x5d, 0x19, 0x66, 0x55,
  0x01, 0x33, 0xdb, 0xb2, 0x8c, 0x7a, 0xa3, 0x42, 0xf5, 0xd3, 0x8b, 0x7a,
  0x88, 0x88, 0xc0, 0x18, 0x0c, 0x89, 0x88, 0x80, 0x00, 0x25, 0x63, 0x43,
  0x80, 0xb2, 0x98, 0x42, 0x01, 0xdb, 0x28, 0x46, 0x8d, 0x80, 0xcb, 0x88,
  0x98, 0x42, 0x01, 0xd1, 0xcd, 0x72, 0x01, 0xe0, 0x02, 0x20, 0xc8, 0x72,
  0x10, 0x46, 0x70, 0xbd, 0x30, 0xb5, 0xcb, 0x7a, 0x4e, 0x22, 0x01, 0x2b,
  0x01, 0xd1, 0x05, 0x22, 0x33, 0xe0, 0x8b, 0x7a, 0x01, 0x2b, 0x0d, 0xd0,
  0x02, 0x2b, 0x06, 0xd0, 0x04, 0x2b, 0x0e, 0xd1, 0x0b, 0x68, 0xcc, 0x88,
  0x1b, 0x59, 0x03, 0x60, 0x15, 0xe0, 0x0b, 0x68, 0xcc, 0x88, 0x1b, 0x5b,
  0x03, 0x80, 0x10, 0xe0, 0x0b, 0x68, 0xcc, 0x88, 0x1b, 0x5d, 0x03, 0x70,
  0x0b, 0xe0, 0x00, 0x23, 0x06, 0xe0, 0x0c, 0x68, 0xcd, 0x88, 0x5d, 0x19,
  0x64, 0x5d, 0xc4, 0x54, 0x01, 0x33, 0xdb, 0xb2, 0x8c, 0x7a, 0xa3, 0x42,
  0xf5, 0xd3, 0x8b, 0x7a, 0x0c, 0x89, 0xc8, 0x88, 0xc0, 0x18, 0xc8, 0x80,
  0x63, 0x43, 0x80, 0xb2, 0x98, 0x42, 0x01, 0xdb, 0x00, 0x20, 0xc8, 0x80,
  0x8b, 0x88, 0x83, 0x42, 0x01, 0xd1, 0x01, 0x20, 0x00, 0xe0, 0x02, 0x20,
  0xc8, 0x72, 0x10, 0x46, 0x30, 0xbd, 0x70, 0xb5, 0xcb, 0x7a, 0x4e, 0x22,
  0x01, 0x2b, 0x01, 0xd1, 0x05, 0x22, 0x2f, 0xe0, 0x8c, 0x88, 0x00, 0x2c,
  0x04, 0xd1, 0x8b, 0x7a, 0x0c, 0x89, 0x01, 0x3c, 0x5c, 0x43, 0x01, 0xe0,
  0x8b, 0x7a, 0xe4, 0x1a, 0xa4, 0xb2, 0x01, 0x2b, 0x0b, 0xd0, 0x02, 0x2b,
  0x05, 0xd0, 0x04, 0x2b, 0x0b, 0xd1, 0x0b, 0x68, 0x1b, 0x59, 0x03, 0x60,
  0x12, 0xe0, 0x0b, 0x68, 0x1b, 0x5b, 0x03, 0x80, 0x0e, 0xe0, 0x0b, 0x68,
  0x1b, 0x5d, 0x03, 0x70, 0x0a, 0xe0, 0x00, 0x23, 0x05, 0xe0, 0x0d, 0x68,
  0x1e, 0x19, 0xad, 0x5d, 0xc5, 0x54, 0x01, 0x33, 0xdb, 0xb2, 0x8d, 0x7a,
  0xab, 0x42, 0xf6, 0xd3, 0xc8, 0x88, 0x84, 0x42, 0x01, 0xd1, 0x01, 0x20,
  0x00, 0xe0, 0x02, 0x20, 0xc8, 0x72, 0x8c, 0x80, 0x10, 0x46, 0x70, 0xbd,
  0x82, 0x88, 0xc1, 0x88, 0x8a, 0x42, 0x03, 0xd3, 0x06, 0xd9, 0x50, 0x1a,
  0x80, 0xb2, 0x09, 0xe0, 0x00, 0x89, 0x10, 0x18, 0x40, 0x1a, 0xf9, 0xe7,
  0xc1, 0x7a, 0x01, 0x29, 0x01, 0xd1, 0x00, 0x20, 0x00, 0xe0, 0x00, 0x89,
  0x70, 0x47, 0x00, 0x21, 0x81, 0x80, 0xc1, 0x80, 0x01, 0x21, 0xc1, 0x72,
  0x4e, 0x20, 0x70, 0x47, 0xf0, 0xb5, 0x83, 0xb0, 0x04, 0x46, 0x01, 0x27,
  0x00, 0x69, 0x4c, 0x26, 0x00, 0x28, 0x05, 0xd0, 0xa0, 0x7d, 0x00, 0x28,
  0x02, 0xd0, 0xa0, 0x8a, 0x00, 0x28, 0x01, 0xd1, 0x07, 0x46, 0x05, 0xe0,
  0x2f, 0x49, 0xa0, 0x8a, 0x08, 0x80, 0xa0, 0x7d, 0x48, 0x28, 0x56, 0xd3,
  0xe0, 0x7d, 0x09, 0x28, 0x53, 0xd8, 0xe1, 0x7d, 0x2b, 0x4d, 0x01, 0x22,
  0x28, 0x46, 0x01, 0xf0, 0xe1, 0xff, 0x00, 0x28, 0x4b, 0xd1, 0x80, 0x22,
  0x28, 0x49, 0x28, 0x46, 0x01, 0xf0, 0xe5, 0xff, 0x00, 0x28, 0x44, 0xd1,
  0x80, 0x20, 0x00, 0x90, 0x25, 0x4b, 0x26, 0x4a, 0x00, 0x21, 0x28, 0x46,
  0x01, 0xf0, 0xee, 0xff, 0x00, 0x28, 0x3a, 0xd1, 0x80, 0x20, 0x00, 0x90,
  0x22, 0x4b, 0x23, 0x4a, 0x01, 0x21, 0x28, 0x46, 0x01, 0xf0, 0xe4, 0xff,
  0x00, 0x28, 0x30, 0xd1, 0x28, 0x46, 0x02, 0xf0, 0x1d, 0xf8, 0x00, 0x28,
  0x2b, 0xd1, 0x28, 0x46, 0x02, 0xf0, 0x4d, 0xf8, 0x00, 0x28, 0x26, 0xd1,
  0x00, 0x2f, 0x16, 0xd0, 0x07, 0x46, 0x0c, 0xe0, 0x12, 0x4b, 0x1a, 0x88,
  0x38, 0x46, 0x50, 0x43, 0x21, 0x69, 0x40, 0x18, 0x16, 0x49, 0x41, 0x1a,
  0x28, 0x46, 0x02, 0xf0, 0xe7, 0xf8, 0x01, 0x37, 0xbf, 0xb2, 0xa0, 0x7d,
  0x87, 0x42, 0xef, 0xd3, 0x28, 0x46, 0x02, 0xf0, 0x26, 0xf8, 0x00, 0x28,
  0x0d, 0xd1, 0x4e, 0x26, 0x0e, 0x48, 0x0d, 0x4a, 0x11, 0x18, 0x0b, 0x4a,
  0x21, 0x60, 0x11, 0x18, 0x08, 0x4a, 0x61, 0x60, 0x11, 0x18, 0x06, 0x4a,
  0xa1, 0x60, 0x10, 0x18, 0xe0, 0x60, 0x30, 0x46, 0x03, 0xb0, 0xf0, 0xbd,
  0xbe, 0x58, 0x00, 0x00, 0xc0, 0x58, 0x00, 0x00, 0x30, 0xe1, 0x04, 0x21,
  0x30, 0xdd, 0x04, 0x21, 0x30, 0xd5, 0x04, 0x21, 0x30, 0xd1, 0x04, 0x21,
  0x30, 0xc9, 0x04, 0x21, 0x00, 0x00, 0x80, 0x22, 0x10, 0xb5, 0x84, 0xb0,
  0x0e, 0x4c, 0x01, 0xa8, 0x03, 0x30, 0x00, 0x90, 0x43, 0x1c, 0x42, 0x1d,
  0x00, 0x21, 0x20, 0x46, 0x02, 0xf0, 0x92, 0xf8, 0x00, 0x28, 0x0f, 0xd1,
  0x02, 0x98, 0x10, 0x38, 0x45, 0x22, 0xd2, 0x05, 0x81, 0xb2, 0x03, 0x98,
  0x80, 0x18, 0x10, 0x30, 0xfe, 0xf7, 0x74, 0xff, 0x04, 0x4b, 0x20, 0x46,
  0x03, 0x99, 0x1a, 0x88, 0x02, 0xf0, 0x9e, 0xf8, 0x04, 0xb0, 0x10, 0xbd,
  0xc0, 0x58, 0x00, 0x00, 0xbe, 0x58, 0x00, 0x00, 0x70, 0xb5, 0x82, 0xb0,
  0x10, 0x24, 0x4e, 0x25, 0x12, 0x4b, 0x01, 0x26, 0x1e, 0x60, 0x45, 0x26,
  0xf6, 0x05, 0x80, 0x1b, 0x58, 0x60, 0x98, 0x60, 0x0f, 0x4e, 0xd9, 0x60,
  0x00, 0x20, 0x00, 0x90, 0x11, 0x46, 0x00, 0x22, 0x30, 0x46, 0x01, 0xf0,
  0xe5, 0xff, 0x00, 0x28, 0x07, 0xd0, 0x4c, 0x25, 0x29, 0x46, 0x6e, 0x20,
  0xff, 0xf7, 0x66, 0xfb, 0x01, 0xe0, 0x01, 0x3c, 0xa4, 0xb2, 0x30, 0x46,
  0x00, 0x21, 0x02, 0xf0, 0x41, 0xf8, 0x00, 0x28, 0x01, 0xd1, 0x00, 0x2c,
  0xf5, 0xd1, 0x28, 0x46, 0x02, 0xb0, 0x70, 0xbd, 0x80, 0x5a, 0x00, 0x00,
  0xc0, 0x58, 0x00, 0x00, 0xf0, 0xb5, 0x8d, 0xb0, 0x05, 0x46, 0x04, 0x91,
  0x05, 0x92, 0x03, 0x93, 0x25, 0x4e, 0x00, 0xf0, 0x75, 0xfb, 0x04, 0x46,
  0x14, 0x99, 0x08, 0x70, 0xff, 0x28, 0x40, 0xd0, 0x22, 0x49, 0xac, 0x27,
  0x67, 0x43, 0xa8, 0x00, 0x40, 0x58, 0x3e, 0x18, 0x20, 0x48, 0x30, 0x60,
  0x00, 0x20, 0x30, 0x76, 0x04, 0x98, 0xb0, 0x60, 0x03, 0x98, 0xc0, 0x00,
  0x05, 0x9a, 0x70, 0x61, 0x1c, 0x48, 0x12, 0x1a, 0x00, 0x23, 0xf2, 0x60,
  0x12, 0x99, 0x33, 0x61, 0x08, 0x1a, 0xf0, 0x61, 0x13, 0x98, 0x33, 0x62,
  0x18, 0x4f, 0xc0, 0x00, 0x70, 0x76, 0x28, 0x01, 0x20, 0x18, 0x40, 0x00,
  0x39, 0x18, 0x0d, 0x70, 0x4c, 0x70, 0x01, 0x20, 0x09, 0xaa, 0x10, 0x70,
  0x13, 0x48, 0x0a, 0x90, 0x0b, 0x91, 0x0d, 0x48, 0x00, 0xf0, 0x82, 0xf8,
  0x0c, 0x22, 0x09, 0xa9, 0x06, 0xa8, 0x02, 0xf0, 0x6f, 0xf9, 0x01, 0x96,
  0x82, 0xb0, 0x08, 0xa8, 0x6e, 0x46, 0x07, 0x46, 0x0c, 0x37, 0x08, 0xc8,
  0x08, 0xc6, 0x87, 0x42, 0xfb, 0xd1, 0x21, 0x46, 0x28, 0x46, 0x0c, 0xbc,
  0x00, 0xf0, 0x78, 0xfa, 0x06, 0x46, 0x30, 0x46, 0x0d, 0xb0, 0xf0, 0xbd,
  0xf1, 0xd4, 0xd6, 0x33, 0x28, 0xbe, 0x04, 0x21, 0x02, 0x02, 0xa5, 0x00,
  0x00, 0x00, 0x80, 0xdd, 0xb8, 0x5a, 0x00, 0x00, 0x11, 0x1f, 0x00, 0x00,
  0xf0, 0xb5, 0x8d, 0xb0, 0x05, 0x46, 0x04, 0x91, 0x05, 0x92, 0x03, 0x93,
  0x25, 0x4e, 0x00, 0xf0, 0x17, 0xfb, 0x04, 0x46, 0x14, 0x99, 0x08, 0x70,
  0xff, 0x28, 0x40, 0xd0, 0x22, 0x49, 0xac, 0x27, 0x67, 0x43, 0xa8, 0x00,
  0x40, 0x58, 0x3e, 0x18, 0x20, 0x48, 0x30, 0x60, 0x01, 0x20, 0x30, 0x76,
  0x04, 0x98, 0xb0, 0x60, 0x03, 0x98, 0xc0, 0x00, 0x05, 0x9a, 0x70, 0x61,
  0x1c, 0x48, 0x12, 0x1a, 0x00, 0x23, 0xf2, 0x60, 0x12, 0x99, 0x33, 0x61,
  0x08, 0x1a, 0xf0, 0x61, 0x13, 0x98, 0x33, 0x62, 0x18, 0x4f, 0xc0, 0x00,
  0x70, 0x76, 0x28, 0x01, 0x20, 0x18, 0x40, 0x00, 0x39, 0x18, 0x0d, 0x70,
  0x4c, 0x70, 0x01, 0x20, 0x09, 0xaa, 0x10, 0x70, 0x13, 0x48, 0x0a, 0x90,
  0x0b, 0x91, 0x0d, 0x48, 0x00, 0xf0, 0x24, 0xf8, 0x0c, 0x22, 0x09, 0xa9,
  0x06, 0xa8, 0x02, 0xf0, 0x11, 0xf9, 0x01, 0x96, 0x82, 0xb0, 0x08, 0xa8,
  0x6e, 0x46, 0x07, 0x46, 0x0c, 0x37, 0x08, 0xc8, 0x08, 0xc6, 0x87, 0x42,
  0xfb, 0xd1, 0x21, 0x46, 0x28, 0x46, 0x0c, 0xbc, 0x00, 0xf0, 0x1a, 0xfa,
  0x06, 0x46, 0x30, 0x46, 0x0d, 0xb0, 0xf0, 0xbd, 0xf1, 0xd4, 0xd6, 0x33,
  0x28, 0xbe, 0x04, 0x21, 0x02, 0x02, 0xa5, 0x00, 0x00, 0x00, 0x80, 0xdd,
  0xb8, 0x5a, 0x00, 0x00, 0x11, 0x1f, 0x00, 0x00, 0x0a, 0x78, 0x49, 0x78,
  0x12, 0x01, 0x89, 0x18, 0x01, 0x4a, 0x89, 0x00, 0x88, 0x50, 0x70, 0x47,
  0x38, 0x5b, 0x00, 0x00, 0xf0, 0xb5, 0x8d, 0xb0, 0x07, 0x46, 0x04, 0x91,
  0x05, 0x92, 0x03, 0x93, 0x25, 0x4c, 0x00, 0x20, 0x09, 0xaa, 0x10, 0x70,
  0x0a, 0x90, 0x0b, 0x90, 0x23, 0x4d, 0x12, 0x20, 0x28, 0x73, 0xd8, 0x00,
  0x68, 0x80, 0x0f, 0x20, 0x28, 0x80, 0x38, 0x46, 0x00, 0xf0, 0xa2, 0xfa,
  0x02, 0x90, 0xff, 0x28, 0x34, 0xd0, 0x1e, 0x4b, 0xac, 0x26, 0x46, 0x43,
  0xb8, 0x00, 0xc0, 0x58, 0x36, 0x18, 0x08, 0x24, 0xa4, 0x19, 0xff, 0x20,
  0x05, 0x30, 0x30, 0x60, 0x04, 0x98, 0xb0, 0x60, 0x45, 0x20, 0xc0, 0x05,
  0x2a, 0x18, 0x00, 0x23, 0xf2, 0x60, 0x16, 0x48, 0x05, 0x9a, 0x33, 0x61,
  0x12, 0x1a, 0x20, 0x46, 0x1c, 0x30, 0x02, 0xf0, 0xba, 0xfc, 0x03, 0x98,
  0x30, 0x86, 0x00, 0x20, 0xc0, 0x43, 0x70, 0x63, 0xb0, 0x66, 0x0c, 0x22,
  0x09, 0xa9, 0x06, 0xa8, 0x02, 0xf0, 0xaa, 0xf8, 0x01, 0x96, 0x82, 0xb0,
  0x08, 0xa8, 0x6c, 0x46, 0x05, 0x46, 0x0c, 0x35, 0x02, 0xc8, 0x02, 0xc4,
  0x85, 0x42, 0xfb, 0xd1, 0x38, 0x46, 0x04, 0x99, 0x0c, 0xbc, 0x00, 0xf0,
  0xb3, 0xf9, 0x04, 0x46, 0x20, 0x46, 0x0d, 0xb0, 0xf0, 0xbd, 0x00, 0xbf,
  0xf1, 0xd4, 0xd6, 0x33, 0x58, 0xbe, 0x04, 0x21, 0x28, 0xbe, 0x04, 0x21,
  0x00, 0x00, 0x80, 0xdd, 0xf0, 0xb5, 0x87, 0xb0, 0x2d, 0x4e, 0x0f, 0x20,
  0x30, 0x70, 0x01, 0x20, 0x70, 0x70, 0x12, 0x20, 0xb0, 0x70, 0x0a, 0x20,
  0xf0, 0x70, 0x80, 0x20, 0xb0, 0x80, 0x00, 0x21, 0xb1, 0x71, 0xf1, 0x71,
  0x31, 0x72, 0x71, 0x72, 0xb1, 0x72, 0xf1, 0x72, 0xb1, 0x81, 0x30, 0x46,
  0x0e, 0x30, 0x24, 0x4d, 0x01, 0x70, 0x41, 0x70, 0x0f, 0x20, 0x28, 0x70,
  0x69, 0x70, 0x12, 0x20, 0xa8, 0x70, 0x14, 0x20, 0xe8, 0x70, 0x80, 0x20,
  0xa8, 0x80, 0xa9, 0x71, 0xe9, 0x71, 0x29, 0x72, 0x69, 0x72, 0xa9, 0x72,
  0xe9, 0x72, 0xa9, 0x81, 0x28, 0x46, 0x0e, 0x30, 0x01, 0x70, 0x41, 0x70,
  0x08, 0x46, 0x00, 0xf0, 0x2d, 0xfa, 0x04, 0x46, 0xff, 0x28, 0x27, 0xd0,
  0xac, 0x20, 0x16, 0x49, 0x60, 0x43, 0x09, 0x68, 0x47, 0x18, 0xff, 0x20,
  0x02, 0x30, 0x45, 0x23, 0xdb, 0x05, 0x38, 0x60, 0xf0, 0x18, 0x00, 0x21,
  0xb8, 0x60, 0xf9, 0x60, 0xe8, 0x18, 0x38, 0x61, 0x79, 0x61, 0x0c, 0x22,
  0x03, 0xa8, 0x0e, 0x49, 0x02, 0xf0, 0x44, 0xf8, 0x01, 0x97, 0x82, 0xb0,
  0x05, 0xa8, 0x69, 0x46, 0x02, 0x46, 0x0c, 0x32, 0x08, 0xc8, 0x08, 0xc1,
  0x82, 0x42, 0xfb, 0xd1, 0x21, 0x46, 0x00, 0x20, 0x0c, 0xbc, 0x00, 0xf0,
  0x4d, 0xf9, 0x06, 0x49, 0x88, 0x42, 0xfc, 0xd1, 0x07, 0xb0, 0xf0, 0xbd,
  0x38, 0xbe, 0x04, 0x21, 0x48, 0xbe, 0x04, 0x21, 0x28, 0xbe, 0x04, 0x21,
  0xbc, 0x4d, 0x00, 0x00, 0x33, 0xaa, 0xa5, 0x55, 0x04, 0xb5, 0x0f, 0x4a,
  0x0f, 0x49, 0x10, 0x88, 0x08, 0x43, 0x10, 0x80, 0xc0, 0x21, 0x1e, 0x20,
  0xff, 0xf7, 0x6e, 0xfc, 0x00, 0xf0, 0x9e, 0xf8, 0x00, 0x20, 0x00, 0xf0,
  0x33, 0xfa, 0xff, 0x21, 0x21, 0x31, 0x08, 0x40, 0xf8, 0xd0, 0x00, 0xf0,
  0x57, 0xf8, 0x07, 0x49, 0x88, 0x42, 0x05, 0xd1, 0xff, 0xf7, 0x7e, 0xff,
  0x00, 0xf0, 0x0a, 0xf8, 0x4e, 0x20, 0x00, 0xe0, 0x4d, 0x20, 0x04, 0xbd,
  0x90, 0x50, 0xa1, 0x43, 0x08, 0x80, 0x00, 0x00, 0x33, 0xaa, 0xa5, 0x55,
  0x10, 0xb5, 0x07, 0x48, 0x03, 0x68, 0x4f, 0x24, 0x06, 0x4a, 0x01, 0x21,
  0x49, 0x04, 0x00, 0x20, 0xff, 0xf7, 0x0e, 0xff, 0x04, 0x49, 0x88, 0x42,
  0x00, 0xd1, 0x4e, 0x24, 0x20, 0x46, 0x10, 0xbd, 0x10, 0xbe, 0x04, 0x21,
  0x18, 0xbe, 0x04, 0x21, 0x33, 0xaa, 0xa5, 0x55, 0x30, 0xb5, 0x85, 0xb0,
  0x4f, 0x24, 0x01, 0x93, 0x08, 0x9d, 0x00, 0x92, 0x0b, 0x46, 0x01, 0x21,
  0x49, 0x04, 0x02, 0x46, 0x00, 0x20, 0x02, 0x95, 0xff, 0xf7, 0x2e, 0xfe,
  0x03, 0x49, 0x88, 0x42, 0x00, 0xd1, 0x4e, 0x24, 0x20, 0x46, 0x05, 0xb0,
  0x30, 0xbd, 0x00, 0xbf, 0x33, 0xaa, 0xa5, 0x55, 0x30, 0xb5, 0x85, 0xb0,
  0x4f, 0x24, 0x01, 0x93, 0x08, 0x9d, 0x00, 0x92, 0x0b, 0x46, 0x01, 0x21,
  0x49, 0x04, 0x02, 0x46, 0x00, 0x20, 0x02, 0x95, 0xff, 0xf7, 0x74, 0xfe,
  0x03, 0x49, 0x88, 0x42, 0x00, 0xd1, 0x4e, 0x24, 0x20, 0x46, 0x05, 0xb0,
  0x30, 0xbd, 0x00, 0xbf, 0x33, 0xaa, 0xa5, 0x55, 0x30, 0xb5, 0x87, 0xb0,
  0x18, 0x4c, 0x00, 0x20, 0x00, 0xf0, 0x84, 0xf9, 0x05, 0x46, 0xff, 0x28,
  0x26, 0xd0, 0xac, 0x20, 0x15, 0x4b, 0x68, 0x43, 0x19, 0x68, 0x44, 0x18,
  0x14, 0x48, 0x20, 0x60, 0x01, 0x20, 0x20, 0x81, 0x08, 0x20, 0x45, 0x21,
  0xc9, 0x05, 0xe0, 0x60, 0x11, 0x48, 0x40, 0x18, 0x00, 0x21, 0x20, 0x61,
  0x61, 0x61, 0x0c, 0x22, 0x03, 0xa8, 0x0f, 0x49, 0x01, 0xf0, 0x9a, 0xff,
  0x01, 0x94, 0x82, 0xb0, 0x05, 0xa8, 0x69, 0x46, 0x02, 0x46, 0x0c, 0x32,
  0x08, 0xc8, 0x08, 0xc1, 0x82, 0x42, 0xfb, 0xd1, 0x29, 0x46, 0x00, 0x20,
  0x0c, 0xbc, 0x00, 0xf0, 0xa3, 0xf8, 0x04, 0x46, 0x20, 0x46, 0x07, 0xb0,
  0x30, 0xbd, 0x00, 0xbf, 0xf1, 0xd4, 0xd6, 0x33, 0x28, 0xbe, 0x04, 0x21,
  0x02, 0x00, 0xa5, 0x00, 0x08, 0xbe, 0x04, 0x21, 0xbc, 0x4d, 0x00, 0x00,
  0x15, 0x48, 0x2b, 0x21, 0x01, 0x70, 0x7e, 0x21, 0x41, 0x70, 0x15, 0x21,
  0x81, 0x70, 0x16, 0x21, 0xc1, 0x70, 0x28, 0x21, 0x01, 0x71, 0xae, 0x21,
  0x41, 0x71, 0xd2, 0x21, 0x81, 0x71, 0xa6, 0x21, 0xc1, 0x71, 0xab, 0x21,
  0x01, 0x72, 0xf7, 0x21, 0x41, 0x72, 0x15, 0x21, 0x81, 0x72, 0x88, 0x21,
  0xc1, 0x72, 0x09, 0x21, 0x01, 0x73, 0xcf, 0x21, 0x41, 0x73, 0x4f, 0x21,
  0x81, 0x73, 0x3c, 0x21, 0xc1, 0x73, 0x06, 0x4a, 0x10, 0x20, 0x10, 0x60,
  0x05, 0x49, 0x06, 0x48, 0x01, 0x60, 0x00, 0x21, 0x41, 0x60, 0x81, 0x60,
  0xc1, 0x60, 0x70, 0x47, 0x18, 0xbe, 0x04, 0x21, 0x10, 0xbe, 0x04, 0x21,
  0x68, 0xbe, 0x04, 0x21, 0x28, 0xbe, 0x04, 0x21, 0x00, 0x21, 0x01, 0x70,
  0x41, 0x60, 0x81, 0x60, 0x70, 0x47, 0x00, 0x00, 0x34, 0xb5, 0x00, 0x01,
  0x0d, 0x18, 0x0c, 0x20, 0x09, 0x49, 0x68, 0x43, 0x44, 0x18, 0x20, 0x78,
  0x01, 0x28, 0x0b, 0xd1, 0x63, 0x68, 0x00, 0x2b, 0x08, 0xd0, 0x10, 0x46,
  0xa1, 0x68, 0x98, 0x47, 0x20, 0x46, 0xff, 0xf7, 0xe7, 0xff, 0x03, 0x48,
  0x00, 0x21, 0x41, 0x55, 0x34, 0xbd, 0x00, 0xbf, 0x78, 0x5c, 0x00, 0x00,
  0x38, 0x5c, 0x00, 0x00, 0xf4, 0xb5, 0x04, 0x46, 0x0d, 0x46, 0x17, 0x46,
  0x0a, 0x4e, 0x01, 0xe0, 0x01, 0x3e, 0x08, 0xd0, 0x3a, 0x46, 0x29, 0x46,
  0x20, 0x46, 0x00, 0xf0, 0x3d, 0xf9, 0x00, 0x28, 0xf6, 0xd0, 0x00, 0x2e,
  0x01, 0xd1, 0x30, 0x46, 0x04, 0xe0, 0x04, 0x4a, 0x01, 0x20, 0x23, 0x01,
  0xe9, 0x18, 0x50, 0x54, 0xf4, 0xbd, 0x00, 0xbf, 0x00, 0x40, 0x33, 0x40,
  0x38, 0x5c, 0x00, 0x00, 0xf4, 0xb5, 0x05, 0x46, 0x0e, 0x46, 0x0b, 0x4f,
  0x0b, 0x4c, 0x01, 0xe0, 0x01, 0x3f, 0x0f, 0xd0, 0x31, 0x46, 0x28, 0x46,
  0x00, 0xf0, 0x0c, 0xf9, 0x00, 0x28, 0xf7, 0xd0, 0x31, 0x46, 0x28, 0x46,
  0x00, 0xf0, 0x3a, 0xf9, 0x04, 0x46, 0x29, 0x01, 0x70, 0x18, 0x04, 0x49,
  0x00, 0x22, 0x0a, 0x54, 0x20, 0x46, 0xf4, 0xbd, 0x00, 0x40, 0x33, 0x40,
  0xf1, 0xd4, 0xd6, 0x33, 0x38, 0x5c, 0x00, 0x00, 0x0c, 0xb4, 0xf4, 0xb5,
  0x06, 0x46, 0x0d, 0x46, 0x09, 0x9f, 0x1d, 0x4c, 0x04, 0x28, 0x31, 0xd2,
  0x10, 0x29, 0x2f, 0xd2, 0x00, 0x01, 0x08, 0x18, 0x0c, 0x21, 0x48, 0x43,
  0x19, 0x49, 0x08, 0x18, 0x06, 0xaa, 0x11, 0x78, 0x00, 0x29, 0x0e, 0xd1,
  0xff, 0xf7, 0x8a, 0xff, 0x3a, 0x46, 0x29, 0x46, 0x30, 0x46, 0xff, 0xf7,
  0xa7, 0xff, 0x00, 0x28, 0x1c, 0xd0, 0x29, 0x46, 0x30, 0x46, 0xff, 0xf7,
  0xbf, 0xff, 0x04, 0x46, 0x16, 0xe0, 0x01, 0x29, 0x14, 0xd1, 0x07, 0x99,
  0x00, 0x29, 0x11, 0xd0, 0x01, 0x22, 0x02, 0x70, 0x41, 0x60, 0x08, 0x99,
  0x81, 0x60, 0xaa, 0x40, 0x30, 0x46, 0x01, 0x21, 0x00, 0xf0, 0x04, 0xf9,
  0x3a, 0x46, 0x29, 0x46, 0x30, 0x46, 0xff, 0xf7, 0x8b, 0xff, 0x00, 0x28,
  0x00, 0xd0, 0x05, 0x4c, 0x20, 0x46, 0xf4, 0xbc, 0x08, 0xbc, 0x02, 0xb0,
  0x18, 0x47, 0x00, 0xbf, 0xf1, 0xd4, 0xd6, 0x33, 0x78, 0x5c, 0x00, 0x00,
  0x33, 0xaa, 0xa5, 0x55, 0x70, 0xb5, 0x01, 0x46, 0x0b, 0x4c, 0x60, 0x5c,
  0x42, 0x1c, 0xd2, 0xb2, 0xff, 0x20, 0x0f, 0x23, 0x09, 0x4e, 0x0d, 0x01,
  0x55, 0x19, 0x75, 0x5d, 0x00, 0x2d, 0x07, 0xd0, 0x01, 0x32, 0xd2, 0xb2,
  0x10, 0x2a, 0x00, 0xd3, 0x01, 0x22, 0x01, 0x3b, 0xf2, 0xd1, 0x02, 0xe0,
  0x10, 0x46, 0x01, 0x3a, 0x62, 0x54, 0x70, 0xbd, 0x78, 0x5f, 0x00, 0x00,
  0x38, 0x5c, 0x00, 0x00, 0x70, 0xb5, 0x06, 0x46, 0x00, 0x24, 0x21, 0x46,
  0x30, 0x46, 0x00, 0xf0, 0x8d, 0xf8, 0x01, 0x28, 0x02, 0xd0, 0x01, 0x34,
  0x10, 0x2c, 0xf6, 0xd3, 0xe4, 0xb2, 0x21, 0x46, 0x30, 0x46, 0x00, 0xf0,
  0xb7, 0xf8, 0x05, 0x46, 0x21, 0x46, 0xfe, 0xf7, 0x07, 0xf9, 0x01, 0x22,
  0xa2, 0x40, 0x30, 0x46, 0x01, 0x21, 0x00, 0xf0, 0xcf, 0xf8, 0x2a, 0x46,
  0x21, 0x46, 0x30, 0x46, 0xff, 0xf7, 0x22, 0xff, 0x70, 0xbd, 0x00, 0x00,
  0x34, 0xb5, 0x05, 0x46, 0x00, 0xf0, 0xe6, 0xf8, 0x04, 0x46, 0xa8, 0x00,
  0x05, 0x49, 0x42, 0x58, 0x00, 0x2a, 0x02, 0xd0, 0x21, 0x46, 0x28, 0x46,
  0x90, 0x47, 0x21, 0x46, 0x28, 0x46, 0x00, 0xf0, 0xcf, 0xf8, 0x34, 0xbd,
  0x7c, 0x5f, 0x00, 0x00, 0xf4, 0xb5, 0x04, 0x46, 0x0f, 0x46, 0x16, 0x46,
  0x0b, 0x4d, 0xff, 0x28, 0x0b, 0xd1, 0x00, 0x24, 0x3a, 0x46, 0x20, 0x46,
  0x02, 0x21, 0x00, 0xf0, 0x8f, 0xf8, 0xa0, 0x00, 0x46, 0x51, 0x01, 0x34,
  0x04, 0x2c, 0xf5, 0xd3, 0x07, 0xe0, 0x04, 0x28, 0x05, 0xd2, 0x0a, 0x46,
  0x02, 0x21, 0x00, 0xf0, 0x83, 0xf8, 0xa0, 0x00, 0x46, 0x51, 0xf4, 0xbd,
  0x7c, 0x5f, 0x00, 0x00, 0x70, 0xb5, 0x01, 0x46, 0xff, 0x20, 0x00, 0x25,
  0x0b, 0x22, 0x0b, 0x4c, 0x0b, 0x03, 0x1b, 0x19, 0x1e, 0x68, 0x01, 0x24,
  0x94, 0x40, 0x26, 0x40, 0x07, 0xd1, 0x1e, 0x6a, 0x26, 0x40, 0x04, 0xd0,
  0x9b, 0x6a, 0x23, 0x40, 0x01, 0xd1, 0x10, 0x46, 0x01, 0x25, 0x01, 0x32,
  0xd2, 0xb2, 0x10, 0x2a, 0x01, 0xd2, 0x00, 0x2d, 0xe9, 0xd0, 0x70, 0xbd,
  0x04, 0x01, 0x21, 0x40, 0x08, 0x4b, 0x01, 0x22, 0x00, 0x03, 0xc0, 0x18,
  0x13, 0x46, 0x8b, 0x40, 0x01, 0x68, 0x19, 0x40, 0x06, 0xd1, 0x01, 0x6a,
  0x19, 0x40, 0x03, 0xd0, 0x80, 0x6a, 0x18, 0x40, 0x00, 0xd1, 0x02, 0x46,
  0x10, 0x46, 0x70, 0x47, 0x04, 0x01, 0x21, 0x40, 0x05, 0x4a, 0x00, 0x03,
  0x80, 0x18, 0x00, 0x68, 0x01, 0x22, 0x8a, 0x40, 0x10, 0x40, 0x01, 0xd0,
  0x00, 0x20, 0x00, 0xe0, 0x01, 0x20, 0x70, 0x47, 0x24, 0x01, 0x21, 0x40,
  0x04, 0x4a, 0x00, 0x03, 0x80, 0x18, 0x00, 0x68, 0x01, 0x22, 0x8a, 0x40,
  0x10, 0x40, 0x00, 0xd0, 0x01, 0x20, 0x70, 0x47, 0x2c, 0x01, 0x21, 0x40,
  0x02, 0x49, 0x00, 0x03, 0x40, 0x18, 0x00, 0x68, 0x00, 0x0c, 0x70, 0x47,
  0x04, 0x01, 0x21, 0x40, 0x70, 0xb5, 0x00, 0x23, 0x05, 0x03, 0x0b, 0x48,
  0x28, 0x18, 0x06, 0x68, 0x01, 0x24, 0x8c, 0x40, 0x26, 0x40, 0x0d, 0xd1,
  0x06, 0x6a, 0x26, 0x40, 0x0a, 0xd0, 0x80, 0x6a, 0x20, 0x40, 0x07, 0xd1,
  0x89, 0x00, 0x68, 0x18, 0x04, 0x49, 0x40, 0x18, 0x04, 0x49, 0x51, 0x1a,
  0x01, 0x60, 0x01, 0x23, 0x18, 0x46, 0x70, 0xbd, 0x04, 0x01, 0x21, 0x40,
  0x00, 0x02, 0x21, 0x40, 0x00, 0x00, 0x80, 0xdd, 0x00, 0x03, 0x89, 0x00,
  0x40, 0x18, 0x02, 0x49, 0x40, 0x18, 0x00, 0x68, 0x70, 0x47, 0x00, 0xbf,
  0x80, 0x02, 0x21, 0x40, 0xff, 0x23, 0x11, 0x33, 0x01, 0x29, 0x03, 0xd3,
  0x04, 0xd0, 0x02, 0x29, 0x05, 0xd0, 0x0b, 0xe0, 0x10, 0x33, 0x00, 0xe0,
  0x18, 0x33, 0x12, 0x04, 0x12, 0x0c, 0x04, 0x49, 0x00, 0x03, 0x18, 0x18,
  0x41, 0x18, 0x08, 0x68, 0x10, 0x43, 0x08, 0x60, 0x70, 0x47, 0x00, 0xbf,
  0x00, 0x00, 0x21, 0x40, 0xff, 0x23, 0x11, 0x33, 0x01, 0x29, 0x03, 0xd3,
  0x04, 0xd0, 0x02, 0x29, 0x05, 0xd0, 0x0b, 0xe0, 0x10, 0x33, 0x00, 0xe0,
  0x18, 0x33, 0x12, 0x04, 0x12, 0x0c, 0x04, 0x49, 0x00, 0x03, 0x18, 0x18,
  0x41, 0x18, 0x08, 0x68, 0x90, 0x43, 0x08, 0x60, 0x70, 0x47, 0x00, 0xbf,
  0x00, 0x00, 0x21, 0x40, 0x03, 0x4a, 0x00, 0x03, 0x82, 0x18, 0x10, 0x68,
  0x08, 0x43, 0x10, 0x60, 0x70, 0x47, 0x00, 0xbf, 0x18, 0x01, 0x21, 0x40,
  0x02, 0x49, 0x00, 0x03, 0x40, 0x18, 0x00, 0x68, 0x70, 0x47, 0x00, 0xbf,
  0x18, 0x01, 0x21, 0x40, 0x02, 0x49, 0x00, 0x03, 0x40, 0x18, 0x00, 0x68,
  0x70, 0x47, 0x00, 0xbf, 0x2c, 0x01, 0x21, 0x40, 0x00, 0xb5, 0x85, 0xb0,
  0xff, 0xf7, 0x00, 0xf8, 0xfd, 0xf7, 0x54, 0xfe, 0x03, 0x49, 0x4e, 0x20,
  0xc8, 0x70, 0xff, 0xf7, 0x5d, 0xfb, 0xfe, 0xf7, 0xd3, 0xff, 0xfa, 0xe7,
  0xa0, 0xc8, 0x03, 0x21, 0x88, 0x42, 0x00, 0xd3, 0x08, 0x46, 0x70, 0x47,
  0x0c, 0xb4, 0xf0, 0xb5, 0x89, 0xb0, 0x06, 0x46, 0x0f, 0x46, 0x00, 0x24,
  0x00, 0x28, 0x00, 0xda, 0x40, 0x42, 0x02, 0xf0, 0x96, 0xf9, 0x05, 0xad,
  0x30, 0x30, 0x28, 0x55, 0x01, 0x34, 0xa4, 0xb2, 0x08, 0x1e, 0xf6, 0xd1,
  0x00, 0x2e, 0x01, 0xda, 0x2d, 0x20, 0x0b, 0xe0, 0x0e, 0xaa, 0x10, 0x78,
  0x02, 0x22, 0x02, 0x40, 0x03, 0xd0, 0x2b, 0x21, 0x29, 0x55, 0x01, 0x34,
  0xa4, 0xb2, 0x40, 0x07, 0x03, 0xd5, 0x20, 0x20, 0x28, 0x55, 0x01, 0x34,
  0xa4, 0xb2, 0x0a, 0x22, 0x0e, 0xa9, 0x02, 0xa8, 0x01, 0xf0, 0x2a, 0xfd,
  0x81, 0xb0, 0x03, 0xa8, 0x69, 0x46, 0x02, 0x46, 0x0a, 0x32, 0x03, 0x88,
  0x0b, 0x80, 0x02, 0x30, 0x02, 0x31, 0x82, 0x42, 0xf9, 0xd1, 0x3a, 0x46,
  0x21, 0x46, 0x28, 0x46, 0x08, 0xbc, 0x00, 0xf0, 0xe9, 0xf9, 0x09, 0xb0,
  0xf0, 0xbc, 0x08, 0xbc, 0x02, 0xb0, 0x18, 0x47, 0x08, 0xb4, 0xf0, 0xb5,
  0x92, 0xb0, 0x04, 0x1c, 0x0d, 0x1c, 0x05, 0x92, 0x00, 0x26, 0x00, 0x29,
  0x06, 0xda, 0x40, 0x42, 0x01, 0x22, 0x00, 0x2c, 0x00, 0xd1, 0x22, 0x1c,
  0x49, 0x42, 0x89, 0x1a, 0x06, 0x90, 0x07, 0x91, 0x2a, 0x4a, 0x00, 0x23,
  0x06, 0x98, 0x07, 0x99, 0x01, 0xf0, 0xb8, 0xfd, 0x04, 0x46, 0x27, 0x4a,
  0x00, 0x23, 0x06, 0x98, 0x07, 0x99, 0x01, 0xf0, 0xc5, 0xfd, 0x06, 0x90,
  0x07, 0x91, 0x00, 0x20, 0x04, 0x90, 0x20, 0x46, 0x02, 0xf0, 0x3b, 0xf9,
  0x0c, 0xaf, 0x30, 0x30, 0xb8, 0x55, 0x01, 0x36, 0xb6, 0xb2, 0x06, 0x9a,
  0x0c, 0x46, 0x0a, 0x43, 0x07, 0x99, 0x11, 0x43, 0x08, 0xd0, 0x04, 0x98,
  0x01, 0x30, 0x04, 0x90, 0x09, 0x28, 0xec, 0xd3, 0x06, 0x99, 0x07, 0x9a,
  0x0a, 0x43, 0xd7, 0xd1, 0x00, 0x2d, 0x01, 0xda, 0x2d, 0x20, 0x0b, 0xe0,
  0x17, 0xaa, 0x10, 0x78, 0x02, 0x22, 0x02, 0x40, 0x03, 0xd0, 0x2b, 0x21,
  0xb9, 0x55, 0x01, 0x36, 0xb6, 0xb2, 0x40, 0x07, 0x03, 0xd5, 0x20, 0x20,
  0xb8, 0x55, 0x01, 0x36, 0xb6, 0xb2, 0x0a, 0x22, 0x17, 0xa9, 0x09, 0xa8,
  0x01, 0xf0, 0xc2, 0xfc, 0x81, 0xb0, 0x0a, 0xa8, 0x69, 0x46, 0x03, 0x46,
  0x0a, 0x33, 0x02, 0x88, 0x0a, 0x80, 0x02, 0x30, 0x02, 0x31, 0x83, 0x42,
  0xf9, 0xd1, 0x31, 0x46, 0x38, 0x46, 0x06, 0x9a, 0x08, 0xbc, 0x00, 0xf0,
  0x81, 0xf9, 0x12, 0xb0, 0xf0, 0xbc, 0x08, 0xbc, 0x01, 0xb0, 0x18, 0x47,
  0x00, 0xca, 0x9a, 0x3b, 0x0c, 0xb4, 0x30, 0xb5, 0x89, 0xb0, 0x0d, 0x46,
  0x00, 0x24, 0x02, 0xf0, 0xf0, 0xf8, 0x05, 0xaa, 0x30, 0x30, 0x10, 0x55,
  0x01, 0x34, 0xa4, 0xb2, 0x08, 0x1e, 0xf6, 0xd1, 0x0a, 0x22, 0x0c, 0xa9,
  0x02, 0xa8, 0x01, 0xf0, 0x97, 0xfc, 0x81, 0xb0, 0x03, 0xa8, 0x69, 0x46,
  0x02, 0x46, 0x0a, 0x32, 0x03, 0x88, 0x0b, 0x80, 0x02, 0x30, 0x02, 0x31,
  0x82, 0x42, 0xf9, 0xd1, 0x2a, 0x46, 0x21, 0x46, 0x06, 0xa8, 0x08, 0xbc,
  0x00, 0xf0, 0x56, 0xf9, 0x09, 0xb0, 0x30, 0xbc, 0x08, 0xbc, 0x02, 0xb0,
  0x18, 0x47, 0x00, 0x00, 0x08, 0xb4, 0xf0, 0xb5, 0x8e, 0xb0, 0x04, 0x92,
  0x04, 0x1c, 0x0d, 0x1c, 0x00, 0x26, 0x1e, 0x4a, 0x00, 0x23, 0x20, 0x1c,
  0x29, 0x1c, 0x01, 0xf0, 0x2f, 0xfd, 0x03, 0x90, 0x1a, 0x4a, 0x00, 0x23,
  0x20, 0x1c, 0x29, 0x1c, 0x01, 0xf0, 0x3c, 0xfd, 0x04, 0x1c, 0x0d, 0x1c,
  0x00, 0x27, 0x03, 0x98, 0x02, 0xf0, 0xb3, 0xf8, 0x08, 0xab, 0x30, 0x30,
  0x98, 0x55, 0x01, 0x36, 0xb6, 0xb2, 0x03, 0x91, 0x21, 0x43, 0x29, 0x43,
  0x05, 0xd0, 0x01, 0x37, 0x09, 0x2f, 0xf0, 0xd3, 0x20, 0x46, 0x28, 0x43,
  0xdd, 0xd1, 0x0a, 0x22, 0x13, 0xa9, 0x05, 0xa8, 0x01, 0xf0, 0x52, 0xfc,
  0x81, 0xb0, 0x06, 0xa8, 0x69, 0x46, 0x03, 0x46, 0x0a, 0x33, 0x02, 0x88,
  0x0a, 0x80, 0x02, 0x30, 0x02, 0x31, 0x83, 0x42, 0xf9, 0xd1, 0x31, 0x46,
  0x09, 0xa8, 0x05, 0x9a, 0x08, 0xbc, 0x00, 0xf0, 0x11, 0xf9, 0x0e, 0xb0,
  0xf0, 0xbc, 0x08, 0xbc, 0x01, 0xb0, 0x18, 0x47, 0x00, 0xca, 0x9a, 0x3b,
  0x0c, 0xb4, 0x30, 0xb5, 0x89, 0xb0, 0x0d, 0x46, 0x00, 0x24, 0x42, 0x07,
  0x52, 0x0f, 0x05, 0xa9, 0x30, 0x32, 0x0a, 0x55, 0x01, 0x34, 0xa4, 0xb2,
  0xc0, 0x08, 0xf6, 0xd1, 0x0a, 0x22, 0x0c, 0xa9, 0x02, 0xa8, 0x01, 0xf0,
  0x27, 0xfc, 0x81, 0xb0, 0x03, 0xa8, 0x69, 0x46, 0x02, 0x46, 0x0a, 0x32,
  0x03, 0x88, 0x0b, 0x80, 0x02, 0x30, 0x02, 0x31, 0x82, 0x42, 0xf9, 0xd1,
  0x2a, 0x46, 0x21, 0x46, 0x06, 0xa8, 0x08, 0xbc, 0x00, 0xf0, 0xe6, 0xf8,
  0x09, 0xb0, 0x30, 0xbc, 0x08, 0xbc, 0x02, 0xb0, 0x18, 0x47, 0x08, 0xb4,
  0x30, 0xb5, 0x8c, 0xb0, 0x15, 0x46, 0x00, 0x24, 0x42, 0x07, 0x52, 0x0f,
  0x06, 0xab, 0x30, 0x32, 0x1a, 0x55, 0x01, 0x34, 0xa4, 0xb2, 0xc0, 0x08,
  0x4a, 0x07, 0x10, 0x43, 0xc9, 0x08, 0x02, 0x46, 0x0a, 0x43, 0xf1, 0xd1,
  0x0a, 0x22, 0x0f, 0xa9, 0x03, 0xa8, 0x01, 0xf0, 0xf9, 0xfb, 0x81, 0xb0,
  0x04, 0xa8, 0x69, 0x46, 0x02, 0x46, 0x0a, 0x32, 0x03, 0x88, 0x0b, 0x80,
  0x02, 0x30, 0x02, 0x31, 0x82, 0x42, 0xf9, 0xd1, 0x2a, 0x46, 0x21, 0x46,
  0x07, 0xa8, 0x08, 0xbc, 0x00, 0xf0, 0xb8, 0xf8, 0x0c, 0xb0, 0x30, 0xbc,
  0x08, 0xbc, 0x01, 0xb0, 0x18, 0x47, 0x08, 0xb4, 0x30, 0xb5, 0x88, 0xb0,
  0x0d, 0x46, 0x00, 0x24, 0x01, 0x07, 0x09, 0x0f, 0x51, 0x5c, 0x06, 0xab,
  0x19, 0x55, 0x01, 0x34, 0xa4, 0xb2, 0x00, 0x09, 0xf6, 0xd1, 0x0a, 0x22,
  0x0b, 0xa9, 0x03, 0xa8, 0x01, 0xf0, 0xd0, 0xfb, 0x81, 0xb0, 0x04, 0xa8,
  0x69, 0x46, 0x02, 0x46, 0x0a, 0x32, 0x03, 0x88, 0x0b, 0x80, 0x02, 0x30,
  0x02, 0x31, 0x82, 0x42, 0xf9, 0xd1, 0x2a, 0x46, 0x21, 0x46, 0x07, 0xa8,
  0x08, 0xbc, 0x00, 0xf0, 0x8f, 0xf8, 0x08, 0xb0, 0x30, 0xbc, 0x08, 0xbc,
  0x01, 0xb0, 0x18, 0x47, 0x70, 0xb5, 0x8a, 0xb0, 0x15, 0x46, 0x00, 0x24,
  0x02, 0x07, 0x12, 0x0f, 0xd2, 0x18, 0x06, 0xae, 0x12, 0x78, 0x32, 0x55,
  0x01, 0x34, 0xa4, 0xb2, 0x00, 0x09, 0x0a, 0x07, 0x10, 0x43, 0x09, 0x09,
  0x02, 0x46, 0x0a, 0x43, 0xf0, 0xd1, 0x0a, 0x22, 0x0e, 0xa9, 0x03, 0xa8,
  0x01, 0xf0, 0xa2, 0xfb, 0x81, 0xb0, 0x04, 0xa8, 0x69, 0x46, 0x02, 0x46,
  0x0a, 0x32, 0x03, 0x88, 0x0b, 0x80, 0x02, 0x30, 0x02, 0x31, 0x82, 0x42,
  0xf9, 0xd1, 0x2a, 0x46, 0x21, 0x46, 0x07, 0xa8, 0x08, 0xbc, 0x00, 0xf0,
  0x61, 0xf8, 0x0a, 0xb0, 0x70, 0xbd, 0x0c, 0xb4, 0x10, 0xb5, 0x86, 0xb0,
  0x0c, 0x46, 0x02, 0xab, 0xd8, 0x70, 0x0a, 0x22, 0x08, 0xa9, 0x18, 0x1d,
  0x01, 0xf0, 0x84, 0xfb, 0x81, 0xb0, 0x04, 0xa8, 0x69, 0x46, 0x02, 0x46,
  0x0a, 0x32, 0x03, 0x88, 0x0b, 0x80, 0x02, 0x30, 0x02, 0x31, 0x82, 0x42,
  0xf9, 0xd1, 0x22, 0x46, 0x03, 0xa8, 0x03, 0x30, 0x01, 0x21, 0x08, 0xbc,
  0x00, 0xf0, 0x42, 0xf8, 0x06, 0xb0, 0x10, 0xbc, 0x08, 0xbc, 0x02, 0xb0,
  0x18, 0x47, 0x00, 0x00, 0x08, 0xb4, 0xf0, 0xb5, 0x88, 0xb0, 0x04, 0x46,
  0x0d, 0x46, 0x16, 0x46, 0x18, 0xa7, 0x00, 0x28, 0x13, 0xd1, 0x0a, 0x22,
  0x0d, 0xa9, 0x05, 0xa8, 0x01, 0xf0, 0x5e, 0xfb, 0x81, 0xb0, 0x06, 0xa8,
  0x69, 0x46, 0x02, 0x46, 0x0a, 0x32, 0x03, 0x88, 0x0b, 0x80, 0x02, 0x30,
  0x02, 0x31, 0x82, 0x42, 0xf9, 0xd1, 0x2a, 0x46, 0xb1, 0xb2, 0x38, 0x46,
  0x12, 0xe0, 0x0a, 0x22, 0x0d, 0xa9, 0x02, 0xa8, 0x01, 0xf0, 0x4a, 0xfb,
  0x81, 0xb0, 0x03, 0xa8, 0x69, 0x46, 0x02, 0x46, 0x0a, 0x32, 0x03, 0x88,
  0x0b, 0x80, 0x02, 0x30, 0x02, 0x31, 0x82, 0x42, 0xf9, 0xd1, 0x2a, 0x46,
  0xb1, 0xb2, 0x20, 0x46, 0x08, 0xbc, 0x00, 0xf0, 0x09, 0xf8, 0x08, 0xb0,
  0xf0, 0xbc, 0x08, 0xbc, 0x01, 0xb0, 0x18, 0x47, 0x28, 0x4e, 0x55, 0x4c,
  0x4c, 0x29, 0x00, 0x00, 0x08, 0xb4, 0xf0, 0xb5, 0x84, 0xb0, 0x03, 0x90,
  0x15, 0x46, 0x00, 0x24, 0x0b, 0xa8, 0x03, 0x78, 0x58, 0x2b, 0x09, 0xd0,
  0x64, 0x2b, 0x07, 0xd0, 0x69, 0x2b, 0x05, 0xd0, 0x6f, 0x2b, 0x03, 0xd0,
  0x75, 0x2b, 0x01, 0xd0, 0x78, 0x2b, 0x4e, 0xd1, 0x26, 0x46, 0x22, 0x46,
  0x03, 0x98, 0x0b, 0x46, 0x0f, 0x18, 0x78, 0x1e, 0x07, 0x78, 0x01, 0x90,
  0x2d, 0x2f, 0x03, 0xd0, 0x2b, 0x2f, 0x01, 0xd0, 0x20, 0x2f, 0x01, 0xd1,
  0x4b, 0x1e, 0x9b, 0xb2, 0x09, 0xa8, 0x02, 0x27, 0xc7, 0x5f, 0x00, 0x2f,
  0x09, 0xdd, 0x02, 0xb4, 0x0a, 0xa8, 0x00, 0x78, 0x10, 0x21, 0x08, 0x40,
  0x02, 0xbc, 0x01, 0xd0, 0x7a, 0x1a, 0x00, 0xe0, 0x7e, 0x1a, 0x0a, 0xa9,
  0x08, 0x5f, 0x00, 0x28, 0x03, 0xdd, 0xc1, 0x1a, 0x91, 0x42, 0x00, 0xdd,
  0x0a, 0x46, 0x00, 0x2a, 0x00, 0xdd, 0xb6, 0x1a, 0x27, 0x46, 0x04, 0xe0,
  0x20, 0x20, 0x28, 0x55, 0x01, 0x34, 0xa4, 0xb2, 0x01, 0x37, 0xb7, 0x42,
  0xf8, 0xdb, 0x01, 0x99, 0x09, 0x78, 0x2d, 0x29, 0x02, 0xd1, 0x29, 0x55,
  0x01, 0x34, 0xa4, 0xb2, 0x00, 0x27, 0x04, 0xe0, 0x30, 0x20, 0x28, 0x55,
  0x01, 0x34, 0xa4, 0xb2, 0x01, 0x37, 0x97, 0x42, 0xf8, 0xdb, 0x5a, 0x1e,
  0x12, 0xb2, 0x00, 0x2a, 0x00, 0xda, 0x86, 0xe0, 0x03, 0x99, 0x89, 0x5c,
  0x29, 0x55, 0x01, 0x34, 0xa4, 0xb2, 0x01, 0x3a, 0xf5, 0xe7, 0x73, 0x2b,
  0x26, 0xd1, 0x0a, 0xaa, 0x26, 0x46, 0x90, 0x5f, 0x00, 0x28, 0x03, 0xdb,
  0xff, 0xf7, 0x6c, 0xfd, 0x80, 0xb2, 0x01, 0x46, 0x09, 0xa8, 0x02, 0x27,
  0xc7, 0x5f, 0x00, 0x2f, 0x01, 0xdb, 0x7a, 0x1a, 0x00, 0xe0, 0x22, 0x46,
  0x27, 0x46, 0x04, 0xe0, 0x20, 0x20, 0x28, 0x55, 0x01, 0x34, 0xa4, 0xb2,
  0x01, 0x37, 0x97, 0x42, 0xf8, 0xdb, 0x37, 0x46, 0x07, 0xe0, 0x03, 0x9a,
  0xd2, 0x5d, 0x00, 0x2a, 0x5d, 0xd0, 0x2a, 0x55, 0x01, 0x34, 0xa4, 0xb2,
  0x01, 0x37, 0x8f, 0x42, 0xf5, 0xdb, 0x56, 0xe0, 0x63, 0x2b, 0x1a, 0xd1,
  0x09, 0xa8, 0x02, 0x27, 0xc7, 0x5f, 0x0a, 0xb2, 0x97, 0x42, 0x09, 0xdd,
  0xba, 0x1a, 0x12, 0xb2, 0x04, 0xe0, 0x20, 0x20, 0x28, 0x55, 0x01, 0x34,
  0xa4, 0xb2, 0x01, 0x3a, 0x00, 0x2a, 0xf8, 0xdc, 0x4a, 0x1e, 0x12, 0xb2,
  0x00, 0x2a, 0x40, 0xdb, 0x03, 0x99, 0x89, 0x5c, 0x29, 0x55, 0x01, 0x34,
  0xa4, 0xb2, 0x01, 0x3a, 0xf6, 0xe7, 0x70, 0x2b, 0x37, 0xd1, 0x22, 0x46,
  0x09, 0xa8, 0x02, 0x27, 0xc7, 0x5f, 0x23, 0x46, 0x00, 0x2f, 0x01, 0xdd,
  0x8a, 0x1c, 0xba, 0x1a, 0x0a, 0xae, 0xf0, 0x5e, 0x00, 0x28, 0x01, 0xdd,
  0x8b, 0x1c, 0xc3, 0x1a, 0x00, 0x2a, 0x02, 0xdd, 0x00, 0x2b, 0x00, 0xdd,
  0xd2, 0x1a, 0x27, 0x46, 0x04, 0xe0, 0x20, 0x20, 0x28, 0x55, 0x01, 0x34,
  0xa4, 0xb2, 0x01, 0x37, 0x97, 0x42, 0xf8, 0xdb, 0x30, 0x20, 0x28, 0x55,
  0x01, 0x34, 0xa4, 0xb2, 0x78, 0x22, 0x2a, 0x55, 0x01, 0x34, 0xa4, 0xb2,
  0x00, 0x27, 0x03, 0xe0, 0x28, 0x55, 0x01, 0x34, 0xa4, 0xb2, 0x01, 0x37,
  0x9f, 0x42, 0xf9, 0xdb, 0x4a, 0x1e, 0x12, 0xb2, 0x05, 0xe0, 0x03, 0x99,
  0x89, 0x5c, 0x29, 0x55, 0x01, 0x34, 0xa4, 0xb2, 0x01, 0x3a, 0x00, 0x2a,
  0xf7, 0xda, 0x60, 0x19, 0x04, 0xb0, 0xf0, 0xbc, 0x08, 0xbc, 0x01, 0xb0,
  0x18, 0x47, 0xf0, 0xb5, 0x82, 0xb0, 0x00, 0x24, 0x26, 0x46, 0x27, 0x46,
  0x23, 0x46, 0x0c, 0x70, 0x01, 0x25, 0x6a, 0x42, 0x4a, 0x80, 0x8a, 0x80,
  0x8c, 0x71, 0x0c, 0x72, 0xcc, 0x71, 0x2a, 0x46, 0x85, 0x5c, 0x20, 0x2d,
  0x1f, 0xd0, 0x23, 0x2d, 0x1f, 0xd0, 0x01, 0xb4, 0x28, 0x46, 0x2a, 0x28,
  0x01, 0xbc, 0x1c, 0xd0, 0x01, 0xb4, 0x28, 0x46, 0x2b, 0x28, 0x01, 0xbc,
  0x11, 0xd0, 0x01, 0xb4, 0x28, 0x46, 0x2d, 0x28, 0x01, 0xbc, 0x06, 0xd0,
  0x01, 0xb4, 0x28, 0x46, 0x30, 0x28, 0x01, 0xbc, 0x13, 0xd1, 0x10, 0x25,
  0x00, 0xe0, 0x01, 0x25, 0x2b, 0x43, 0x0b, 0x70, 0x01, 0x32, 0x92, 0xb2,
  0xde, 0xe7, 0x02, 0x25, 0xf8, 0xe7, 0x04, 0x25, 0xf6, 0xe7, 0x08, 0x25,
  0xf4, 0xe7, 0x01, 0x25, 0xed, 0x43, 0x4d, 0x80, 0x01, 0x32, 0x92, 0xb2,
  0x11, 0xe0, 0x30, 0x2d, 0x0f, 0xd3, 0x39, 0x2d, 0x25, 0xd8, 0x01, 0xb4,
  0x0a, 0x20, 0x46, 0x43, 0x01, 0xbc, 0x30, 0x3d, 0x76, 0x19, 0x01, 0x32,
  0x92, 0xb2, 0x85, 0x5c, 0x30, 0x2d, 0x01, 0xd3, 0x39, 0x2d, 0xf2, 0xd9,
  0x4e, 0x80, 0x85, 0x5c, 0x2e, 0x2d, 0x14, 0xd1, 0x01, 0x32, 0x92, 0xb2,
  0x85, 0x5c, 0x2a, 0x2d, 0x09, 0xd1, 0x01, 0x25, 0xed, 0x43, 0x8d, 0x80,
  0x0b, 0xe0, 0x0a, 0x26, 0x77, 0x43, 0x30, 0x3d, 0x7f, 0x19, 0x01, 0x32,
  0x92, 0xb2, 0x85, 0x5c, 0x30, 0x2d, 0x01, 0xd3, 0x39, 0x2d, 0xf4, 0xd9,
  0x8f, 0x80, 0x86, 0x5c, 0x01, 0x25, 0x05, 0x27, 0x4c, 0x2e, 0x2c, 0xd0,
  0x68, 0x2e, 0x09, 0xd0, 0x6a, 0x2e, 0x20, 0xd0, 0x6c, 0x2e, 0x11, 0xd0,
  0x74, 0x2e, 0x1e, 0xd0, 0x7a, 0x2e, 0x29, 0xd1, 0x06, 0x24, 0x1b, 0xe0,
  0x02, 0x24, 0x8c, 0x71, 0x01, 0x32, 0x92, 0xb2, 0x86, 0x5c, 0x68, 0x2e,
  0x20, 0xd1, 0x8d, 0x71, 0x01, 0x32, 0x92, 0xb2, 0x2c, 0x46, 0x1b, 0xe0,
  0x03, 0x24, 0x8c, 0x71, 0x01, 0x32, 0x92, 0xb2, 0x86, 0x5c, 0x04, 0x24,
  0x6c, 0x2e, 0x13, 0xd1, 0x8c, 0x71, 0x01, 0x32, 0x92, 0xb2, 0x08, 0x24,
  0x0e, 0xe0, 0x8f, 0x71, 0x07, 0xe0, 0x07, 0x24, 0x8c, 0x71, 0x01, 0x32,
  0x92, 0xb2, 0x00, 0x24, 0x03, 0xe0, 0x08, 0x24, 0x8c, 0x71, 0x01, 0x32,
  0x92, 0xb2, 0x80, 0x26, 0x33, 0x43, 0x0b, 0x70, 0x86, 0x5c, 0x0e, 0x72,
  0x86, 0x5c, 0x25, 0x2e, 0x4c, 0xd0, 0x41, 0x2e, 0x3b, 0xd0, 0x45, 0x2e,
  0x1a, 0xd3, 0x47, 0x2e, 0x37, 0xd9, 0x58, 0x2e, 0x26, 0xd0, 0x61, 0x2e,
  0x33, 0xd0, 0x63, 0x2e, 0x12, 0xd3, 0x39, 0xd0, 0x64, 0x2e, 0x12, 0xd0,
  0x67, 0x2e, 0x2c, 0xd9, 0x69, 0x2e, 0x0e, 0xd0, 0x6e, 0x2e, 0x09, 0xd3,
  0x36, 0xd0, 0x70, 0x2e, 0x16, 0xd3, 0x31, 0xd0, 0x73, 0x2e, 0x2d, 0xd0,
  0x75, 0x2e, 0x11, 0xd0, 0x78, 0x2e, 0x0f, 0xd0, 0x00, 0x23, 0x0b, 0x72,
  0x2c, 0xe0, 0x01, 0x2c, 0x04, 0xd3, 0x21, 0xd0, 0x02, 0x2c, 0x03, 0xd0,
  0x04, 0x2c, 0x03, 0xd1, 0xcf, 0x71, 0x23, 0xe0, 0x03, 0x23, 0x20, 0xe0,
  0x07, 0x23, 0x1e, 0xe0, 0x01, 0x2c, 0x04, 0xd3, 0x05, 0xd0, 0x02, 0x2c,
  0x05, 0xd0, 0x04, 0x2c, 0x05, 0xd1, 0x06, 0x23, 0x15, 0xe0, 0x02, 0x23,
  0x13, 0xe0, 0x04, 0x23, 0x11, 0xe0, 0x08, 0x23, 0x0f, 0xe0, 0x80, 0x25,
  0x2b, 0x43, 0x0b, 0x70, 0x00, 0x2c, 0x01, 0xd1, 0x09, 0x23, 0x08, 0xe0,
  0x0a, 0x23, 0x06, 0xe0, 0xcd, 0x71, 0x05, 0xe0, 0x0b, 0x23, 0x02, 0xe0,
  0x0c, 0x23, 0x00, 0xe0, 0x00, 0x23, 0xcb, 0x71, 0x10, 0x18, 0x02, 0xb0,
  0xf0, 0xbd, 0x08, 0xb4, 0x00, 0xb5, 0x01, 0xab, 0x00, 0xf0, 0x04, 0xf8,
  0x08, 0xbc, 0x01, 0xb0, 0x18, 0x47, 0x00, 0x00, 0xf0, 0xb5, 0xbf, 0xb0,
  0x07, 0x90, 0x1e, 0x46, 0x17, 0x46, 0x04, 0x46, 0x41, 0x18, 0x4d, 0x1e,
  0x00, 0x23, 0x08, 0x93, 0x09, 0x93, 0x05, 0x93, 0x06, 0x93, 0x18, 0xe2,
  0x25, 0x2b, 0x00, 0xd0, 0x10, 0xe2, 0x00, 0x20, 0x04, 0x90, 0x2b, 0xa9,
  0x38, 0x46, 0xff, 0xf7, 0xea, 0xfe, 0x2c, 0xaa, 0xd3, 0x78, 0x07, 0x46,
  0x00, 0x2b, 0x29, 0xd0, 0x06, 0x2b, 0x0a, 0xd9, 0x08, 0x2b, 0x0d, 0xd9,
  0x0b, 0x2b, 0x17, 0xd3, 0x0c, 0x2b, 0x15, 0xd8, 0x04, 0x36, 0x33, 0x1f,
  0x18, 0x68, 0x06, 0x90, 0x1c, 0xe0, 0x04, 0x36, 0x33, 0x1f, 0x18, 0x68,
  0x05, 0x90, 0x17, 0xe0, 0x04, 0x20, 0x30, 0x40, 0x01, 0x46, 0x08, 0x31,
  0x76, 0x18, 0x08, 0x3e, 0x03, 0xce, 0x08, 0x90, 0x09, 0x91, 0x01, 0x22,
  0x04, 0x92, 0x0b, 0xe0, 0xc0, 0xa1, 0xac, 0x42, 0x00, 0xd3, 0xec, 0xe1,
  0x0a, 0x78, 0x00, 0x2a, 0x00, 0xd1, 0xe8, 0xe1, 0x22, 0x70, 0x01, 0x34,
  0x01, 0x31, 0xf4, 0xe7, 0x2b, 0xa8, 0x03, 0x78, 0x1b, 0x06, 0x0a, 0xd5,
  0xba, 0xa3, 0x02, 0xe0, 0x22, 0x70, 0x01, 0x34, 0x01, 0x33, 0xac, 0x42,
  0x02, 0xd2, 0x1a, 0x78, 0x00, 0x2a, 0xf7, 0xd1, 0xd0, 0xe1, 0x2d, 0xa8,
  0x03, 0x78, 0x25, 0x2b, 0x00, 0xd1, 0xc3, 0xe1, 0x58, 0x2b, 0x00, 0xd1,
  0x23, 0xe1, 0x63, 0x2b, 0x00, 0xd1, 0x65, 0xe1, 0x64, 0x2b, 0x10, 0xd0,
  0x69, 0x2b, 0x0e, 0xd0, 0x6f, 0x2b, 0x00, 0xd1, 0x97, 0xe0, 0x70, 0x2b,
  0x00, 0xd1, 0x93, 0xe1, 0x73, 0x2b, 0x00, 0xd1, 0x78, 0xe1, 0x75, 0x2b,
  0x49, 0xd0, 0x78, 0x2b, 0x00, 0xd1, 0xd2, 0xe0, 0xb2, 0xe1, 0x04, 0x98,
  0x00, 0x28, 0x20, 0xd1, 0x0a, 0x22, 0x2b, 0xa9, 0x28, 0xa8, 0x01, 0xf0,
  0xcd, 0xf8, 0x82, 0xb0, 0x2a, 0xab, 0x6a, 0x46, 0x19, 0x46, 0x0a, 0x31,
  0x18, 0x88, 0x10, 0x80, 0x02, 0x33, 0x02, 0x32, 0x99, 0x42, 0xf9, 0xd1,
  0x30, 0xa9, 0x07, 0x98, 0x0c, 0xbc, 0xff, 0xf7, 0x69, 0xfb, 0x2e, 0xab,
  0xac, 0x42, 0x00, 0xd3, 0x96, 0xe1, 0x83, 0x42, 0x00, 0xd3, 0x93, 0xe1,
  0x1a, 0x78, 0x22, 0x70, 0x01, 0x33, 0x01, 0x34, 0xf4, 0xe7, 0x0a, 0x22,
  0x2b, 0xa9, 0x25, 0xa8, 0x01, 0xf0, 0xac, 0xf8, 0x81, 0xb0, 0x26, 0xab,
  0x6a, 0x46, 0x19, 0x46, 0x0a, 0x31, 0x18, 0x88, 0x10, 0x80, 0x02, 0x33,
  0x02, 0x32, 0x99, 0x42, 0xf9, 0xd1, 0x2f, 0xaa, 0x09, 0x98, 0x0a, 0x99,
  0x08, 0xbc, 0xff, 0xf7, 0x87, 0xfb, 0x2e, 0xab, 0xac, 0x42, 0x00, 0xd3,
  0x74, 0xe1, 0x83, 0x42, 0x00, 0xd3, 0x71, 0xe1, 0x1a, 0x78, 0x22, 0x70,
  0x01, 0x33, 0x01, 0x34, 0xf4, 0xe7, 0x04, 0x98, 0x00, 0x28, 0x20, 0xd1,
  0x0a, 0x22, 0x2b, 0xa9, 0x22, 0xa8, 0x01, 0xf0, 0x87, 0xf8, 0x82, 0xb0,
  0x24, 0xab, 0x6a, 0x46, 0x19, 0x46, 0x0a, 0x31, 0x18, 0x88, 0x10, 0x80,
  0x02, 0x33, 0x02, 0x32, 0x99, 0x42, 0xf9, 0xd1, 0x30, 0xa9, 0x07, 0x98,
  0x0c, 0xbc, 0xff, 0xf7, 0xcd, 0xfb, 0x2e, 0xab, 0xac, 0x42, 0x00, 0xd3,
  0x50, 0xe1, 0x83, 0x42, 0x00, 0xd3, 0x4d, 0xe1, 0x1a, 0x78, 0x22, 0x70,
  0x01, 0x33, 0x01, 0x34, 0xf4, 0xe7, 0x0a, 0x22, 0x2b, 0xa9, 0x1f, 0xa8,
  0x01, 0xf0, 0x66, 0xf8, 0x81, 0xb0, 0x20, 0xab, 0x6a, 0x46, 0x19, 0x46,
  0x0a, 0x31, 0x18, 0x88, 0x10, 0x80, 0x02, 0x33, 0x02, 0x32, 0x99, 0x42,
  0xf9, 0xd1, 0x2f, 0xaa, 0x09, 0x98, 0x0a, 0x99, 0x08, 0xbc, 0xff, 0xf7,
  0xd5, 0xfb, 0x2e, 0xab, 0xac, 0x42, 0x00, 0xd3, 0x2e, 0xe1, 0x83, 0x42,
  0x00, 0xd3, 0x2b, 0xe1, 0x1a, 0x78, 0x22, 0x70, 0x01, 0x33, 0x01, 0x34,
  0xf4, 0xe7, 0x04, 0x98, 0x00, 0x28, 0x20, 0xd1, 0x0a, 0x22, 0x2b, 0xa9,
  0x1c, 0xa8, 0x01, 0xf0, 0x41, 0xf8, 0x82, 0xb0, 0x1e, 0xab, 0x6a, 0x46,
  0x19, 0x46, 0x0a, 0x31, 0x18, 0x88, 0x10, 0x80, 0x02, 0x33, 0x02, 0x32,
  0x99, 0x42, 0xf9, 0xd1, 0x30, 0xa9, 0x07, 0x98, 0x0c, 0xbc, 0xff, 0xf7,
  0xf7, 0xfb, 0x2e, 0xab, 0xac, 0x42, 0x00, 0xd3, 0x0a, 0xe1, 0x83, 0x42,
  0x00, 0xd3, 0x07, 0xe1, 0x1a, 0x78, 0x22, 0x70, 0x01, 0x33, 0x01, 0x34,
  0xf4, 0xe7, 0x0a, 0x22, 0x2b, 0xa9, 0x19, 0xa8, 0x01, 0xf0, 0x20, 0xf8,
  0x81, 0xb0, 0x1a, 0xab, 0x6a, 0x46, 0x19, 0x46, 0x0a, 0x31, 0x18, 0x88,
  0x10, 0x80, 0x02, 0x33, 0x02, 0x32, 0x99, 0x42, 0xf9, 0xd1, 0x2f, 0xaa,
  0x09, 0x98, 0x0a, 0x99, 0x08, 0xbc, 0xff, 0xf7, 0xfe, 0xfb, 0x2e, 0xab,
  0xac, 0x42, 0x00, 0xd3, 0xe8, 0xe0, 0x83, 0x42, 0x00, 0xd3, 0xe5, 0xe0,
  0x1a, 0x78, 0x22, 0x70, 0x01, 0x33, 0x01, 0x34, 0xf4, 0xe7, 0x04, 0x98,
  0x00, 0x28, 0x21, 0xd1, 0x0a, 0x22, 0x2b, 0xa9, 0x16, 0xa8, 0x00, 0xf0,
  0xfb, 0xff, 0x81, 0xb0, 0x17, 0xab, 0x6a, 0x46, 0x19, 0x46, 0x0a, 0x31,
  0x18, 0x88, 0x10, 0x80, 0x02, 0x33, 0x02, 0x32, 0x99, 0x42, 0xf9, 0xd1,
  0x34, 0x4a, 0x2f, 0xa9, 0x06, 0x98, 0x08, 0xbc, 0xff, 0xf7, 0x07, 0xfc,
  0x2e, 0xab, 0xac, 0x42, 0x00, 0xd3, 0xc3, 0xe0, 0x83, 0x42, 0x00, 0xd3,
  0xc0, 0xe0, 0x1a, 0x78, 0x22, 0x70, 0x01, 0x33, 0x01, 0x34, 0xf4, 0xe7,
  0x0a, 0x22, 0x2b, 0xa9, 0x68, 0x46, 0x00, 0xf0, 0xc1, 0xfe, 0x29, 0x4b,
  0x2e, 0xaa, 0x08, 0x98, 0x09, 0x99, 0xff, 0xf7, 0x19, 0xfc, 0x2e, 0xab,
  0xac, 0x42, 0x00, 0xd3, 0xac, 0xe0, 0x83, 0x42, 0x00, 0xd3, 0xa9, 0xe0,
  0x1a, 0x78, 0x22, 0x70, 0x01, 0x33, 0x01, 0x34, 0xf4, 0xe7, 0x04, 0x98,
  0x00, 0x28, 0x21, 0xd1, 0x0a, 0x22, 0x2b, 0xa9, 0x13, 0xa8, 0x00, 0xf0,
  0xbf, 0xff, 0x81, 0xb0, 0x14, 0xab, 0x6a, 0x46, 0x19, 0x46, 0x0a, 0x31,
  0x18, 0x88, 0x10, 0x80, 0x02, 0x33, 0x02, 0x32, 0x99, 0x42, 0xf9, 0xd1,
  0x17, 0x4a, 0x2f, 0xa9, 0x06, 0x98, 0x08, 0xbc, 0xff, 0xf7, 0xcb, 0xfb,
  0x2e, 0xab, 0xac, 0x42, 0x00, 0xd3, 0x87, 0xe0, 0x83, 0x42, 0x00, 0xd3,
  0x84, 0xe0, 0x1a, 0x78, 0x22, 0x70, 0x01, 0x33, 0x01, 0x34, 0xf4, 0xe7,
  0x0a, 0x22, 0x2b, 0xa9, 0x68, 0x46, 0x00, 0xf0, 0x85, 0xfe, 0x0c, 0x4b,
  0x2e, 0xaa, 0x08, 0x98, 0x09, 0x99, 0xff, 0xf7, 0xdd, 0xfb, 0x2e, 0xab,
  0xac, 0x42, 0x71, 0xd2, 0x83, 0x42, 0x6f, 0xd2, 0x1a, 0x78, 0x22, 0x70,
  0x01, 0x33, 0x01, 0x34, 0xf6, 0xe7, 0x00, 0xbf, 0x28, 0x65, 0x72, 0x72,
  0x29, 0x0a, 0x00, 0x00, 0x3f, 0x3f, 0x00, 0x00, 0xe8, 0x4d, 0x00, 0x00,
  0xd8, 0x4d, 0x00, 0x00, 0x0a, 0x22, 0x2b, 0xa9, 0x10, 0xa8, 0x00, 0xf0,
  0x7d, 0xff, 0x82, 0xb0, 0x12, 0xab, 0x6a, 0x46, 0x19, 0x46, 0x0a, 0x31,
  0x18, 0x88, 0x10, 0x80, 0x02, 0x33, 0x02, 0x32, 0x99, 0x42, 0xf9, 0xd1,
  0x07, 0x98, 0x30, 0xa9, 0xc0, 0xb2, 0x0c, 0xbc, 0xff, 0xf7, 0xdd, 0xfb,
  0x2e, 0xab, 0xac, 0x42, 0x46, 0xd2, 0x83, 0x42, 0x44, 0xd2, 0x1a, 0x78,
  0x22, 0x70, 0x01, 0x33, 0x01, 0x34, 0xf6, 0xe7, 0x0a, 0x22, 0x2b, 0xa9,
  0x0d, 0xa8, 0x00, 0xf0, 0x5d, 0xff, 0x81, 0xb0, 0x0e, 0xab, 0x6a, 0x46,
  0x19, 0x46, 0x0a, 0x31, 0x18, 0x88, 0x10, 0x80, 0x02, 0x33, 0x02, 0x32,
  0x99, 0x42, 0xf9, 0xd1, 0x2a, 0x1b, 0x21, 0x46, 0x07, 0x98, 0x08, 0xbc,
  0xff, 0xf7, 0xe0, 0xfb, 0x04, 0x46, 0x27, 0xe0, 0x0a, 0x22, 0x2b, 0xa9,
  0x0a, 0xa8, 0x00, 0xf0, 0x45, 0xff, 0x81, 0xb0, 0x0b, 0xab, 0x6a, 0x46,
  0x19, 0x46, 0x0a, 0x31, 0x18, 0x88, 0x10, 0x80, 0x02, 0x33, 0x02, 0x32,
  0x99, 0x42, 0xf9, 0xd1, 0x11, 0x4a, 0x2f, 0xa9, 0x07, 0x98, 0x08, 0xbc,
  0xff, 0xf7, 0x51, 0xfb, 0x2e, 0xab, 0xac, 0x42, 0x0e, 0xd2, 0x83, 0x42,
  0x0c, 0xd2, 0x1a, 0x78, 0x22, 0x70, 0x01, 0x33, 0x01, 0x34, 0xf6, 0xe7,
  0xac, 0x42, 0x05, 0xd2, 0x3b, 0x78, 0x01, 0xe0, 0xac, 0x42, 0x01, 0xd2,
  0x23, 0x70, 0x01, 0x34, 0x01, 0x37, 0x3b, 0x78, 0x00, 0x2b, 0x00, 0xd0,
  0xe2, 0xe5, 0x00, 0x21, 0x07, 0x9a, 0x21, 0x70, 0xa0, 0x1a, 0x3f, 0xb0,
  0xf0, 0xbd, 0x00, 0xbf, 0xd8, 0x4d, 0x00, 0x00, 0x70, 0x47, 0x70, 0x47,
  0x70, 0x47, 0x70, 0x47, 0x70, 0x47, 0x00, 0x20, 0x70, 0x47, 0x70, 0x47,
  0x70, 0x47, 0x40, 0x20, 0x70, 0x47, 0x04, 0xb5, 0x00, 0x28, 0x02, 0xd0,
  0xc0, 0x68, 0x00, 0xf0, 0xde, 0xf8, 0x04, 0xbd, 0x34, 0xb5, 0x00, 0x28,
  0x0d, 0xd0, 0x85, 0x68, 0x28, 0x46, 0x00, 0xf0, 0xe4, 0xf8, 0x04, 0x46,
  0x28, 0x46, 0x00, 0xf0, 0x0d, 0xf9, 0x01, 0x38, 0xa0, 0x42, 0x01, 0xd8,
  0x00, 0x20, 0x00, 0xe0, 0x01, 0x20, 0x34, 0xbd, 0x70, 0xb5, 0x0d, 0x46,
  0x00, 0x28, 0x0e, 0xd0, 0xc6, 0x68, 0x30, 0x46, 0x00, 0xf0, 0xd1, 0xf8,
  0x04, 0x46, 0x30, 0x46, 0x00, 0xf0, 0xfa, 0xf8, 0x00, 0x1b, 0x01, 0x38,
  0xa8, 0x42, 0x01, 0xd2, 0x00, 0x20, 0x00, 0xe0, 0x01, 0x20, 0x70, 0xbd,
  0x04, 0xb5, 0x00, 0x28, 0x01, 0xd1, 0x01, 0x20, 0x07, 0xe0, 0xc0, 0x68,
  0x00, 0xf0, 0xbd, 0xf8, 0x00, 0x28, 0x01, 0xd0, 0x00, 0x20, 0x00, 0xe0,
  0x01, 0x20, 0x04, 0xbd, 0x04, 0xb5, 0x00, 0x28, 0x02, 0xd0, 0x80, 0x68,
  0x00, 0xf0, 0xde, 0xf8, 0x04, 0xbd, 0x04, 0xb5, 0xc0, 0x68, 0x00, 0xf0,
  0xd9, 0xf8, 0x04, 0xbd, 0x10, 0xb5, 0x1c, 0x46, 0x00, 0x28, 0x03, 0xd0,
  0x00, 0x29, 0x01, 0xd0, 0x00, 0x2a, 0x01, 0xd1, 0x16, 0x20, 0x05, 0xe0,
  0x02, 0xaa, 0xc0, 0x68, 0x13, 0x78, 0x22, 0x46, 0x00, 0xf0, 0xcc, 0xf8,
  0x10, 0xbd, 0x30, 0xb5, 0x83, 0xb0, 0x05, 0x46, 0x76, 0x24, 0x00, 0x28,
  0x07, 0xd1, 0x16, 0x24, 0x0c, 0xe0, 0x01, 0xa9, 0xc8, 0x78, 0x01, 0x28,
  0x01, 0xd1, 0x00, 0x24, 0x06, 0xe0, 0x01, 0xa9, 0x03, 0x31, 0xe8, 0x68,
  0x00, 0xf0, 0x9e, 0xf9, 0x00, 0x28, 0xf2, 0xd0, 0x20, 0x46, 0x03, 0xb0,
  0x30, 0xbd, 0x34, 0xb5, 0x04, 0x46, 0x00, 0x28, 0x08, 0xd0, 0x00, 0x29,
  0x06, 0xd0, 0x00, 0x2a, 0x04, 0xd0, 0x00, 0x2b, 0x02, 0xd0, 0x80, 0x68,
  0x00, 0x28, 0x01, 0xd1, 0x16, 0x25, 0x0e, 0xe0, 0x00, 0xf0, 0xec, 0xf8,
  0x05, 0x46, 0xa0, 0x68, 0x00, 0xf0, 0x6d, 0xf8, 0x00, 0x28, 0x06, 0xd1,
  0x20, 0x46, 0x94, 0x30, 0x01, 0x68, 0x00, 0x29, 0x01, 0xd0, 0x40, 0x68,
  0x88, 0x47, 0x28, 0x46, 0x34, 0xbd, 0x04, 0xb5, 0x00, 0x28, 0x01, 0xd0,
  0x00, 0x29, 0x01, 0xd1, 0x16, 0x20, 0x03, 0xe0, 0x01, 0x23, 0x80, 0x68,
  0x00, 0xf0, 0x88, 0xf8, 0x04, 0xbd, 0x34, 0xb5, 0x05, 0x46, 0x0c, 0x46,
  0x00, 0x28, 0x01, 0xd0, 0x08, 0x1c, 0x01, 0xd1, 0x16, 0x20, 0x07, 0xe0,
  0x00, 0xf0, 0x62, 0xf8, 0x00, 0x28, 0x01, 0xd1, 0x75, 0x20, 0x01, 0xe0,
  0xac, 0x60, 0x00, 0x20, 0x34, 0xbd, 0x34, 0xb5, 0x05, 0x46, 0x0c, 0x46,
  0x00, 0x28, 0x01, 0xd0, 0x08, 0x1c, 0x01, 0xd1, 0x16, 0x20, 0x07, 0xe0,
  0x00, 0xf0, 0x50, 0xf8, 0x00, 0x28, 0x01, 0xd1, 0x75, 0x20, 0x01, 0xe0,
  0xec, 0x60, 0x00, 0x20, 0x34, 0xbd, 0x00, 0x28, 0x01, 0xd1, 0x16, 0x20,
  0x00, 0xe0, 0x00, 0x20, 0x70, 0x47, 0x00, 0x00, 0x34, 0xb5, 0x04, 0x46,
  0x15, 0x46, 0x00, 0x28, 0x0b, 0xd0, 0x00, 0x29, 0x03, 0xd0, 0x05, 0xa1,
  0x80, 0x68, 0x00, 0xf0, 0x77, 0xfa, 0x00, 0x2d, 0x03, 0xd0, 0x03, 0xa1,
  0xe0, 0x68, 0x00, 0xf0, 0x71, 0xfa, 0x34, 0xbd, 0x52, 0x58, 0x00, 0x00,
  0x54, 0x58, 0x00, 0x00, 0x04, 0xb5, 0x00, 0x28, 0x02, 0xd0, 0xc0, 0x68,
  0x00, 0xf0, 0x01, 0xf8, 0x04, 0xbd, 0x10, 0xb5, 0x04, 0x46, 0x00, 0x28,
  0x08, 0xd0, 0x00, 0xf0, 0x08, 0xf8, 0xa1, 0x68, 0x49, 0x08, 0x88, 0x42,
  0x01, 0xd3, 0x01, 0x20, 0x00, 0xe0, 0x00, 0x20, 0x10, 0xbd, 0x10, 0xb5,
  0x01, 0x46, 0x00, 0x28, 0x01, 0xd1, 0xc0, 0x43, 0x0f, 0xe0, 0xc4, 0x68,
  0x03, 0x7f, 0xc2, 0x7e, 0x80, 0x7e, 0x1b, 0x06, 0x12, 0x04, 0x00, 0x02,
  0x02, 0x43, 0x48, 0x7e, 0x1a, 0x43, 0x10, 0x43, 0x20, 0x1a, 0x02, 0xd5,
  0x89, 0x68, 0x49, 0x00, 0x40, 0x18, 0x10, 0xbd, 0x00, 0x21, 0x00, 0x28,
  0x03, 0xd0, 0x01, 0x8d, 0xc0, 0x8c, 0x09, 0x04, 0x01, 0x43, 0x08, 0x46,
  0x70, 0x47, 0x00, 0x21, 0x00, 0x28, 0x03, 0xd0, 0x81, 0x8d, 0x40, 0x8d,
  0x09, 0x04, 0x01, 0x43, 0x08, 0x46, 0x70, 0x47, 0x00, 0x28, 0x00, 0xd0,
  0x80, 0x68, 0x70, 0x47, 0x00, 0x28, 0x00, 0xd0, 0x80, 0x68, 0x70, 0x47,
  0x34, 0xb5, 0x04, 0x46, 0x00, 0x28, 0x01, 0xd1, 0x16, 0x20, 0x42, 0xe0,
  0x00, 0x29, 0xfb, 0xd0, 0x00, 0x69, 0xc5, 0x78, 0x2d, 0x06, 0x01, 0xd5,
  0x05, 0x20, 0x3a, 0xe0, 0x45, 0x25, 0xed, 0x05, 0x49, 0x19, 0x01, 0x72,
  0x09, 0x0a, 0x41, 0x72, 0x09, 0x0a, 0x81, 0x72, 0x09, 0x0a, 0xc1, 0x72,
  0x02, 0x71, 0x11, 0x0a, 0x41, 0x71, 0x00, 0x21, 0x81, 0x71, 0xc1, 0x71,
  0x00, 0x2b, 0x03, 0xd0, 0x81, 0x78, 0x04, 0x22, 0x11, 0x43, 0x02, 0xe0,
  0x81, 0x78, 0x04, 0x22, 0x91, 0x43, 0x81, 0x70, 0x61, 0x69, 0x48, 0x78,
  0x02, 0x23, 0x18, 0x43, 0x48, 0x70, 0xff, 0xe7, 0xbf, 0xf3, 0x52, 0x8f,
  0x21, 0x69, 0xc8, 0x78, 0x80, 0x22, 0x10, 0x43, 0xc8, 0x70, 0xe0, 0x68,
  0xa1, 0x68, 0x01, 0x30, 0x4a, 0x00, 0x90, 0x42, 0x00, 0xd3, 0x00, 0x20,
  0xe0, 0x60, 0x88, 0x42, 0x00, 0xd3, 0x40, 0x1a, 0x22, 0x68, 0x01, 0x01,
  0x89, 0x18, 0x21, 0x61, 0x61, 0x68, 0xc0, 0x00, 0x08, 0x18, 0x60, 0x61,
  0x00, 0x20, 0x34, 0xbd, 0xf4, 0xb5, 0x04, 0x46, 0x0d, 0x46, 0x16, 0x46,
  0x1f, 0x46, 0x00, 0x28, 0x01, 0xd1, 0x16, 0x20, 0x91, 0xe0, 0x00, 0x29,
  0xfb, 0xd0, 0x00, 0x2a, 0xf9, 0xd0, 0x00, 0x2b, 0xf7, 0xd0, 0x20, 0x22,
  0xc1, 0x7f, 0x12, 0x5c, 0x80, 0x7f, 0x12, 0x06, 0x09, 0x04, 0x00, 0x02,
  0x01, 0x43, 0x60, 0x7f, 0x11, 0x43, 0x08, 0x43, 0xc1, 0x78, 0x09, 0x06,
  0x10, 0xd5, 0x24, 0x23, 0x1b, 0x5d, 0x1b, 0x06, 0x23, 0x22, 0x12, 0x5d,
  0x12, 0x04, 0x22, 0x21, 0x09, 0x5d, 0x09, 0x02, 0x0a, 0x43, 0x21, 0x21,
  0x09, 0x5d, 0x1a, 0x43, 0x11, 0x43, 0x4a, 0x78, 0x92, 0x07, 0x01, 0xd5,
  0x76, 0x20, 0x6a, 0xe0, 0xc2, 0x78, 0x80, 0x23, 0x9a, 0x43, 0xc2, 0x70,
  0x48, 0x78, 0x02, 0x22, 0x10, 0x43, 0x48, 0x70, 0xbf, 0xf3, 0x52, 0x8f,
  0x20, 0x22, 0xe1, 0x7f, 0xa0, 0x7f, 0x12, 0x5d, 0x12, 0x06, 0x09, 0x04,
  0x00, 0x02, 0x01, 0x43, 0x60, 0x7f, 0x11, 0x43, 0x08, 0x43, 0xc2, 0x7a,
  0x81, 0x7a, 0x43, 0x7a, 0x00, 0x7a, 0x12, 0x06, 0x09, 0x04, 0x1b, 0x02,
  0x19, 0x43, 0x11, 0x43, 0x08, 0x43, 0x45, 0x21, 0xc9, 0x05, 0x40, 0x1a,
  0x28, 0x60, 0x24, 0x22, 0x12, 0x5d, 0x12, 0x06, 0x23, 0x21, 0x09, 0x5d,
  0x09, 0x04, 0x22, 0x20, 0x00, 0x5d, 0x00, 0x02, 0x01, 0x43, 0x21, 0x20,
  0x00, 0x5d, 0x11, 0x43, 0x08, 0x43, 0x41, 0x79, 0x02, 0x79, 0x09, 0x02,
  0x11, 0x43, 0x31, 0x60, 0x00, 0x78, 0x40, 0x06, 0xc0, 0x0f, 0x38, 0x70,
  0x22, 0x7f, 0xe1, 0x7e, 0xa0, 0x7e, 0xa3, 0x68, 0x12, 0x06, 0x09, 0x04,
  0x00, 0x02, 0x01, 0x43, 0x60, 0x7e, 0x11, 0x43, 0x08, 0x43, 0x01, 0x30,
  0x59, 0x00, 0x88, 0x42, 0x00, 0xd3, 0x00, 0x20, 0x60, 0x76, 0x01, 0x0a,
  0xa1, 0x76, 0x09, 0x0a, 0xe1, 0x76, 0x09, 0x0a, 0x21, 0x77, 0x98, 0x42,
  0x00, 0xd3, 0xc0, 0x1a, 0x22, 0x68, 0x01, 0x01, 0x89, 0x18, 0x22, 0x46,
  0x61, 0x77, 0x09, 0x0a, 0xa1, 0x77, 0x09, 0x0a, 0xe1, 0x77, 0x1d, 0x32,
  0x09, 0x0a, 0xd1, 0x70, 0x61, 0x68, 0xc0, 0x00, 0x08, 0x18, 0x10, 0x71,
  0x00, 0x0a, 0x50, 0x71, 0x00, 0x0a, 0x90, 0x71, 0x00, 0x0a, 0xd0, 0x71,
  0x00, 0x20, 0xf4, 0xbd, 0x70, 0xb5, 0x04, 0x46, 0x00, 0x28, 0x01, 0xd1,
  0x16, 0x20, 0x78, 0xe0, 0x20, 0x23, 0xc2, 0x7f, 0x1b, 0x5c, 0x80, 0x7f,
  0x1b, 0x06, 0x12, 0x04, 0x00, 0x02, 0x02, 0x43, 0x60, 0x7f, 0x1a, 0x43,
  0x10, 0x43, 0xc2, 0x78, 0x12, 0x06, 0x11, 0xd5, 0x24, 0x23, 0x1b, 0x5d,
  0x1b, 0x06, 0x23, 0x22, 0x12, 0x5d, 0x12, 0x04, 0x22, 0x25, 0x2d, 0x5d,
  0x26, 0x46, 0x2d, 0x02, 0x2a, 0x43, 0x21, 0x36, 0x35, 0x78, 0x1a, 0x43,
  0x15, 0x43, 0x6a, 0x78, 0x92, 0x07, 0x01, 0xd5, 0x76, 0x20, 0x56, 0xe0,
  0x80, 0x78, 0x40, 0x07, 0xc0, 0x0f, 0x08, 0x70, 0x20, 0x22, 0xe1, 0x7f,
  0xa0, 0x7f, 0x12, 0x5d, 0x12, 0x06, 0x09, 0x04, 0x00, 0x02, 0x01, 0x43,
  0x60, 0x7f, 0x11, 0x43, 0x08, 0x43, 0xc1, 0x78, 0x80, 0x22, 0x91, 0x43,
  0xc1, 0x70, 0x24, 0x22, 0x12, 0x5d, 0x12, 0x06, 0x23, 0x21, 0x09, 0x5d,
  0x09, 0x04, 0x22, 0x20, 0x00, 0x5d, 0x00, 0x02, 0x01, 0x43, 0x30, 0x78,
  0x11, 0x43, 0x08, 0x43, 0x41, 0x78, 0x02, 0x22, 0x11, 0x43, 0x41, 0x70,
  0xbf, 0xf3, 0x52, 0x8f, 0x22, 0x7f, 0xe1, 0x7e, 0xa0, 0x7e, 0xa3, 0x68,
  0x12, 0x06, 0x09, 0x04, 0x00, 0x02, 0x01, 0x43, 0x60, 0x7e, 0x11, 0x43,
  0x08, 0x43, 0x01, 0x30, 0x59, 0x00, 0x88, 0x42, 0x00, 0xd3, 0x00, 0x20,
  0x60, 0x76, 0x01, 0x0a, 0xa1, 0x76, 0x09, 0x0a, 0xe1, 0x76, 0x09, 0x0a,
  0x21, 0x77, 0x98, 0x42, 0x00, 0xd3, 0xc0, 0x1a, 0x22, 0x68, 0x01, 0x01,
  0x89, 0x18, 0x22, 0x46, 0x61, 0x77, 0x09, 0x0a, 0xa1, 0x77, 0x09, 0x0a,
  0xe1, 0x77, 0x1d, 0x32, 0x09, 0x0a, 0xd1, 0x70, 0x61, 0x68, 0xc0, 0x00,
  0x08, 0x18, 0x10, 0x71, 0x00, 0x0a, 0x50, 0x71, 0x00, 0x0a, 0x90, 0x71,
  0x00, 0x0a, 0xd0, 0x71, 0x00, 0x20, 0x70, 0xbd, 0x70, 0xb5, 0x04, 0x46,
  0x0d, 0x46, 0x00, 0x28, 0x01, 0xd0, 0x00, 0x29, 0x01, 0xd1, 0x16, 0x20,
  0x94, 0xe0, 0xff, 0xf7, 0x5e, 0xfe, 0x00, 0x28, 0x00, 0xd1, 0x8e, 0xe0,
  0x61, 0x69, 0x48, 0x78, 0x80, 0x07, 0x29, 0xd5, 0x20, 0x69, 0xc6, 0x7a,
  0x83, 0x7a, 0x42, 0x7a, 0x36, 0x06, 0x1b, 0x04, 0x12, 0x02, 0x13, 0x43,
  0x02, 0x7a, 0x33, 0x43, 0x1a, 0x43, 0x41, 0x4b, 0xd2, 0x1a, 0x2a, 0x60,
  0xc2, 0x78, 0x80, 0x23, 0x9a, 0x43, 0xc2, 0x70, 0x48, 0x78, 0x02, 0x22,
  0x10, 0x43, 0x48, 0x70, 0xe0, 0x68, 0x00, 0x28, 0x01, 0xd1, 0xa0, 0x68,
  0x40, 0x00, 0x01, 0x38, 0xa1, 0x68, 0xe0, 0x60, 0x88, 0x42, 0x00, 0xd3,
  0x40, 0x1a, 0x22, 0x68, 0x01, 0x01, 0x89, 0x18, 0x21, 0x61, 0x61, 0x68,
  0xc0, 0x00, 0x08, 0x18, 0x60, 0x61, 0x5e, 0xe0, 0x20, 0x21, 0xe0, 0x7f,
  0xa2, 0x7f, 0x09, 0x5d, 0x09, 0x06, 0x00, 0x04, 0x12, 0x02, 0x10, 0x43,
  0x62, 0x7f, 0x08, 0x43, 0x02, 0x43, 0xd1, 0x7a, 0x90, 0x7a, 0x53, 0x7a,
  0x09, 0x06, 0x00, 0x04, 0x1b, 0x02, 0x18, 0x43, 0x13, 0x7a, 0x08, 0x43,
  0x03, 0x43, 0x27, 0x48, 0x18, 0x1a, 0x28, 0x60, 0xd0, 0x78, 0x80, 0x21,
  0x88, 0x43, 0xd0, 0x70, 0x24, 0x21, 0x09, 0x5d, 0x09, 0x06, 0x23, 0x20,
  0x00, 0x5d, 0x00, 0x04, 0x22, 0x22, 0x12, 0x5d, 0x12, 0x02, 0x10, 0x43,
  0x21, 0x22, 0x12, 0x5d, 0x08, 0x43, 0x02, 0x43, 0x50, 0x78, 0x02, 0x21,
  0x08, 0x43, 0x50, 0x70, 0x21, 0x7f, 0xe0, 0x7e, 0xa2, 0x7e, 0x09, 0x06,
  0x00, 0x04, 0x12, 0x02, 0x10, 0x43, 0x08, 0x43, 0x62, 0x7e, 0xa1, 0x68,
  0x02, 0x43, 0x01, 0x32, 0x48, 0x00, 0x82, 0x42, 0x00, 0xd3, 0x00, 0x22,
  0x62, 0x76, 0x10, 0x0a, 0xa0, 0x76, 0x00, 0x0a, 0xe0, 0x76, 0x00, 0x0a,
  0x20, 0x77, 0x8a, 0x42, 0x00, 0xd3, 0x52, 0x1a, 0x21, 0x68, 0x10, 0x01,
  0x40, 0x18, 0x20, 0x21, 0x60, 0x77, 0x00, 0x0a, 0xa0, 0x77, 0x00, 0x0a,
  0xe0, 0x77, 0x00, 0x0a, 0x08, 0x55, 0x60, 0x68, 0xd1, 0x00, 0x40, 0x18,
  0x21, 0x46, 0x21, 0x31, 0x08, 0x70, 0x00, 0x0a, 0x48, 0x70, 0x00, 0x0a,
  0x88, 0x70, 0x00, 0x0a, 0xc8, 0x70, 0x00, 0x20, 0x00, 0xe0, 0x02, 0x20,
  0x70, 0xbd, 0x00, 0xbf, 0x00, 0x00, 0x80, 0x22, 0x04, 0xb5, 0x00, 0x28,
  0x01, 0xd0, 0x00, 0xf0, 0x01, 0xf8, 0x04, 0xbd, 0x30, 0xb5, 0x00, 0x28,
  0x13, 0xd0, 0x00, 0x21, 0x0e, 0xe0, 0x03, 0x68, 0x0a, 0x01, 0xd3, 0x18,
  0xda, 0x78, 0x80, 0x24, 0xa2, 0x43, 0xda, 0x70, 0x43, 0x68, 0xca, 0x00,
  0xd3, 0x18, 0x5a, 0x78, 0x02, 0x25, 0x2a, 0x43, 0x5a, 0x70, 0x01, 0x31,
  0x82, 0x68, 0x91, 0x42, 0xed, 0xd3, 0x30, 0xbd, 0x70, 0x47, 0x70, 0xb5,
  0x82, 0xb0, 0x04, 0x46, 0x07, 0xae, 0x35, 0x78, 0x01, 0x2d, 0x06, 0xd0,
  0x00, 0x28, 0x04, 0xd0, 0x00, 0x29, 0x02, 0xd0, 0x10, 0x46, 0x28, 0x43,
  0x01, 0xd1, 0x16, 0x25, 0x0e, 0xe0, 0x06, 0xae, 0x36, 0x78, 0x20, 0x46,
  0x00, 0x96, 0x00, 0xf0, 0x0c, 0xf8, 0x05, 0x1e, 0x06, 0xd1, 0x08, 0xa8,
  0x00, 0x78, 0x01, 0x28, 0x02, 0xd1, 0x20, 0x46, 0x00, 0xf0, 0x48, 0xf8,
  0x28, 0x46, 0x02, 0xb0, 0x70, 0xbd, 0xf4, 0xb5, 0x04, 0x46, 0x0d, 0x46,
  0x16, 0x46, 0x1f, 0x46, 0x00, 0x29, 0x00, 0xd0, 0x00, 0x2a, 0x03, 0xd0,
  0x08, 0x07, 0x01, 0xd1, 0x50, 0x07, 0x01, 0xd0, 0x16, 0x20, 0x34, 0xe0,
  0x10, 0x21, 0x20, 0x46, 0x00, 0xf0, 0x2c, 0xfc, 0x25, 0x60, 0x28, 0x46,
  0xff, 0xf7, 0x72, 0xfc, 0xe0, 0x84, 0x00, 0x0c, 0x20, 0x85, 0x66, 0x60,
  0x30, 0x46, 0xff, 0xf7, 0x6b, 0xfc, 0x60, 0x85, 0x00, 0x0c, 0xa0, 0x85,
  0xa7, 0x60, 0x00, 0x20, 0xe0, 0x60, 0x00, 0x21, 0x61, 0x76, 0xa1, 0x76,
  0xe1, 0x76, 0x21, 0x77, 0x20, 0x46, 0x19, 0x30, 0x06, 0xaa, 0x12, 0x78,
  0x22, 0x76, 0x22, 0x68, 0x01, 0x1d, 0x02, 0x71, 0x10, 0x0a, 0x48, 0x70,
  0x00, 0x0a, 0x88, 0x70, 0x00, 0x0a, 0xc8, 0x70, 0x22, 0x61, 0x62, 0x68,
  0x21, 0x46, 0x21, 0x31, 0x10, 0x0a, 0x48, 0x70, 0x0a, 0x70, 0x00, 0x0a,
  0x88, 0x70, 0x00, 0x0a, 0xc8, 0x70, 0x62, 0x61, 0x00, 0x20, 0xf4, 0xbd,
  0xf4, 0xb5, 0x04, 0x46, 0x80, 0x68, 0x01, 0x01, 0x20, 0x68, 0x00, 0xf0,
  0x07, 0xfc, 0x25, 0x68, 0x20, 0x8d, 0xe1, 0x8c, 0x00, 0x04, 0x01, 0x43,
  0x00, 0x22, 0x1a, 0xe0, 0x20, 0x7e, 0x01, 0x28, 0x05, 0xd1, 0x10, 0x01,
  0x43, 0x19, 0x98, 0x78, 0x10, 0x26, 0x30, 0x43, 0x98, 0x70, 0x16, 0x01,
  0x70, 0x19, 0x83, 0x78, 0x02, 0x27, 0x3b, 0x43, 0x83, 0x70, 0x73, 0x18,
  0x10, 0x33, 0x1f, 0x4e, 0x9b, 0x19, 0x03, 0x73, 0x1b, 0x0a, 0x43, 0x73,
  0x1b, 0x0a, 0x83, 0x73, 0x1b, 0x0a, 0xc3, 0x73, 0x01, 0x32, 0xa3, 0x68,
  0x9a, 0x42, 0xe1, 0xd3, 0x10, 0x01, 0x40, 0x19, 0x10, 0x38, 0x17, 0x4a,
  0x89, 0x18, 0x01, 0x73, 0x09, 0x0a, 0x41, 0x73, 0x09, 0x0a, 0x81, 0x73,
  0x09, 0x0a, 0xc1, 0x73, 0x81, 0x78, 0x08, 0x22, 0x11, 0x43, 0x81, 0x70,
  0x60, 0x68, 0xd9, 0x00, 0x00, 0xf0, 0xce, 0xfb, 0x60, 0x68, 0x01, 0x46,
  0x00, 0x22, 0x05, 0xe0, 0x4b, 0x78, 0x02, 0x25, 0x2b, 0x43, 0x4b, 0x70,
  0x08, 0x31, 0x01, 0x32, 0xa3, 0x68, 0x9a, 0x42, 0xf6, 0xd3, 0xda, 0x00,
  0xa1, 0x8d, 0x63, 0x8d, 0x09, 0x04, 0x19, 0x43, 0xff, 0xf7, 0xf8, 0xfb,
  0x20, 0x8d, 0xe1, 0x8c, 0x08, 0x22, 0x00, 0x04, 0x01, 0x43, 0x20, 0x68,
  0xff, 0xf7, 0xef, 0xfb, 0xf4, 0xbd, 0x00, 0xbf, 0x00, 0x00, 0x80, 0x22,
  0x10, 0xb5, 0x04, 0x46, 0x00, 0x28, 0x08, 0xd0, 0x00, 0x68, 0x00, 0x28,
  0x05, 0xd0, 0x20, 0x46, 0xff, 0xf7, 0x10, 0xff, 0x00, 0x20, 0x20, 0x60,
  0x60, 0x60, 0x10, 0xbd, 0x10, 0xb5, 0x04, 0x1c, 0x10, 0xd0, 0x24, 0x22,
  0x12, 0x5c, 0x12, 0x06, 0x23, 0x21, 0x09, 0x5c, 0x09, 0x04, 0x22, 0x23,
  0x1b, 0x5c, 0x1b, 0x02, 0x19, 0x43, 0x21, 0x34, 0x20, 0x78, 0x11, 0x43,
  0x08, 0x43, 0x40, 0x78, 0x80, 0x07, 0xc0, 0x0f, 0x00, 0x28, 0x00, 0xd0,
  0x01, 0x20, 0x10, 0xbd, 0x70, 0x47, 0x34, 0xb5, 0x04, 0x46, 0xc0, 0x34,
  0xa1, 0x78, 0x01, 0x29, 0x1c, 0xd1, 0x81, 0x30, 0xff, 0x30, 0x23, 0x8a,
  0x00, 0x88, 0x83, 0x42, 0x01, 0xd0, 0x75, 0x20, 0x15, 0xe0, 0xa0, 0x68,
  0x00, 0x28, 0xfa, 0xd0, 0x00, 0x21, 0x0a, 0xe0, 0x0a, 0x01, 0x12, 0x18,
  0x00, 0x25, 0x55, 0x70, 0x25, 0x79, 0xfa, 0x35, 0x95, 0x70, 0x38, 0x25,
  0x15, 0x70, 0x01, 0x31, 0x89, 0xb2, 0x99, 0x42, 0xf2, 0xd3, 0xff, 0xf7,
  0x9b, 0xfb, 0xe0, 0x60, 0x00, 0x20, 0x34, 0xbd, 0x70, 0xb5, 0x05, 0x46,
  0x0e, 0x46, 0xff, 0x24, 0x01, 0x34, 0x01, 0x19, 0x30, 0x46, 0xff, 0xf7,
  0x36, 0xfc, 0x00, 0x28, 0x06, 0xd1, 0x29, 0x19, 0x40, 0x31, 0x30, 0x46,
  0xff, 0xf7, 0x41, 0xfc, 0x00, 0x28, 0x00, 0xd0, 0x75, 0x20, 0x70, 0xbd,
  0x00, 0x2a, 0x02, 0xd1, 0x81, 0x30, 0xff, 0x30, 0x03, 0x80, 0x70, 0x47,
  0x01, 0x29, 0x06, 0xd1, 0x01, 0x30, 0xff, 0x30, 0x00, 0x68, 0x00, 0x28,
  0x08, 0xd1, 0x00, 0x20, 0x07, 0xe0, 0x00, 0x29, 0xfb, 0xd1, 0x41, 0x30,
  0xff, 0x30, 0x00, 0x68, 0x00, 0x28, 0xf6, 0xd0, 0x16, 0x20, 0x70, 0x47,
  0x00, 0x28, 0x01, 0xd1, 0x16, 0x20, 0x05, 0xe0, 0x04, 0x29, 0xfb, 0xd0,
  0xc0, 0x30, 0x01, 0x71, 0x82, 0x70, 0x00, 0x20, 0x70, 0x47, 0x00, 0x28,
  0x01, 0xd0, 0x00, 0x29, 0x01, 0xd1, 0x16, 0x20, 0x0b, 0xe0, 0xc0, 0x30,
  0x83, 0x78, 0x00, 0x2b, 0x03, 0xd0, 0x43, 0x79, 0x01, 0x2b, 0x00, 0xd0,
  0x00, 0x2a, 0xf4, 0xd0, 0x81, 0x60, 0x02, 0x82, 0x00, 0x20, 0x70, 0x47,
  0xf0, 0xb5, 0x87, 0xb0, 0x04, 0x46, 0x0e, 0x46, 0x05, 0x92, 0x04, 0x93,
  0x00, 0x28, 0x09, 0xd0, 0x05, 0x98, 0x00, 0x28, 0x06, 0xd0, 0x04, 0x98,
  0x00, 0x28, 0x05, 0xd1, 0xc4, 0x20, 0x00, 0x5d, 0x04, 0x28, 0x01, 0xd0,
  0x16, 0x25, 0x26, 0xe0, 0x20, 0x46, 0xff, 0xf7, 0xb9, 0xff, 0x05, 0x1e,
  0x21, 0xd1, 0x01, 0x2e, 0x02, 0xd1, 0xff, 0x20, 0x01, 0x30, 0x01, 0xe0,
  0xff, 0x20, 0x41, 0x30, 0x27, 0x18, 0x20, 0x46, 0xc0, 0x30, 0x0c, 0x9b,
  0x81, 0x78, 0x04, 0x9a, 0x02, 0x91, 0x00, 0x79, 0x05, 0x99, 0x00, 0x96,
  0x04, 0x28, 0x01, 0xd0, 0x00, 0x20, 0x00, 0xe0, 0x01, 0x20, 0x01, 0x90,
  0x38, 0x46, 0xff, 0xf7, 0x70, 0xfe, 0x05, 0x1e, 0x05, 0xd1, 0x32, 0x46,
  0x39, 0x46, 0x20, 0x46, 0x0c, 0x9b, 0xff, 0xf7, 0x8f, 0xff, 0x28, 0x46,
  0x07, 0xb0, 0xf0, 0xbd, 0x10, 0xb5, 0x04, 0x46, 0x00, 0x28, 0x08, 0xd0,
  0xff, 0x20, 0x01, 0x30, 0x20, 0x18, 0x01, 0x68, 0x00, 0x29, 0x02, 0xd0,
  0x00, 0x6c, 0x00, 0x28, 0x01, 0xd1, 0x16, 0x20, 0x16, 0xe0, 0x20, 0x46,
  0xff, 0xf7, 0x41, 0xff, 0x00, 0x28, 0x01, 0xd0, 0x75, 0x20, 0x0f, 0xe0,
  0x21, 0x46, 0x20, 0x46, 0xff, 0xf7, 0x5e, 0xff, 0x00, 0x28, 0xf7, 0xd1,
  0xc2, 0x20, 0x00, 0x5d, 0x01, 0x28, 0x04, 0xd1, 0x20, 0x46, 0xff, 0xf7,
  0xb8, 0xfb, 0x00, 0x28, 0xee, 0xd1, 0x00, 0x20, 0x10, 0xbd, 0x00, 0x28,
  0x01, 0xd1, 0x16, 0x20, 0x08, 0xe0, 0xc2, 0x21, 0x09, 0x5c, 0x01, 0x29,
  0x03, 0xd1, 0xc0, 0x30, 0x01, 0x70, 0x00, 0x20, 0x00, 0xe0, 0x73, 0x20,
  0x70, 0x47, 0x00, 0x28, 0x01, 0xd1, 0x16, 0x20, 0x07, 0xe0, 0xc0, 0x30,
  0x81, 0x78, 0x01, 0x29, 0x02, 0xd1, 0x41, 0x70, 0x00, 0x20, 0x00, 0xe0,
  0x73, 0x20, 0x70, 0x47, 0xf0, 0xb5, 0x83, 0xb0, 0x04, 0x46, 0x0e, 0x46,
  0x1d, 0x46, 0x00, 0x28, 0x01, 0xd0, 0x00, 0x2b, 0x01, 0xd1, 0x16, 0x20,
  0x5a, 0xe0, 0x07, 0x46, 0xc0, 0x37, 0x78, 0x78, 0x00, 0x28, 0x01, 0xd1,
  0x73, 0x20, 0x53, 0xe0, 0x19, 0x68, 0x20, 0x46, 0x01, 0x31, 0x89, 0xb2,
  0xff, 0xf7, 0xda, 0xfa, 0x00, 0x28, 0x01, 0xd1, 0x71, 0x20, 0x49, 0xe0,
  0x25, 0x4b, 0xba, 0x68, 0x18, 0x88, 0x01, 0x01, 0x8a, 0x18, 0x01, 0xb4,
  0xf8, 0x68, 0x09, 0x18, 0x01, 0xbc, 0x01, 0x30, 0x18, 0x80, 0x3f, 0x8a,
  0x80, 0xb2, 0xb8, 0x42, 0x01, 0xd3, 0x00, 0x20, 0x18, 0x80, 0x0a, 0x2e,
  0x0d, 0xd0, 0x01, 0x20, 0xb0, 0x40, 0x00, 0xba, 0x10, 0x72, 0x00, 0x0a,
  0x50, 0x72, 0x00, 0x0a, 0x90, 0x72, 0x00, 0x0a, 0xd0, 0x72, 0x10, 0x78,
  0x40, 0x23, 0x18, 0x43, 0x07, 0xe0, 0x00, 0x23, 0x13, 0x72, 0x53, 0x72,
  0x93, 0x72, 0x10, 0x78, 0xd3, 0x72, 0xbf, 0x23, 0x18, 0x40, 0x10, 0x70,
  0x00, 0x20, 0x00, 0x90, 0x10, 0x23, 0x20, 0x46, 0xff, 0xf7, 0xd4, 0xfa,
  0x00, 0x28, 0x01, 0xd0, 0x79, 0x20, 0x15, 0xe0, 0x01, 0x46, 0x10, 0xe0,
  0x28, 0x1d, 0x0c, 0x23, 0x4b, 0x43, 0x18, 0x18, 0x4e, 0x1c, 0x00, 0x21,
  0x96, 0x42, 0x00, 0xd3, 0x01, 0x21, 0x00, 0x91, 0x0e, 0xc8, 0x20, 0x46,
  0xff, 0xf7, 0xc0, 0xfa, 0x00, 0x28, 0xeb, 0xd1, 0x31, 0x46, 0x2a, 0x68,
  0x91, 0x42, 0xeb, 0xd3, 0x03, 0xb0, 0xf0, 0xbd, 0x8c, 0x5f, 0x00, 0x00,
  0x10, 0xb5, 0x0c, 0x46, 0x00, 0x28, 0x01, 0xd1, 0x16, 0x20, 0x0e, 0xe0,
  0xc2, 0x21, 0x09, 0x5c, 0x00, 0x29, 0x01, 0xd1, 0x73, 0x20, 0x08, 0xe0,
  0xff, 0xf7, 0xb9, 0xfa, 0x00, 0x28, 0x01, 0xd0, 0x02, 0x20, 0x02, 0xe0,
  0x00, 0x2c, 0x00, 0xd0, 0x20, 0x60, 0x10, 0xbd, 0x70, 0xb5, 0x14, 0x46,
  0x1d, 0x46, 0x04, 0x9e, 0x00, 0x28, 0x05, 0xd0, 0x00, 0x2a, 0x03, 0xd0,
  0x00, 0x2b, 0x01, 0xd0, 0x00, 0x2e, 0x01, 0xd1, 0x16, 0x20, 0x0e, 0xe0,
  0xc2, 0x21, 0x09, 0x5c, 0x00, 0x29, 0x09, 0xd0, 0xc0, 0x21, 0x09, 0x5c,
  0x00, 0x29, 0x05, 0xd0, 0x33, 0x46, 0x2a, 0x46, 0x21, 0x46, 0xff, 0xf7,
  0xae, 0xfa, 0x00, 0xe0, 0x73, 0x20, 0x70, 0xbd, 0x70, 0xb5, 0x04, 0x46,
  0x0d, 0x46, 0x16, 0x46, 0x00, 0x28, 0x01, 0xd0, 0x00, 0x29, 0x01, 0xd1,
  0x16, 0x20, 0x11, 0xe0, 0xc2, 0x30, 0x00, 0x78, 0x00, 0x28, 0x01, 0xd1,
  0x73, 0x20, 0x0b, 0xe0, 0x20, 0x46, 0xff, 0xf7, 0x2f, 0xfa, 0x01, 0x28,
  0x05, 0xd1, 0x32, 0x46, 0x29, 0x46, 0x20, 0x46, 0xff, 0xf7, 0xb1, 0xfa,
  0x00, 0xe0, 0x02, 0x20, 0x70, 0xbd, 0x00, 0x28, 0x02, 0xd0, 0xc4, 0x30,
  0x00, 0x78, 0x00, 0xe0, 0x0a, 0x20, 0x70, 0x47, 0x00, 0x00, 0xa0, 0xe1,
  0x00, 0x00, 0xa0, 0xe1, 0x1e, 0xff, 0x2f, 0xe1, 0xc0, 0x46, 0x70, 0x47,
  0xe0, 0xb5, 0x86, 0xb0, 0x88, 0x42, 0x00, 0xd1, 0x8f, 0xe0, 0x00, 0x2a,
  0x00, 0xd1, 0x8c, 0xe0, 0x0b, 0x1a, 0x93, 0x42, 0x7f, 0xd2, 0x46, 0x4b,
  0x00, 0x2b, 0x00, 0xd0, 0x83, 0xe0, 0x05, 0x1c, 0x04, 0x2a, 0x04, 0xd3,
  0x0b, 0xe0, 0x0b, 0x78, 0x01, 0x31, 0x2b, 0x70, 0x01, 0x35, 0x01, 0x3a,
  0xf9, 0xd2, 0x7a, 0xe0, 0x0b, 0x78, 0x01, 0x31, 0x2b, 0x70, 0x01, 0x35,
  0x01, 0x3a, 0xab, 0x07, 0xf8, 0xd1, 0x8e, 0x07, 0xb6, 0x0f, 0x57, 0xd0,
  0xf6, 0x00, 0x8b, 0x08, 0x9b, 0x00, 0x08, 0x2a, 0x3d, 0xd3, 0x19, 0x68,
  0x14, 0x2a, 0x38, 0xd3, 0x01, 0xb4, 0x9f, 0x68, 0x58, 0x68, 0x04, 0x97,
  0xdf, 0x68, 0x02, 0x90, 0x05, 0x97, 0x1f, 0x69, 0x10, 0x33, 0x06, 0x97,
  0x20, 0x27, 0xbf, 0x1b, 0xf1, 0x40, 0x03, 0x91, 0x01, 0x1c, 0x03, 0x98,
  0xb9, 0x40, 0x01, 0x43, 0x02, 0x98, 0x29, 0x60, 0x04, 0x99, 0xf0, 0x40,
  0xb9, 0x40, 0x01, 0x43, 0x69, 0x60, 0x04, 0x99, 0x05, 0x98, 0xf1, 0x40,
  0xb8, 0x40, 0x01, 0x43, 0x05, 0x98, 0xa9, 0x60, 0x06, 0x99, 0xf0, 0x40,
  0xb9, 0x40, 0x01, 0x43, 0xe9, 0x60, 0x10, 0x35, 0x06, 0x99, 0x10, 0x3a,
  0x01, 0xbc, 0xd3, 0xe7, 0x01, 0xb4, 0x5f, 0x68, 0x04, 0x33, 0xf1, 0x40,
  0x06, 0x91, 0x20, 0x21, 0x89, 0x1b, 0x38, 0x1c, 0x88, 0x40, 0x06, 0x99,
  0x01, 0x43, 0x02, 0xc5, 0x39, 0x1c, 0x04, 0x3a, 0x01, 0xbc, 0x08, 0x2a,
  0xee, 0xd2, 0xf1, 0x10, 0xc9, 0x18, 0x03, 0xe0, 0x0b, 0x78, 0x01, 0x31,
  0x2b, 0x70, 0x01, 0x35, 0x01, 0x3a, 0xf9, 0xd2, 0x23, 0xe0, 0x0b, 0x68,
  0x2b, 0x60, 0x4b, 0x68, 0x6b, 0x60, 0x8b, 0x68, 0xab, 0x60, 0xcb, 0x68,
  0x10, 0x31, 0xeb, 0x60, 0x10, 0x35, 0x10, 0x3a, 0x10, 0x2a, 0xf2, 0xd2,
  0x04, 0x2a, 0x03, 0xd3, 0x08, 0xc9, 0x08, 0xc5, 0x04, 0x3a, 0xf9, 0xe7,
  0x01, 0x3a, 0x0e, 0xd3, 0x0b, 0x78, 0x01, 0x31, 0x2b, 0x70, 0x01, 0x35,
  0xf8, 0xe7, 0x8b, 0x18, 0x1b, 0x1a, 0x01, 0x3b, 0x93, 0x42, 0x02, 0xd2,
  0x00, 0xf0, 0x08, 0xf8, 0x01, 0xe0, 0x00, 0xf0, 0x83, 0xf8, 0x06, 0xb0,
  0xe0, 0xbd, 0xc0, 0x46, 0x00, 0x00, 0x00, 0x00, 0xe0, 0xb5, 0x86, 0xb0,
  0x05, 0x90, 0x53, 0x18, 0x15, 0x18, 0x04, 0x2a, 0x0c, 0xd2, 0x03, 0xe0,
  0x01, 0x3d, 0x01, 0x3b, 0x19, 0x78, 0x29, 0x70, 0x01, 0x3a, 0xf9, 0xd2,
  0x6b, 0xe0, 0x01, 0x3d, 0x01, 0x3b, 0x19, 0x78, 0x01, 0x3a, 0x29, 0x70,
  0xa9, 0x07, 0xf8, 0xd1, 0x9e, 0x07, 0xb6, 0x0f, 0x50, 0xd0, 0xf6, 0x00,
  0x9b, 0x08, 0x9b, 0x00, 0x08, 0x2a, 0x37, 0xd3, 0x18, 0x68, 0x14, 0x2a,
  0x32, 0xd3, 0x04, 0xb4, 0x08, 0x3b, 0x84, 0xcb, 0x39, 0x1c, 0x10, 0x3b,
  0x5f, 0x68, 0x03, 0x92, 0x05, 0x97, 0x1f, 0x68, 0x0a, 0x1c, 0x04, 0x97,
  0x20, 0x27, 0xbf, 0x1b, 0x10, 0x3d, 0xb8, 0x40, 0xf2, 0x40, 0x10, 0x43,
  0xe8, 0x60, 0x03, 0x98, 0xb9, 0x40, 0x02, 0x1c, 0xf0, 0x40, 0x01, 0x43,
  0x05, 0x98, 0xa9, 0x60, 0xba, 0x40, 0x01, 0x1c, 0xf0, 0x40, 0x02, 0x43,
  0x04, 0x98, 0x6a, 0x60, 0xb9, 0x40, 0x07, 0x1c, 0xf7, 0x40, 0x39, 0x43,
  0x29, 0x60, 0x04, 0xbc, 0x10, 0x3a, 0xd6, 0xe7, 0x04, 0x3b, 0x1f, 0x68,
  0x04, 0x3d, 0x20, 0x21, 0x89, 0x1b, 0x88, 0x40, 0x39, 0x1c, 0xf1, 0x40,
  0x01, 0x43, 0x29, 0x60, 0x38, 0x1c, 0x04, 0x3a, 0x08, 0x2a, 0xf1, 0xd2,
  0xf1, 0x10, 0xc9, 0x18, 0x01, 0x3a, 0x20, 0xd3, 0x01, 0x3d, 0x01, 0x39,
  0x0b, 0x78, 0x2b, 0x70, 0xf8, 0xe7, 0x10, 0x3d, 0x10, 0x3b, 0xd9, 0x68,
  0xe9, 0x60, 0x99, 0x68, 0xa9, 0x60, 0x59, 0x68, 0x69, 0x60, 0x19, 0x68,
  0x10, 0x3a, 0x29, 0x60, 0x10, 0x2a, 0xf2, 0xd2, 0x04, 0xe0, 0x04, 0x3d,
  0x04, 0x3b, 0x19, 0x68, 0x04, 0x3a, 0x29, 0x60, 0x04, 0x2a, 0xf8, 0xd2,
  0x03, 0xe0, 0x01, 0x3d, 0x01, 0x3b, 0x19, 0x78, 0x29, 0x70, 0x01, 0x3a,
  0xf9, 0xd2, 0x05, 0x98, 0x06, 0xb0, 0xe0, 0xbd, 0xe1, 0xb4, 0x12, 0x1f,
  0x39, 0xdb, 0x85, 0x07, 0x13, 0xd0, 0xad, 0x0f, 0x0b, 0x78, 0x49, 0x1c,
  0x03, 0x70, 0x40, 0x1c, 0x02, 0x2d, 0x09, 0xd8, 0x0b, 0x78, 0x49, 0x1c,
  0x03, 0x70, 0x40, 0x1c, 0x02, 0x2d, 0x03, 0xd0, 0x0b, 0x78, 0x49, 0x1c,
  0x03, 0x70, 0x40, 0x1c, 0x52, 0x19, 0x12, 0x1f, 0x23, 0xdb, 0x8d, 0x07,
  0x2e, 0xd1, 0x08, 0x3a, 0x13, 0xdb, 0x14, 0x3a, 0x0b, 0xdb, 0xe8, 0xc9,
  0xe8, 0xc0, 0xe8, 0xc9, 0xe8, 0xc0, 0x20, 0x3a, 0xf9, 0xda, 0x13, 0x1c,
  0x10, 0x33, 0x02, 0xdb, 0xe8, 0xc9, 0xe8, 0xc0, 0x10, 0x3a, 0x14, 0x32,
  0x03, 0xdb, 0xa8, 0xc9, 0xa8, 0xc0, 0x0c, 0x3a, 0xfb, 0xda, 0x08, 0x32,
  0x09, 0xdb, 0x12, 0x1f, 0x04, 0xda, 0x0b, 0x68, 0x09, 0x1d, 0x03, 0x60,
  0x00, 0x1d, 0x02, 0xe0, 0x28, 0xc9, 0x28, 0xc0, 0x12, 0x1f, 0x12, 0x1d,
  0x60, 0xd0, 0x0b, 0x78, 0x03, 0x70, 0x02, 0x2a, 0x5c, 0xdb, 0x4b, 0x78,
  0x43, 0x70, 0x02, 0x2a, 0x58, 0xdd, 0x8b, 0x78, 0x83, 0x70, 0x55, 0xe0,
  0xad, 0x0f, 0x03, 0x26, 0xb1, 0x43, 0x0e, 0x68, 0x09, 0x1d, 0x02, 0x2d,
  0x1a, 0xdc, 0x33, 0xd0, 0x0c, 0x2a, 0x0c, 0xdb, 0x0c, 0x3a, 0x33, 0x0a,
  0x60, 0xc9, 0x2f, 0x06, 0x3b, 0x43, 0x2d, 0x0a, 0x37, 0x06, 0x3d, 0x43,
  0x28, 0xc0, 0x08, 0x3a, 0xf5, 0xda, 0x0c, 0x32, 0x08, 0xdb, 0x35, 0x0a,
  0x0e, 0x68, 0x09, 0x1d, 0x37, 0x06, 0x3d, 0x43, 0x05, 0x60, 0x00, 0x1d,
  0x12, 0x1f, 0xf6, 0xda, 0xc9, 0x1e, 0xd0, 0xe7, 0x0c, 0x2a, 0x0c, 0xdb,
  0x0c, 0x3a, 0x33, 0x0e, 0x60, 0xc9, 0x2f, 0x02, 0x3b, 0x43, 0x2d, 0x0e,
  0x37, 0x02, 0x3d, 0x43, 0x28, 0xc0, 0x08, 0x3a, 0xf5, 0xda, 0x0c, 0x32,
  0x08, 0xdb, 0x35, 0x0e, 0x0e, 0x68, 0x09, 0x1d, 0x37, 0x02, 0x3d, 0x43,
  0x05, 0x60, 0x00, 0x1d, 0x12, 0x1f, 0xf6, 0xda, 0x49, 0x1e, 0xb6, 0xe7,
  0x0c, 0x2a, 0x0c, 0xdb, 0x0c, 0x3a, 0x33, 0x0c, 0x60, 0xc9, 0x2f, 0x04,
  0x3b, 0x43, 0x2d, 0x0c, 0x37, 0x04, 0x3d, 0x43, 0x28, 0xc0, 0x08, 0x3a,
  0xf5, 0xda, 0x0c, 0x32, 0x08, 0xdb, 0x35, 0x0c, 0x0e, 0x68, 0x09, 0x1d,
  0x37, 0x04, 0x3d, 0x43, 0x05, 0x60, 0x00, 0x1d, 0x12, 0x1f, 0xf6, 0xda,
  0x89, 0x1e, 0x9c, 0xe7, 0xe1, 0xbc, 0x70, 0x47, 0xe0, 0xb5, 0xca, 0x08,
  0x49, 0x07, 0x49, 0x0f, 0x00, 0x23, 0x00, 0x2a, 0x06, 0xd0, 0x1d, 0x1c,
  0x1e, 0x1c, 0x1f, 0x1c, 0xe8, 0xc0, 0xe8, 0xc0, 0x01, 0x3a, 0xf8, 0xd1,
  0x00, 0x29, 0x02, 0xd0, 0x08, 0xc0, 0x01, 0x39, 0xfc, 0xd1, 0xe0, 0xbd,
  0x04, 0xb5, 0x0a, 0x1c, 0x00, 0x21, 0x00, 0xf0, 0xd4, 0xfb, 0x04, 0xbd,
  0xe0, 0xb5, 0x82, 0xb0, 0x00, 0x90, 0x01, 0x91, 0x16, 0x1c, 0x1f, 0x1c,
  0x00, 0xf0, 0x0c, 0xf8, 0x32, 0x1c, 0x3b, 0x1c, 0x00, 0xf0, 0xe0, 0xfa,
  0x00, 0x9a, 0x01, 0x9d, 0x10, 0x1a, 0x8d, 0x41, 0x29, 0x1c, 0x02, 0xb0,
  0xe0, 0xbd, 0x00, 0x00, 0x40, 0xb5, 0x06, 0x1c, 0x00, 0x29, 0x02, 0xd0,
  0x00, 0xf0, 0x0a, 0xf8, 0x07, 0xe0, 0x08, 0x1c, 0x00, 0x2b, 0x04, 0xd1,
  0x31, 0x1c, 0x10, 0x1c, 0x00, 0xf0, 0x7c, 0xfb, 0x00, 0x21, 0x40, 0xbd,
  0xe0, 0xb5, 0x9e, 0xb0, 0x18, 0x90, 0x19, 0x91, 0x1c, 0x92, 0x1d, 0x93,
  0x1d, 0x1c, 0x13, 0x43, 0x00, 0xd1, 0xbb, 0xe2, 0x12, 0x95, 0x16, 0x92,
  0x00, 0x20, 0x17, 0x90, 0x28, 0x1c, 0x00, 0xd1, 0x10, 0x1c, 0x00, 0xf0,
  0x26, 0xfb, 0x00, 0x21, 0x00, 0x2d, 0x00, 0xd1, 0x20, 0x21, 0x0f, 0x18,
  0x1c, 0x99, 0x1d, 0x9b, 0x4a, 0x1e, 0xe0, 0x49, 0x1c, 0x9d, 0x8b, 0x41,
  0x1d, 0x99, 0x2e, 0x1c, 0x15, 0x40, 0x08, 0x1c, 0x19, 0x40, 0x19, 0x9b,
  0x0d, 0x43, 0x06, 0xd1, 0x3f, 0x20, 0xc2, 0x1b, 0x18, 0x98, 0x19, 0x1c,
  0x00, 0xf0, 0x6c, 0xfb, 0x98, 0xe2, 0x18, 0x9a, 0xb2, 0x42, 0x83, 0x41,
  0x02, 0xd2, 0x00, 0x20, 0x01, 0x1c, 0x91, 0xe2, 0x39, 0x1c, 0x01, 0xd1,
  0x01, 0x20, 0x8d, 0xe2, 0x19, 0x9d, 0x20, 0x2f, 0x00, 0xda, 0xec, 0xe0,
  0x00, 0x2d, 0x4e, 0xd1, 0x18, 0x98, 0x16, 0x9e, 0x0c, 0x90, 0x40, 0x20,
  0xc7, 0x1b, 0x20, 0x25, 0xed, 0x1b, 0xae, 0x40, 0x01, 0xd1, 0x01, 0x20,
  0x38, 0xe0, 0xca, 0x4a, 0x95, 0x1b, 0x31, 0x1c, 0x28, 0x1c, 0x00, 0xf0,
  0x02, 0xfb, 0x41, 0x42, 0x28, 0x1c, 0x00, 0xf0, 0xfe, 0xfa, 0x45, 0x00,
  0x31, 0x1c, 0x28, 0x1c, 0x00, 0xf0, 0xf9, 0xfa, 0x41, 0x42, 0x28, 0x1c,
  0x00, 0xf0, 0xf5, 0xfa, 0x45, 0x00, 0x31, 0x1c, 0x28, 0x1c, 0x00, 0xf0,
  0xf0, 0xfa, 0x41, 0x42, 0x28, 0x1c, 0x00, 0xf0, 0xec, 0xfa, 0x45, 0x00,
  0x31, 0x1c, 0x28, 0x1c, 0x00, 0xf0, 0xe7, 0xfa, 0x41, 0x42, 0x28, 0x1c,
  0x00, 0xf0, 0xe3, 0xfa, 0x85, 0x00, 0x03, 0x3d, 0x31, 0x1c, 0x28, 0x1c,
  0x00, 0xf0, 0xdd, 0xfa, 0x33, 0x18, 0xed, 0x1a, 0x31, 0x1c, 0x28, 0x1c,
  0x00, 0xf0, 0xd7, 0xfa, 0x33, 0x18, 0xed, 0x1a, 0x31, 0x1c, 0x28, 0x1c,
  0x00, 0xf0, 0xd1, 0xfa, 0x30, 0x18, 0x28, 0x1a, 0x7e, 0x1e, 0x0c, 0x99,
  0x00, 0xf0, 0xcb, 0xfa, 0x0c, 0x9a, 0x15, 0x1a, 0x6d, 0x08, 0x40, 0x19,
  0xf0, 0x40, 0x00, 0x21, 0x38, 0xe2, 0x30, 0x2f, 0x00, 0xda, 0x98, 0xe0,
  0x28, 0x0c, 0x01, 0x90, 0x18, 0x99, 0x28, 0x04, 0x00, 0x0c, 0x02, 0x90,
  0x08, 0x0c, 0x04, 0x90, 0x08, 0x04, 0x16, 0x99, 0x00, 0x0c, 0x05, 0x90,
  0x08, 0x04, 0x06, 0x0c, 0x0f, 0x96, 0x40, 0x21, 0xcf, 0x1b, 0x20, 0x25,
  0xed, 0x1b, 0xae, 0x40, 0x01, 0xd1, 0x01, 0x25, 0x38, 0xe0, 0x9b, 0x4a,
  0x95, 0x1b, 0x31, 0x1c, 0x28, 0x1c, 0x00, 0xf0, 0xa4, 0xfa, 0x41, 0x42,
  0x28, 0x1c, 0x00, 0xf0, 0xa0, 0xfa, 0x45, 0x00, 0x31, 0x1c, 0x28, 0x1c,
  0x00, 0xf0, 0x9b, 0xfa, 0x41, 0x42, 0x28, 0x1c, 0x00, 0xf0, 0x97, 0xfa,
  0x45, 0x00, 0x31, 0x1c, 0x28, 0x1c, 0x00, 0xf0, 0x92, 0xfa, 0x41, 0x42,
  0x28, 0x1c, 0x00, 0xf0, 0x8e, 0xfa, 0x45, 0x00, 0x31, 0x1c, 0x28, 0x1c,
  0x00, 0xf0, 0x89, 0xfa, 0x41, 0x42, 0x28, 0x1c, 0x00, 0xf0, 0x85, 0xfa,
  0x85, 0x00, 0x03, 0x3d, 0x31, 0x1c, 0x28, 0x1c, 0x00, 0xf0, 0x7f, 0xfa,
  0x33, 0x18, 0xed, 0x1a, 0x31, 0x1c, 0x28, 0x1c, 0x00, 0xf0, 0x79, 0xfa,
  0x33, 0x18, 0xed, 0x1a, 0x31, 0x1c, 0x28, 0x1c, 0x00, 0xf0, 0x73, 0xfa,
  0x31, 0x18, 0x6d, 0x1a, 0x01, 0x99, 0x7e, 0x1e, 0x28, 0x1c, 0x0b, 0x91,
  0x00, 0xf0, 0x6b, 0xfa, 0x0b, 0x9a, 0x0f, 0x9b, 0x17, 0x1a, 0x7f, 0x08,
  0xc7, 0x19, 0xf7, 0x40, 0x3a, 0x04, 0x12, 0x0c, 0x10, 0x92, 0x5a, 0x43,
  0x01, 0x99, 0x02, 0x98, 0x8f, 0x1a, 0x3f, 0x04, 0x07, 0x43, 0x39, 0x1c,
  0x28, 0x1c, 0x00, 0xf0, 0x58, 0xfa, 0x3b, 0x1a, 0x5b, 0x08, 0xc3, 0x18,
  0xf3, 0x40, 0x0f, 0x98, 0x1a, 0x04, 0x12, 0x0c, 0x07, 0x92, 0x42, 0x43,
  0x04, 0x99, 0xbf, 0x1a, 0x3f, 0x04, 0x39, 0x43, 0x15, 0x91, 0x28, 0x1c,
  0x00, 0xf0, 0x47, 0xfa, 0x15, 0x99, 0x0f, 0x9a, 0x0f, 0x1a, 0x7f, 0x08,
  0xc7, 0x19, 0xf7, 0x40, 0x3b, 0x1c, 0x53, 0x43, 0xcb, 0x1a, 0x05, 0x99,
  0x1b, 0x04, 0x19, 0x43, 0x14, 0x91, 0x28, 0x1c, 0x00, 0xf0, 0x37, 0xfa,
  0x14, 0x99, 0x0d, 0x1a, 0x6d, 0x08, 0x45, 0x19, 0xf5, 0x40, 0x2d, 0x04,
  0x2d, 0x0c, 0x10, 0x99, 0x07, 0x98, 0x3e, 0x04, 0x2e, 0x43, 0x09, 0x04,
  0x01, 0x43, 0x30, 0x1c, 0x9c, 0xe1, 0x38, 0x11, 0x13, 0x90, 0x04, 0x21,
  0x08, 0x1a, 0x09, 0x90, 0x00, 0x2f, 0x1d, 0xd0, 0x00, 0x2f, 0x02, 0xd1,
  0x1c, 0x9a, 0x1d, 0x9b, 0x14, 0xe0, 0x16, 0x9a, 0x1f, 0x2f, 0x06, 0xd9,
  0x3e, 0x1c, 0x20, 0x3e, 0xb2, 0x40, 0x00, 0x21, 0x13, 0x1c, 0x0a, 0x1c,
  0x0a, 0xe0, 0x16, 0x1c, 0x11, 0x1c, 0x12, 0x9a, 0xba, 0x40, 0x20, 0x23,
  0xdb, 0x1b, 0xd9, 0x40, 0x0a, 0x43, 0xbe, 0x40, 0x13, 0x1c, 0x32, 0x1c,
  0x16, 0x92, 0x00, 0x20, 0x17, 0x90, 0x12, 0x93, 0x3f, 0x07, 0x3f, 0x0f,
  0x2e, 0x0c, 0x20, 0xd1, 0x18, 0x98, 0x00, 0x2f, 0x01, 0xd1, 0x19, 0x99,
  0x0f, 0xe0, 0x06, 0x1c, 0x1f, 0x2f, 0x04, 0xd9, 0x20, 0x3f, 0xbe, 0x40,
  0x00, 0x20, 0x31, 0x1c, 0x07, 0xe0, 0xbd, 0x40, 0x20, 0x23, 0xdb, 0x1b,
  0xd8, 0x40, 0x05, 0x43, 0xbe, 0x40, 0x30, 0x1c, 0x29, 0x1c, 0x13, 0x9a,
  0x01, 0x3a, 0x13, 0x92, 0x0e, 0x1c, 0x0b, 0x0c, 0x01, 0x0c, 0x02, 0x04,
  0x15, 0x0c, 0x02, 0xa8, 0x2a, 0xc0, 0x00, 0x23, 0x2a, 0xe0, 0x00, 0x21,
  0x03, 0x91, 0x00, 0x2f, 0x1e, 0xd0, 0x10, 0x23, 0xdb, 0x1b, 0xde, 0x40,
  0x30, 0x04, 0x00, 0x0c, 0x03, 0x90, 0x18, 0x98, 0x00, 0x2f, 0x01, 0xd1,
  0x19, 0x99, 0x0f, 0xe0, 0x06, 0x1c, 0x1f, 0x2f, 0x04, 0xd9, 0x20, 0x3f,
  0xbe, 0x40, 0x08, 0x1c, 0x31, 0x1c, 0x07, 0xe0, 0x29, 0x1c, 0xb9, 0x40,
  0x20, 0x25, 0xed, 0x1b, 0xe8, 0x40, 0x01, 0x43, 0xbe, 0x40, 0x30, 0x1c,
  0x18, 0x90, 0x19, 0x91, 0x0d, 0x1c, 0x0e, 0x0c, 0x18, 0x99, 0x28, 0x04,
  0x00, 0x0c, 0x02, 0x90, 0x08, 0x0c, 0x04, 0x90, 0x08, 0x04, 0x03, 0x0c,
  0x30, 0x04, 0x00, 0x0c, 0x01, 0x90, 0x12, 0x98, 0x05, 0x93, 0x01, 0x04,
  0x02, 0x0c, 0x09, 0x0c, 0x0a, 0x91, 0x16, 0x99, 0x06, 0x92, 0x08, 0x0c,
  0x0e, 0x90, 0x08, 0x04, 0x00, 0x0c, 0x0f, 0x90, 0x00, 0x21, 0x1a, 0x91,
  0x1b, 0x91, 0x13, 0x98, 0x55, 0x1e, 0x15, 0x40, 0x01, 0xd0, 0x10, 0x21,
  0x00, 0xe0, 0x0f, 0x21, 0x11, 0x91, 0x15, 0x1c, 0x20, 0x26, 0x76, 0x1a,
  0xb5, 0x40, 0x08, 0x90, 0x01, 0xd1, 0x01, 0x21, 0x40, 0xe0, 0x0e, 0x4a,
  0x56, 0x1b, 0x29, 0x1c, 0x30, 0x1c, 0x00, 0xf0, 0x8a, 0xf9, 0x41, 0x42,
  0x30, 0x1c, 0x00, 0xf0, 0x86, 0xf9, 0x46, 0x00, 0x29, 0x1c, 0x30, 0x1c,
  0x00, 0xf0, 0x81, 0xf9, 0x41, 0x42, 0x30, 0x1c, 0x00, 0xf0, 0x7d, 0xf9,
  0x46, 0x00, 0x29, 0x1c, 0x30, 0x1c, 0x00, 0xf0, 0x78, 0xf9, 0x41, 0x42,
  0x30, 0x1c, 0x03, 0xe0, 0x00, 0x00, 0x00, 0x00, 0xff, 0xff, 0xff, 0x7f,
  0x00, 0xf0, 0x6f, 0xf9, 0x46, 0x00, 0x29, 0x1c, 0x30, 0x1c, 0x00, 0xf0,
  0x6a, 0xf9, 0x41, 0x42, 0x30, 0x1c, 0x00, 0xf0, 0x66, 0xf9, 0x86, 0x00,
  0xf0, 0x1e, 0x0d, 0x90, 0x29, 0x1c, 0x00, 0xf0, 0x60, 0xf9, 0x0d, 0x9a,
  0x2e, 0x18, 0x90, 0x1b, 0x0d, 0x90, 0x29, 0x1c, 0x00, 0xf0, 0x59, 0xf9,
  0x0d, 0x9a, 0x2e, 0x18, 0x90, 0x1b, 0x0d, 0x90, 0x29, 0x1c, 0x00, 0xf0,
  0x52, 0xf9, 0x0d, 0x9a, 0x28, 0x18, 0x11, 0x1a, 0x08, 0x98, 0x0d, 0x91,
  0x05, 0x01, 0x03, 0x98, 0x06, 0x99, 0x01, 0x9a, 0x88, 0x42, 0x03, 0xd1,
  0x01, 0x23, 0x1b, 0x04, 0x16, 0x1c, 0x16, 0xe0, 0x06, 0x04, 0x16, 0x43,
  0x11, 0x9a, 0x0d, 0x98, 0x57, 0x1e, 0x31, 0x1c, 0x00, 0xf0, 0x3b, 0xf9,
  0x33, 0x1a, 0x5b, 0x08, 0x06, 0x9a, 0xc3, 0x18, 0xfb, 0x40, 0x1f, 0x1c,
  0x57, 0x43, 0xf6, 0x1b, 0x0a, 0x9f, 0x02, 0x98, 0x5f, 0x43, 0x32, 0x04,
  0x02, 0x43, 0x97, 0x42, 0x08, 0xd9, 0x06, 0x98, 0x01, 0x3b, 0x36, 0x18,
  0x01, 0x20, 0x00, 0x04, 0x86, 0x42, 0xf1, 0xd3, 0x0a, 0x9f, 0x5f, 0x43,
  0x09, 0x98, 0x00, 0x26, 0x04, 0x21, 0x01, 0x40, 0x0a, 0xd0, 0x0f, 0x9e,
  0x5e, 0x43, 0x05, 0x98, 0x86, 0x1b, 0x30, 0x04, 0x00, 0x0c, 0x05, 0x90,
  0x36, 0x0c, 0x76, 0x42, 0x36, 0x04, 0x36, 0x0c, 0x09, 0x98, 0x05, 0x21,
  0x01, 0x40, 0x0b, 0xd0, 0x0e, 0x9a, 0x5a, 0x43, 0x04, 0x98, 0x82, 0x1a,
  0x96, 0x1b, 0x30, 0x04, 0x00, 0x0c, 0x04, 0x90, 0x36, 0x0c, 0x76, 0x42,
  0x36, 0x04, 0x36, 0x0c, 0x02, 0x98, 0xc0, 0x1b, 0x86, 0x1b, 0x30, 0x04,
  0x00, 0x0c, 0x02, 0x90, 0x36, 0x0c, 0x06, 0x9f, 0x76, 0x42, 0x36, 0x04,
  0x36, 0x0c, 0x5f, 0x43, 0x01, 0x98, 0xc7, 0x1b, 0xbe, 0x1b, 0x30, 0x04,
  0x00, 0x0c, 0x01, 0x90, 0x36, 0x0c, 0x03, 0x98, 0x76, 0x42, 0x36, 0x04,
  0x36, 0x0c, 0x86, 0x1b, 0x37, 0x0c, 0x2a, 0xd0, 0x08, 0x98, 0x01, 0x3b,
  0x00, 0x28, 0x26, 0xd0, 0x09, 0x98, 0x04, 0x21, 0x01, 0x40, 0x07, 0xd0,
  0x0f, 0x98, 0x05, 0x99, 0x40, 0x18, 0x36, 0x18, 0x30, 0x04, 0x00, 0x0c,
  0x05, 0x90, 0x36, 0x0c, 0x09, 0x98, 0x05, 0x21, 0x01, 0x40, 0x07, 0xd0,
  0x0e, 0x98, 0x04, 0x99, 0x40, 0x18, 0x36, 0x18, 0x30, 0x04, 0x00, 0x0c,
  0x04, 0x90, 0x36, 0x0c, 0x0a, 0x98, 0x02, 0x99, 0x40, 0x18, 0x36, 0x18,
  0x30, 0x04, 0x00, 0x0c, 0x02, 0x90, 0x06, 0x98, 0x01, 0x99, 0x36, 0x0c,
  0x40, 0x18, 0x36, 0x18, 0x30, 0x04, 0x00, 0x0c, 0x01, 0x90, 0x1e, 0x1c,
  0x00, 0x27, 0x00, 0x2d, 0x0d, 0xd0, 0x1f, 0x2d, 0x05, 0xd9, 0x2e, 0x1c,
  0x20, 0x3e, 0xb3, 0x40, 0x1f, 0x1c, 0x00, 0x26, 0x05, 0xe0, 0x20, 0x26,
  0x76, 0x1b, 0x1f, 0x1c, 0xf7, 0x40, 0xab, 0x40, 0x1e, 0x1c, 0x1a, 0x9a,
  0x1b, 0x9b, 0x01, 0x98, 0x32, 0x43, 0x3b, 0x43, 0x00, 0x04, 0x00, 0x0c,
  0x03, 0x90, 0x02, 0x98, 0x00, 0x04, 0x00, 0x0c, 0x01, 0x90, 0x04, 0x98,
  0x1a, 0x92, 0x00, 0x04, 0x00, 0x0c, 0x02, 0x90, 0x05, 0x98, 0x1b, 0x93,
  0x00, 0x04, 0x00, 0x0c, 0x00, 0x21, 0x05, 0x91, 0x08, 0x99, 0x04, 0x90,
  0x10, 0x3d, 0x48, 0x1e, 0x08, 0x90, 0x00, 0x29, 0x00, 0xd0, 0x40, 0xe7,
  0x10, 0x1c, 0x19, 0x1c, 0x1e, 0xb0, 0xe0, 0xbd, 0xe0, 0xb5, 0x8c, 0xb0,
  0x06, 0x90, 0x07, 0x91, 0x00, 0x04, 0x00, 0x0c, 0x16, 0x0c, 0x11, 0x04,
  0x09, 0x0c, 0x05, 0x1c, 0x4d, 0x43, 0x0a, 0x92, 0x0b, 0x93, 0x2a, 0x04,
  0x12, 0x0c, 0x2b, 0x0c, 0x05, 0x1c, 0x75, 0x43, 0x04, 0x96, 0x2e, 0x04,
  0x36, 0x0c, 0x9b, 0x19, 0x2f, 0x0c, 0x0b, 0x9d, 0x2e, 0x04, 0x36, 0x0c,
  0x05, 0x1c, 0x75, 0x43, 0x05, 0x96, 0x2e, 0x04, 0x36, 0x0c, 0xbf, 0x19,
  0x2e, 0x0c, 0x0b, 0x9d, 0x2d, 0x0c, 0x45, 0x43, 0x76, 0x19, 0x06, 0x9d,
  0x28, 0x0c, 0x03, 0xb4, 0x0d, 0x1c, 0x45, 0x43, 0x29, 0x04, 0x09, 0x0c,
  0x03, 0x91, 0x5b, 0x18, 0x2d, 0x0c, 0x7f, 0x19, 0x06, 0x99, 0x05, 0x1c,
  0x4d, 0x43, 0x07, 0x99, 0x28, 0x04, 0x00, 0x0c, 0x04, 0x90, 0x3f, 0x18,
  0x2d, 0x0c, 0x76, 0x19, 0x01, 0xbc, 0x48, 0x43, 0x36, 0x18, 0x08, 0x98,
  0x00, 0x9d, 0x00, 0x04, 0x00, 0x0c, 0x45, 0x43, 0x29, 0x04, 0x09, 0x0c,
  0x04, 0x91, 0x7f, 0x18, 0x2d, 0x0c, 0x05, 0x99, 0x76, 0x19, 0x48, 0x43,
  0x36, 0x18, 0x08, 0x98, 0x05, 0x0c, 0x02, 0xbc, 0x4d, 0x43, 0x76, 0x19,
  0x1d, 0x0c, 0x7f, 0x19, 0x3d, 0x0c, 0x76, 0x19, 0x3f, 0x04, 0x3f, 0x0c,
  0x31, 0x04, 0x39, 0x43, 0x09, 0x91, 0x18, 0x04, 0x10, 0x43, 0x0c, 0xb0,
  0xe0, 0xbd, 0x20, 0xb5, 0x41, 0x07, 0x01, 0xd1, 0x0c, 0xc0, 0x0d, 0xe0,
  0x02, 0x70, 0x15, 0x0a, 0x45, 0x70, 0x2d, 0x0a, 0x85, 0x70, 0x2a, 0x0a,
  0xc2, 0x70, 0x03, 0x71, 0x19, 0x0a, 0x41, 0x71, 0x09, 0x0a, 0x81, 0x71,
  0x0a, 0x0a, 0xc2, 0x71, 0x20, 0xbd, 0x00, 0x28, 0x01, 0xd1, 0x20, 0x20,
  0x12, 0xe0, 0x1f, 0x22, 0x01, 0x0c, 0x01, 0xd0, 0x08, 0x1c, 0x10, 0x3a,
  0x01, 0x0a, 0x01, 0xd0, 0x08, 0x1c, 0x08, 0x3a, 0x01, 0x09, 0x01, 0xd0,
  0x08, 0x1c, 0x12, 0x1f, 0x81, 0x08, 0x01, 0xd0, 0x08, 0x1c, 0x92, 0x1e,
  0x41, 0x08, 0x50, 0x1a, 0x70, 0x47, 0x60, 0xb5, 0x02, 0x04, 0x12, 0x0c,
  0x0b, 0x04, 0x1b, 0x0c, 0x09, 0x0c, 0x15, 0x1c, 0x4d, 0x43, 0x00, 0x0c,
  0x06, 0x1c, 0x5e, 0x43, 0x5a, 0x43, 0x12, 0x0c, 0x33, 0x04, 0x1b, 0x0c,
  0x9a, 0x18, 0x2b, 0x04, 0x1b, 0x0c, 0x9a, 0x18, 0x12, 0x0c, 0x48, 0x43,
  0x80, 0x18, 0x31, 0x0c, 0x08, 0x18, 0x29, 0x0c, 0x08, 0x18, 0x60, 0xbd,
  0x00, 0x00, 0x00, 0xb5, 0x81, 0xb0, 0x01, 0x1c, 0x0a, 0x20, 0x00, 0xf0,
  0x07, 0xf8, 0x02, 0x1c, 0x08, 0x1c, 0x11, 0x1c, 0x01, 0xb0, 0x08, 0xbc,
  0x18, 0x47, 0x00, 0x00, 0x60, 0xb4, 0x00, 0x23, 0x01, 0x25, 0x02, 0x1c,
  0x04, 0xd1, 0x0b, 0x4a, 0x00, 0x2a, 0x10, 0xd0, 0x60, 0xbc, 0x10, 0x47,
  0x91, 0x42, 0x07, 0xd3, 0x89, 0x1a, 0x5b, 0x19, 0x4e, 0x08, 0xb2, 0x42,
  0xf8, 0xd2, 0x52, 0x00, 0x6d, 0x00, 0xf5, 0xe7, 0x01, 0x2d, 0x02, 0xd0,
  0x52, 0x08, 0x6d, 0x08, 0xf0, 0xe7, 0x18, 0x1c, 0x60, 0xbc, 0x70, 0x47,
  0x00, 0x00, 0x00, 0x00, 0x60, 0xb5, 0x0d, 0x1c, 0x01, 0x1c, 0x00, 0x23,
  0x18, 0x1c, 0x40, 0x2a, 0x0c, 0xd2, 0x16, 0x1c, 0x20, 0x3e, 0x2b, 0x1c,
  0xf3, 0x40, 0x00, 0x2e, 0x06, 0xda, 0x28, 0x1c, 0xd0, 0x40, 0x0b, 0x1c,
  0xd3, 0x40, 0x71, 0x42, 0x8d, 0x40, 0x2b, 0x43, 0x01, 0x1c, 0x18, 0x1c,
  0x60, 0xbd, 0x84, 0x46, 0x83, 0x07, 0x04, 0xd0, 0x01, 0x3a, 0x13, 0xd3,
  0x01, 0x70, 0x01, 0x30, 0xf8, 0xe7, 0x08, 0x3a, 0x08, 0xd3, 0x09, 0x06,
  0x0b, 0x0a, 0x19, 0x43, 0x0b, 0x0c, 0x19, 0x43, 0x0b, 0x1c, 0x0a, 0xc0,
  0x08, 0x3a, 0xfc, 0xd2, 0x08, 0x32, 0x03, 0xd0, 0x01, 0x70, 0x01, 0x30,
  0x01, 0x3a, 0xfb, 0xd1, 0x60, 0x46, 0x70, 0x47, 0x00, 0x20, 0x01, 0x46,
  0x0a, 0x46, 0x0b, 0x46, 0x0c, 0x46, 0x0d, 0x46, 0x0e, 0x46, 0x0f, 0x46,
  0x88, 0x46, 0x89, 0x46, 0x8a, 0x46, 0x8b, 0x46, 0x8c, 0x46, 0x02, 0x48,
  0x85, 0x46, 0xfd, 0xf7, 0xdd, 0xfd, 0xfe, 0xe7, 0x00, 0x00, 0x01, 0x00,
  0x00, 0x01, 0x02, 0x03, 0x04, 0x05, 0x06, 0x07, 0x08, 0x09, 0x09, 0x09,
  0x09, 0x0a, 0x0a, 0x0a, 0x0a, 0x0b, 0x0b, 0x0b, 0x0b, 0x0c, 0x0c, 0x0c,
  0x0c, 0x0d, 0x0d, 0x0d, 0x0d, 0x0d, 0x0d, 0x0d, 0x0d, 0x0e, 0x0e, 0x0e,
  0x0e, 0x0e, 0x0e, 0x0e, 0x0e, 0x0e, 0x0e, 0x0e, 0x0e, 0x0e, 0x0e, 0x0e,
  0x0e, 0x0f, 0x0f, 0x0f, 0x0f, 0x0f, 0x0f, 0x0f, 0x0f, 0x0f, 0x0f, 0x0f,
  0x0f, 0x0f, 0x0f, 0x0f, 0x0f, 0x00, 0x00, 0x00, 0x00, 0x08, 0x00, 0x00,
  0x04, 0x00, 0x00, 0x00, 0x00, 0x03, 0x01, 0x00, 0x10, 0x00, 0x00, 0x00,
  0x00, 0xe8, 0x00, 0x00, 0x10, 0x00, 0x00, 0x00, 0x00, 0x02, 0x00, 0x00,
  0x02, 0x00, 0x00, 0x00, 0x00, 0xe8, 0x00, 0x00, 0x10, 0x00, 0x00, 0x00,
  0x00, 0x02, 0x00, 0x00, 0x04, 0x00, 0x00, 0x00, 0x00, 0xe8, 0x00, 0x00,
  0x10, 0x00, 0x00, 0x00, 0x00, 0x08, 0x00, 0x00, 0x02, 0x00, 0x00, 0x00,
  0x00, 0x03, 0x01, 0x00, 0x10, 0x00, 0x00, 0x00, 0x00, 0x08, 0x00, 0x00,
  0x04, 0x00, 0x00, 0x00, 0x00, 0x04, 0x00, 0x00, 0x10, 0x00, 0x00, 0x00,
  0x00, 0x08, 0x00, 0x00, 0x02, 0x00, 0x00, 0x00, 0x00, 0x03, 0x01, 0x00,
  0x10, 0x00, 0x00, 0x00, 0x00, 0xe8, 0x00, 0x00, 0x10, 0x00, 0x00, 0x00,
  0x00, 0x08, 0x00, 0x00, 0x10, 0x00, 0x00, 0x00, 0x00, 0x08, 0x00, 0x00,
  0x02, 0x00, 0x00, 0x00, 0x00, 0x08, 0x00, 0x00, 0x04, 0x00, 0x00, 0x00,
  0x00, 0x08, 0x00, 0x00, 0x08, 0x00, 0x00, 0x00, 0x00, 0x44, 0xa0, 0x43,
  0x00, 0x40, 0xb1, 0x43, 0x00, 0xc8, 0xb0, 0x43, 0x10, 0x11, 0x12, 0x13,
  0x00, 0x01, 0x02, 0x03, 0x04, 0x05, 0x06, 0x07, 0x08, 0x09, 0x0a, 0x0b,
  0x0c, 0x0d, 0x0e, 0x0f, 0x06, 0x06, 0x06, 0x04, 0x04, 0x05, 0x05, 0x07,
  0x07, 0x07, 0x02, 0x04, 0x04, 0x04, 0x04, 0x02, 0x04, 0x01, 0x01, 0x01,
  0x01, 0x01, 0x01, 0x01, 0x01, 0x01, 0x01, 0x01, 0x01, 0x01, 0x01, 0x01,
  0x01, 0x01, 0x01, 0x02, 0x04, 0x04, 0x03, 0x04, 0x04, 0x04, 0x04, 0x04,
  0x04, 0x04, 0x04, 0x04, 0x04, 0x04, 0x04, 0x04, 0x05, 0x04, 0x04, 0x03,
  0x03, 0x03, 0x03, 0x04, 0x03, 0x03, 0x04, 0x04, 0x04, 0x04, 0x04, 0x03,
  0x03, 0x04, 0x00, 0x01, 0x02, 0x03, 0x04, 0x05, 0x06, 0x07, 0x08, 0x0c,
  0x10, 0x14, 0x18, 0x20, 0x30, 0x40, 0x14, 0x15, 0x16, 0x17, 0x00, 0x00,
  0x00, 0x00, 0xa0, 0x43, 0x00, 0x20, 0xa0, 0x43, 0x00, 0x04, 0xa0, 0x43,
  0x00, 0x24, 0xa0, 0x43, 0x00, 0x40, 0xa0, 0x43, 0x00, 0x48, 0xa0, 0x43,
  0x00, 0x44, 0xb1, 0x43, 0x00, 0x48, 0xb1, 0x43, 0x00, 0xc0, 0xa0, 0x43,
  0x00, 0xc4, 0xa0, 0x43, 0x00, 0x00, 0xb0, 0x43, 0x00, 0x04, 0xb0, 0x43,
  0x00, 0x08, 0xb0, 0x43, 0x00, 0x0c, 0xb0, 0x43, 0x00, 0x10, 0xb0, 0x43,
  0x00, 0x14, 0xb0, 0x43, 0x00, 0x18, 0xb0, 0x43, 0x00, 0x1c, 0xb0, 0x43,
  0x00, 0x20, 0xb0, 0x43, 0x00, 0x24, 0xb0, 0x43, 0x00, 0x28, 0xb0, 0x43,
  0x00, 0x2c, 0xb0, 0x43, 0x00, 0x30, 0xb0, 0x43, 0x00, 0x34, 0xb0, 0x43,
  0x00, 0x38, 0xb0, 0x43, 0x00, 0x3c, 0xb0, 0x43, 0x00, 0x80, 0xb0, 0x43,
  0x00, 0x84, 0xb0, 0x43, 0x00, 0x88, 0xb0, 0x43, 0x00, 0x8c, 0xb0, 0x43,
  0x00, 0x90, 0xb0, 0x43, 0x00, 0x94, 0xb0, 0x43, 0x00, 0x98, 0xb0, 0x43,
  0x00, 0x9c, 0xb0, 0x43, 0x00, 0xa0, 0xb0, 0x43, 0x00, 0xa4, 0xb0, 0x43,
  0x00, 0xa8, 0xb0, 0x43, 0x00, 0xac, 0xb0, 0x43, 0x00, 0xb0, 0xb0, 0x43,
  0x00, 0xb4, 0xb0, 0x43, 0x00, 0xb8, 0xb0, 0x43, 0x00, 0xbc, 0xb0, 0x43,
  0x00, 0x80, 0xa0, 0x43, 0x00, 0x84, 0xa0, 0x43, 0x00, 0x88, 0xa0, 0x43,
  0x00, 0x8c, 0xa0, 0x43, 0x00, 0x90, 0xa0, 0x43, 0x00, 0x94, 0xa0, 0x43,
  0x00, 0x98, 0xa0, 0x43, 0x00, 0x9c, 0xa0, 0x43, 0x00, 0xa0, 0xa0, 0x43,
  0x00, 0xa4, 0xa0, 0x43, 0x00, 0xa8, 0xa0, 0x43, 0x00, 0xac, 0xa0, 0x43,
  0x00, 0xb0, 0xa0, 0x43, 0x00, 0xb4, 0xa0, 0x43, 0x00, 0xb8, 0xa0, 0x43,
  0x00, 0xbc, 0xa0, 0x43, 0x00, 0x08, 0xa0, 0x43, 0x00, 0x0c, 0xa0, 0x43,
  0x00, 0x10, 0xa0, 0x43, 0x00, 0x14, 0xa0, 0x43, 0x00, 0x18, 0xa0, 0x43,
  0x00, 0x1c, 0xa0, 0x43, 0x00, 0x00, 0xb1, 0x43, 0x00, 0x04, 0xb1, 0x43,
  0x00, 0x08, 0xb1, 0x43, 0x00, 0x0c, 0xb1, 0x43, 0x00, 0x10, 0xb1, 0x43,
  0x00, 0x14, 0xb1, 0x43, 0x00, 0x18, 0xb1, 0x43, 0x00, 0x1c, 0xb1, 0x43,
  0x00, 0x20, 0xb1, 0x43, 0x00, 0x24, 0xb1, 0x43, 0x00, 0x28, 0xb1, 0x43,
  0x00, 0x2c, 0xb1, 0x43, 0x00, 0x30, 0xb1, 0x43, 0x00, 0x34, 0xb1, 0x43,
  0x00, 0x38, 0xb1, 0x43, 0x00, 0x3c, 0xb1, 0x43, 0x00, 0x28, 0xa0, 0x43,
  0x00, 0x2c, 0xa0, 0x43, 0x00, 0x30, 0xa0, 0x43, 0x00, 0x34, 0xa0, 0x43,
  0x00, 0x38, 0xa0, 0x43, 0x00, 0x3c, 0xa0, 0x43, 0x00, 0x1c, 0xa0, 0x43,
  0x1c, 0x04, 0x00, 0x00, 0x00, 0x3c, 0xa0, 0x43, 0x1d, 0x05, 0x00, 0x00,
  0x00, 0x4c, 0xa0, 0x43, 0x26, 0x0e, 0x00, 0x00, 0x00, 0x50, 0xa0, 0x43,
  0x29, 0x11, 0x00, 0x00, 0x00, 0x9c, 0xa0, 0x43, 0x1e, 0x06, 0x00, 0x00,
  0x00, 0xbc, 0xa0, 0x43, 0x1f, 0x07, 0x00, 0x00, 0x00, 0xcc, 0xa0, 0x43,
  0x26, 0x0e, 0x00, 0x00, 0x00, 0xd0, 0xa0, 0x43, 0x29, 0x11, 0x00, 0x00,
  0x00, 0x1c, 0xb0, 0x43, 0x20, 0x08, 0x00, 0x00, 0x00, 0x3c, 0xb0, 0x43,
  0x21, 0x09, 0x00, 0x00, 0x00, 0x4c, 0xb0, 0x43, 0x27, 0x0f, 0x00, 0x00,
  0x00, 0x50, 0xb0, 0x43, 0x29, 0x11, 0x00, 0x00, 0x00, 0x9c, 0xb0, 0x43,
  0x22, 0x0a, 0x00, 0x00, 0x00, 0xbc, 0xb0, 0x43, 0x23, 0x0b, 0x00, 0x00,
  0x00, 0xcc, 0xb0, 0x43, 0x27, 0x0f, 0x00, 0x00, 0x00, 0xd0, 0xb0, 0x43,
  0x29, 0x11, 0x00, 0x00, 0x00, 0x1c, 0xb1, 0x43, 0x24, 0x0c, 0x00, 0x00,
  0x00, 0x3c, 0xb1, 0x43, 0x25, 0x0d, 0x00, 0x00, 0x00, 0x4c, 0xb1, 0x43,
  0x28, 0x10, 0x00, 0x00, 0x00, 0x50, 0xb1, 0x43, 0x29, 0x11, 0x00, 0x00,
  0x08, 0x11, 0x12, 0x00, 0x00, 0x00, 0x00, 0x00, 0x00, 0x00, 0x00, 0x00,
  0x00, 0x00, 0x00, 0x00, 0x00, 0x00, 0x21, 0x40, 0x00, 0x10, 0x21, 0x40,
  0x00, 0x20, 0x21, 0x40, 0x00, 0x30, 0x21, 0x40, 0x30, 0x31, 0x32, 0x33,
  0x34, 0x35, 0x36, 0x37, 0x38, 0x39, 0x41, 0x42, 0x43, 0x44, 0x45, 0x46,
  0x30, 0x31, 0x32, 0x33, 0x34, 0x35, 0x36, 0x37, 0x38, 0x39, 0x61, 0x62,
  0x63, 0x64, 0x65, 0x66, 0xe8, 0x03, 0x00, 0x00, 0x00, 0x00, 0x00, 0x00,
  0x00, 0x00, 0x00, 0x00, 0x00, 0x00, 0x00, 0x00, 0x22, 0xf0, 0x82, 0x00,
  0x00, 0x00, 0x00, 0x00, 0x00, 0x00, 0x00, 0x00, 0x00, 0x01, 0x00, 0x00,
  0x00, 0x00, 0x00, 0x00, 0x00, 0x00, 0x00, 0x00, 0x00, 0x00, 0x22, 0xf0,
  0x05, 0x00, 0x00, 0x00, 0x00, 0x00, 0x00, 0x00, 0x00, 0x00, 0x00, 0x01,
  0x00, 0x00, 0x00, 0x00, 0x00, 0x00, 0x00, 0x00, 0x00, 0x00, 0x00, 0x00,
  0x01, 0x00, 0x00, 0x00, 0x00, 0x00, 0x00, 0x00, 0x00, 0x00, 0x00, 0x00,
  0x00, 0x00, 0x08, 0x00, 0x45, 0x00, 0x00, 0x00, 0x00, 0x00, 0x40, 0x00,
  0x10, 0x11, 0x00, 0x00, 0x00, 0x00, 0x00, 0x00, 0x00, 0x00, 0x00, 0x00,
  0x00, 0x00, 0x00, 0x00, 0x00, 0x00, 0x00, 0x00, 0x00, 0x00, 0x00, 0x00,
  0x00, 0x00, 0x00, 0x00, 0x00, 0x00, 0x00, 0x00, 0x00, 0x00, 0x00, 0x00,
  0x00, 0x00, 0x00, 0x00, 0x00, 0x00, 0x00, 0x00, 0x00, 0x00, 0x00, 0x00,
  0x00, 0x00, 0x00, 0x00, 0x00, 0x00, 0x00, 0x00, 0x00, 0x00, 0x00, 0x00,
  0x00, 0x00, 0x00, 0x00, 0x00, 0x00, 0x00, 0x00, 0x00, 0x00, 0x00, 0x00,
  0x00, 0x00, 0x00, 0x00, 0x00, 0x00, 0x00, 0x00, 0x00, 0x00, 0x00, 0x00,
  0x00, 0x00, 0x00, 0x00, 0x00, 0x00, 0x00, 0x00, 0x00, 0x00, 0x00, 0x00,
  0x00, 0x00, 0x00, 0x00, 0x00, 0x00, 0x00, 0x00, 0x00, 0x00, 0x00, 0x00,
  0x00, 0x00, 0x00, 0x00, 0x00, 0x00, 0x00, 0x00, 0x00, 0x00, 0x00, 0x00,
  0x00, 0x00, 0x00, 0x00, 0x00, 0x00, 0x00, 0x00, 0x00, 0x00, 0x00, 0x00,
  0x00, 0x00, 0x00, 0x00, 0x00, 0x00, 0x00, 0x00, 0x00, 0x00, 0x00, 0x00,
  0x00, 0x00, 0x00, 0x00, 0x00, 0x00, 0x00, 0x00, 0x00, 0x00, 0x00, 0x00,
  0x00, 0x00, 0x00, 0x00, 0x00, 0x00, 0x00, 0x00, 0x00, 0x00, 0x00, 0x00,
  0x00, 0x00, 0x00, 0x00, 0x00, 0x00, 0x00, 0x00, 0x00, 0x00, 0x00, 0x00,
  0x00, 0x00, 0x00, 0x00, 0x00, 0x00, 0x00, 0x00, 0x00, 0x00, 0x00, 0x00,
  0x00, 0x00, 0x00, 0x00, 0x00, 0x00, 0x00, 0x00, 0x00, 0x00, 0x00, 0x00,
  0x00, 0x00, 0x00, 0x00, 0x00, 0x00, 0x00, 0x00, 0x00, 0x00, 0x00, 0x00,
  0x00, 0x00, 0x00, 0x00, 0x00, 0x00, 0x00, 0x00, 0x00, 0x00, 0x00, 0x00,
  0x00, 0x00, 0x00, 0x00, 0x00, 0x00, 0x00, 0x00, 0x00, 0x00, 0x00, 0x00,
  0x00, 0x00, 0x00, 0x00, 0x00, 0x00, 0x00, 0x00, 0x00, 0x00, 0x00, 0x00,
  0x00, 0x00, 0x00, 0x00, 0x00, 0x00, 0x00, 0x00, 0x00, 0x00, 0x00, 0x00,
  0x00, 0x00, 0x00, 0x00, 0x00, 0x00, 0x00, 0x00, 0x00, 0x00, 0x00, 0x00,
  0x00, 0x00, 0x00, 0x00, 0x00, 0x00, 0x00, 0x00, 0x00, 0x00, 0x00, 0x00,
  0x00, 0x00, 0x00, 0x00, 0x00, 0x00, 0x00, 0x00, 0x00, 0x00, 0x00, 0x00,
  0x00, 0x00, 0x00, 0x00, 0x00, 0x00, 0x00, 0x00, 0x00, 0x00, 0x00, 0x00,
  0x00, 0x00, 0x00, 0x00, 0x00, 0x00, 0x00, 0x00, 0x00, 0x00, 0x00, 0x00,
  0x00, 0x00, 0x00, 0x00, 0x00, 0x00, 0x00, 0x00, 0x00, 0x00, 0x00, 0x00,
  0x00, 0x00, 0x00, 0x00, 0x00, 0x00, 0x00, 0x00, 0x00, 0x00, 0x00, 0x00,
  0x00, 0x00, 0x00, 0x00, 0x00, 0x00, 0x00, 0x00, 0x00, 0x00, 0x00, 0x00,
  0x00, 0x00, 0x00, 0x00, 0x00, 0x00, 0x00, 0x00, 0x00, 0x00, 0x00, 0x00,
  0x00, 0x00, 0x00, 0x00, 0x00, 0x00, 0x00, 0x00, 0x00, 0x00, 0x00, 0x00,
  0x00, 0x00, 0x00, 0x00, 0x00, 0x00, 0x00, 0x00, 0x00, 0x00, 0x00, 0x00,
  0x00, 0x00, 0x00, 0x00, 0x00, 0x00, 0x00, 0x00, 0x00, 0x00, 0x00, 0x00,
  0x00, 0x00, 0x00, 0x00, 0x00, 0x00, 0x00, 0x00, 0x00, 0x00, 0x00, 0x00,
  0x00, 0x00, 0x00, 0x00, 0x00, 0x00, 0x00, 0x00, 0x00, 0x00, 0x00, 0x00,
  0x00, 0x00, 0x00, 0x00, 0x00, 0x00, 0x00, 0x00, 0x00, 0x00, 0x00, 0x00,
  0x00, 0x00, 0x00, 0x00, 0x00, 0x00, 0x00, 0x00, 0x00, 0x00, 0x00, 0x00,
  0x00, 0x00, 0x00, 0x00, 0x00, 0x00, 0x00, 0x00, 0x00, 0x00, 0x00, 0x00,
  0x00, 0x00, 0x00, 0x00, 0x00, 0x00, 0x00, 0x00, 0x00, 0x00, 0x00, 0x00,
  0x00, 0x00, 0x00, 0x00, 0x00, 0x00, 0x00, 0x00, 0x00, 0x00, 0x00, 0x00,
  0x00, 0x00, 0x00, 0x00, 0x00, 0x00, 0x00, 0x00, 0x00, 0x00, 0x00, 0x00,
  0x00, 0x00, 0x00, 0x00, 0x00, 0x00, 0x00, 0x00, 0x00, 0x00, 0x00, 0x00,
  0x00, 0x00, 0x00, 0x00, 0x00, 0x00, 0x00, 0x00, 0x00, 0x00, 0x00, 0x00,
  0x00, 0x00, 0x00, 0x00, 0x00, 0x00, 0x00, 0x00, 0x00, 0x00, 0x00, 0x00,
  0x00, 0x00, 0x00, 0x00, 0x00, 0x00, 0x00, 0x00, 0x00, 0x00, 0x00, 0x00,
  0x00, 0x00, 0x00, 0x00, 0x00, 0x00, 0x00, 0x00, 0x00, 0x00, 0x00, 0x00,
  0x00, 0x00, 0x00, 0x00, 0x00, 0x00, 0x00, 0x00, 0x00, 0x00, 0x00, 0x00,
  0x00, 0x00, 0x00, 0x00, 0x00, 0x00, 0x00, 0x00, 0x00, 0x00, 0x00, 0x00,
  0x00, 0x00, 0x00, 0x00, 0x00, 0x00, 0x00, 0x00, 0x00, 0x00, 0x00, 0x00,
  0x00, 0x00, 0x00, 0x00, 0x00, 0x00, 0x00, 0x00, 0x00, 0x00, 0x00, 0x00,
  0x00, 0x00, 0x00, 0x00, 0x00, 0x00, 0x00, 0x00, 0x00, 0x00, 0x00, 0x00,
  0x00, 0x00, 0x00, 0x00, 0x00, 0x00, 0x00, 0x00, 0x00, 0x00, 0x00, 0x00,
  0x00, 0x00, 0x00, 0x00, 0x00, 0x00, 0x00, 0x00, 0x00, 0x00, 0x00, 0x00,
  0x00, 0x00, 0x00, 0x00, 0x00, 0x00, 0x00, 0x00, 0x00, 0x00, 0x00, 0x00,
  0x00, 0x00, 0x00, 0x00, 0x00, 0x00, 0x00, 0x00, 0x00, 0x00, 0x00, 0x00,
  0x00, 0x00, 0x00, 0x00, 0x00, 0x00, 0x00, 0x00, 0x00, 0x00, 0x00, 0x00,
  0x00, 0x00, 0x00, 0x00, 0x00, 0x00, 0x00, 0x00, 0x00, 0x00, 0x00, 0x00,
  0x00, 0x00, 0x00, 0x00, 0x00, 0x00, 0x00, 0x00, 0x00, 0x00, 0x00, 0x00,
  0x00, 0x00, 0x00, 0x00, 0x00, 0x00, 0x00, 0x00, 0x00, 0x00, 0x00, 0x00,
  0x00, 0x00, 0x00, 0x00, 0x00, 0x00, 0x00, 0x00, 0x00, 0x00, 0x00, 0x00,
  0x00, 0x00, 0x00, 0x00, 0x00, 0x00, 0x00, 0x00, 0x00, 0x00, 0x00, 0x00,
  0x00, 0x00, 0x00, 0x00, 0x00, 0x00, 0x00, 0x00, 0x00, 0x00, 0x00, 0x00,
  0x00, 0x00, 0x00, 0x00, 0x00, 0x00, 0x00, 0x00, 0x00, 0x00, 0x00, 0x00,
  0x00, 0x00, 0x00, 0x00, 0x00, 0x00, 0x00, 0x00, 0x00, 0x00, 0x00, 0x00,
  0x00, 0x00, 0x00, 0x00, 0x00, 0x00, 0x00, 0x00, 0x00, 0x00, 0x00, 0x00,
  0x00, 0x00, 0x00, 0x00, 0x00, 0x00, 0x00, 0x00, 0x00, 0x00, 0x00, 0x00,
  0x00, 0x00, 0x00, 0x00, 0x00, 0x00, 0x00, 0x00, 0x00, 0x00, 0x00, 0x00,
  0x00, 0x00, 0x00, 0x00, 0x00, 0x00, 0x00, 0x00, 0x00, 0x00, 0x00, 0x00,
  0x00, 0x00, 0x00, 0x00, 0x00, 0x00, 0x00, 0x00, 0x00, 0x00, 0x00, 0x00,
  0x00, 0x00, 0x00, 0x00, 0x00, 0x00, 0x00, 0x00, 0x00, 0x00, 0x00, 0x00,
  0x00, 0x00, 0x00, 0x00, 0x00, 0x00, 0x00, 0x00, 0x00, 0x00, 0x00, 0x00,
  0x00, 0x00, 0x00, 0x00, 0x00, 0x00, 0x00, 0x00, 0x00, 0x00, 0x00, 0x00,
  0x00, 0x00, 0x00, 0x00, 0x00, 0x00, 0x00, 0x00, 0x00, 0x00, 0x00, 0x00,
  0x00, 0x00, 0x00, 0x00, 0x00, 0x00, 0x00, 0x00, 0x00, 0x00, 0x00, 0x00,
  0x00, 0x00, 0x00, 0x00, 0x00, 0x00, 0x00, 0x00, 0x00, 0x00, 0x00, 0x00,
  0x00, 0x00, 0x00, 0x00, 0x00, 0x00, 0x00, 0x00, 0x00, 0x00, 0x00, 0x00,
  0x00, 0x00, 0x00, 0x00, 0x00, 0x00, 0x00, 0x00, 0x00, 0x00, 0x00, 0x00,
  0x00, 0x00, 0x00, 0x00, 0x00, 0x00, 0x00, 0x00, 0x00, 0x00, 0x00, 0x00,
  0x00, 0x00, 0x00, 0x00, 0x00, 0x00, 0x00, 0x00, 0x00, 0x00, 0x00, 0x00,
  0x00, 0x00, 0x00, 0x00, 0x00, 0x00, 0x00, 0x00, 0x00, 0x00, 0x00, 0x00,
  0x00, 0x00, 0x00, 0x00, 0x00, 0x00, 0x00, 0x00, 0x00, 0x00, 0x00, 0x00,
  0x00, 0x00, 0x00, 0x00, 0x00, 0x00, 0x00, 0x00, 0x00, 0x00, 0x00, 0x00,
  0x00, 0x00, 0x00, 0x00, 0x00, 0x00, 0x00, 0x00, 0x00, 0x00, 0x00, 0x00,
  0x00, 0x00, 0x00, 0x00, 0x00, 0x00, 0x00, 0x00, 0x00, 0x00, 0x00, 0x00,
  0x00, 0x00, 0x00, 0x00, 0x00, 0x00, 0x00, 0x00, 0x00, 0x00, 0x00, 0x00,
  0x00, 0x00, 0x00, 0x00, 0x00, 0x00, 0x00, 0x00, 0x00, 0x00, 0x00, 0x00,
  0x00, 0x00, 0x00, 0x00, 0x00, 0x00, 0x00, 0x00, 0x00, 0x00, 0x00, 0x00,
  0x00, 0x00, 0x00, 0x00, 0x00, 0x00, 0x00, 0x00, 0x00, 0x00, 0x00, 0x00,
  0x00, 0x00, 0x00, 0x00, 0x00, 0x00, 0x00, 0x00, 0x00, 0x00, 0x00, 0x00,
  0x00, 0x00, 0x00, 0x00, 0x00, 0x00, 0x00, 0x00, 0x00, 0x00, 0x00, 0x00,
  0x00, 0x00, 0x00, 0x00, 0x00, 0x00, 0x00, 0x00, 0x00, 0x00, 0x00, 0x00,
  0x00, 0x00, 0x00, 0x00, 0x00, 0x00, 0x00, 0x00, 0x00, 0x00, 0x00, 0x00,
  0x00, 0x00, 0x00, 0x00, 0x00, 0x00, 0x00, 0x00, 0x00, 0x00, 0x00, 0x00,
  0x00, 0x00, 0x00, 0x00, 0x00, 0x00, 0x00, 0x00, 0x00, 0x00, 0x00, 0x00,
  0x00, 0x00, 0x00, 0x00, 0x00, 0x00, 0x00, 0x00, 0x00, 0x00, 0x00, 0x00,
  0x00, 0x00, 0x00, 0x00, 0x00, 0x00, 0x00, 0x00, 0x00, 0x00, 0x00, 0x00,
  0x00, 0x00, 0x00, 0x00, 0x00, 0x00, 0x00, 0x00, 0x00, 0x00, 0x00, 0x00,
  0x00, 0x00, 0x00, 0x00, 0x00, 0x00, 0x00, 0x00, 0x00, 0x00, 0x00, 0x00,
  0x00, 0x00, 0x00, 0x00, 0x00, 0x00, 0x00, 0x00, 0x00, 0x00, 0x00, 0x00,
  0x00, 0x00, 0x00, 0x00, 0x00, 0x00, 0x00, 0x00, 0x00, 0x00, 0x00, 0x00,
  0x00, 0x00, 0x00, 0x00, 0x00, 0x00, 0x00, 0x00, 0x00, 0x00, 0x00, 0x00,
  0x00, 0x00, 0x00, 0x00, 0x00, 0x00, 0x00, 0x00, 0x00, 0x00, 0x00, 0x00,
  0x00, 0x00, 0x00, 0x00, 0x00, 0x00, 0x00, 0x00, 0x00, 0x00, 0x00, 0x00,
  0x00, 0x00, 0x00, 0x00, 0x00, 0x00, 0x00, 0x00, 0x00, 0x00, 0x00, 0x00,
  0x00, 0x00, 0x00, 0x00, 0x00, 0x00, 0x00, 0x00, 0x00, 0x00, 0x00, 0x00,
  0x00, 0x00, 0x00, 0x00, 0x00, 0x00, 0x00, 0x00, 0x00, 0x00, 0x00, 0x00,
  0x00, 0x00, 0x00, 0x00, 0x00, 0x00, 0x00, 0x00, 0x00, 0x00, 0x00, 0x00,
  0x00, 0x00, 0x00, 0x00, 0x00, 0x00, 0x00, 0x00, 0x00, 0x00, 0x00, 0x00,
  0x00, 0x00, 0x00, 0x00, 0x00, 0x00, 0x00, 0x00, 0x00, 0x00, 0x00, 0x00,
  0x00, 0x00, 0x00, 0x00, 0x00, 0x00, 0x00, 0x00, 0x00, 0x00, 0x00, 0x00,
  0x00, 0x00, 0x00, 0x00, 0x00, 0x00, 0x00, 0x00, 0x00, 0x00, 0x00, 0x00,
  0x00, 0x00, 0x00, 0x00, 0x00, 0x00, 0x00, 0x00, 0x00, 0x00, 0x00, 0x00,
  0x00, 0x00, 0x00, 0x00, 0x00, 0x00, 0x00, 0x00, 0x00, 0x00, 0x00, 0x00,
  0x00, 0x00, 0x00, 0x00, 0x00, 0x00, 0x00, 0x00, 0x00, 0x00, 0x00, 0x00,
  0x00, 0x00, 0x00, 0x00, 0x00, 0x00, 0x00, 0x00, 0x00, 0x00, 0x00, 0x00,
  0x00, 0x00, 0x00, 0x00, 0x00, 0x00, 0x00, 0x00, 0x00, 0x00, 0x00, 0x00,
  0x00, 0x00, 0x00, 0x00, 0x00, 0x00, 0x00, 0x00, 0x00, 0x00, 0x00, 0x00,
  0x00, 0x00, 0x00, 0x00, 0x00, 0x00, 0x00, 0x00, 0x00, 0x00, 0x00, 0x00,
  0x00, 0x00, 0x00, 0x00, 0x00, 0x00, 0x00, 0x00, 0x00, 0x00, 0x00, 0x00,
  0x00, 0x00, 0x00, 0x00, 0x00, 0x00, 0x00, 0x00, 0x00, 0x00, 0x00, 0x00,
  0x00, 0x00, 0x00, 0x00, 0x00, 0x00, 0x00, 0x00, 0x00, 0x00, 0x00, 0x00,
  0x00, 0x00, 0x00, 0x00, 0x00, 0x00, 0x00, 0x00, 0x00, 0x00, 0x00, 0x00,
  0x00, 0x00, 0x00, 0x00, 0x00, 0x00, 0x00, 0x00, 0x00, 0x00, 0x00, 0x00,
  0x00, 0x00, 0x00, 0x00, 0x00, 0x00, 0x00, 0x00, 0x00, 0x00, 0x00, 0x00,
  0x00, 0x00, 0x00, 0x00, 0x00, 0x00, 0x00, 0x00, 0x00, 0x00, 0x00, 0x00,
  0x00, 0x00, 0x00, 0x00, 0x00, 0x00, 0x00, 0x00, 0x00, 0x00, 0x00, 0x00,
  0x00, 0x00, 0x00, 0x00, 0x00, 0x00, 0x00, 0x00, 0x00, 0x00, 0x00, 0x00,
  0x00, 0x00, 0x00, 0x00, 0x00, 0x00, 0x00, 0x00, 0x00, 0x00, 0x00, 0x00,
  0x00, 0x00, 0x00, 0x00, 0x00, 0x00, 0x00, 0x00, 0x00, 0x00, 0x00, 0x00,
  0x00, 0x00, 0x00, 0x00, 0x00, 0x00, 0x00, 0x00, 0x00, 0x00, 0x00, 0x00,
  0x00, 0x00, 0x00, 0x00, 0x00, 0x00, 0x00, 0x00, 0x00, 0x00, 0x00, 0x00,
  0x00, 0x00, 0x00, 0x00, 0x00, 0x00, 0x00, 0x00, 0x00, 0x00, 0x00, 0x00,
  0x00, 0x00, 0x00, 0x00, 0x00, 0x00, 0x00, 0x00, 0x00, 0x00, 0x00, 0x00,
  0x00, 0x00, 0x00, 0x00, 0x00, 0x00, 0x00, 0x00, 0x00, 0x00, 0x00, 0x00,
  0x00, 0x00, 0x00, 0x00, 0x00, 0x00, 0x00, 0x00, 0x00, 0x00, 0x00, 0x00,
  0x00, 0x00, 0x00, 0x00, 0x00, 0x00, 0x00, 0x00, 0x00, 0x00, 0x00, 0x00,
  0x00, 0x00, 0x00, 0x00, 0x00, 0x00, 0x00, 0x00, 0x00, 0x00, 0x00, 0x00,
  0x00, 0x00, 0x00, 0x00, 0x00, 0x00, 0x00, 0x00, 0x00, 0x00, 0x00, 0x00,
  0x00, 0x00, 0x00, 0x00, 0x00, 0x00, 0x00, 0x00, 0x00, 0x00, 0x00, 0x00,
  0x00, 0x00, 0x00, 0x00, 0x00, 0x00, 0x00, 0x00, 0x00, 0x00, 0x00, 0x00,
  0x00, 0x00, 0x00, 0x00, 0x00, 0x00, 0x00, 0x00, 0x00, 0x00, 0x00, 0x00,
  0x00, 0x00, 0x00, 0x00, 0x00, 0x00, 0x00, 0x00, 0x00, 0x00, 0x00, 0x00,
  0x00, 0x00, 0x00, 0x00, 0x00, 0x00, 0x00, 0x00, 0x00, 0x00, 0x00, 0x00,
  0x00, 0x00, 0x00, 0x00, 0x00, 0x00, 0x00, 0x00, 0x00, 0x00, 0x00, 0x00,
  0x00, 0x00, 0x00, 0x00, 0x00, 0x00, 0x00, 0x00, 0x00, 0x00, 0x00, 0x00,
  0x00, 0x00, 0x00, 0x00, 0x00, 0x00, 0x00, 0x00, 0x00, 0x00, 0x00, 0x00,
  0x00, 0x00, 0x00, 0x00, 0x00, 0x00, 0x00, 0x00, 0x00, 0x00, 0x00, 0x00,
  0x00, 0x00, 0x00, 0x00, 0x00, 0x00, 0x00, 0x00, 0x00, 0x00, 0x00, 0x00,
  0x00, 0x00, 0x00, 0x00, 0x00, 0x00, 0x00, 0x00, 0x00, 0x00, 0x00, 0x00,
  0x00, 0x00, 0x00, 0x00, 0x00, 0x00, 0x00, 0x00, 0x00, 0x00, 0x00, 0x00,
  0x00, 0x00, 0x00, 0x00, 0x00, 0x00, 0x00, 0x00, 0x00, 0x00, 0x00, 0x00,
  0x00, 0x00, 0x00, 0x00, 0x00, 0x00, 0x00, 0x00, 0x00, 0x00, 0x00, 0x00,
  0x00, 0x00, 0x00, 0x00, 0x00, 0x00, 0x00, 0x00, 0x00, 0x00, 0x00, 0x00,
  0x00, 0x00, 0x00, 0x00, 0x00, 0x00, 0x00, 0x00, 0x00, 0x00, 0x00, 0x00,
  0x00, 0x00, 0x00, 0x00, 0x00, 0x00, 0x00, 0x00, 0x00, 0x00, 0x00, 0x00,
  0x00, 0x00, 0x00, 0x00, 0x00, 0x00, 0x00, 0x00, 0x00, 0x00, 0x00, 0x00,
  0x00, 0x00, 0x00, 0x00, 0x00, 0x00, 0x00, 0x00, 0x00, 0x00, 0x00, 0x00,
  0x00, 0x00, 0x00, 0x00, 0x00, 0x00, 0x00, 0x00, 0x00, 0x00, 0x00, 0x00,
  0x00, 0x00, 0x00, 0x00, 0x00, 0x00, 0x00, 0x00, 0x00, 0x00, 0x00, 0x00,
  0x00, 0x00, 0x00, 0x00, 0x00, 0x00, 0x00, 0x00, 0x00, 0x00, 0x00, 0x00,
  0x00, 0x00, 0x00, 0x00, 0x00, 0x00, 0x00, 0x00, 0x00, 0x00, 0x00, 0x00,
  0x00, 0x00, 0x00, 0x00, 0x00, 0x00, 0x00, 0x00, 0x00, 0x00, 0x00, 0x00,
  0x00, 0x00, 0x00, 0x00, 0x00, 0x00, 0x00, 0x00, 0x00, 0x00, 0x00, 0x00,
  0x00, 0x00, 0x00, 0x00, 0x00, 0x00, 0x00, 0x00, 0x00, 0x00, 0x00, 0x00,
  0x00, 0x00, 0x00, 0x00, 0x00, 0x00, 0x00, 0x00, 0x00, 0x00, 0x00, 0x00,
  0x00, 0x00, 0x00, 0x00, 0x00, 0x00, 0x00, 0x00, 0x00, 0x00, 0x00, 0x00,
  0x00, 0x00, 0x00, 0x00, 0x00, 0x00, 0x00, 0x00, 0x00, 0x00, 0x00, 0x00,
  0x00, 0x00, 0x00, 0x00, 0x00, 0x00, 0x00, 0x00, 0x00, 0x00, 0x00, 0x00,
  0x00, 0x00, 0x00, 0x00, 0x00, 0x00, 0x00, 0x00, 0x00, 0x00, 0x00, 0x00,
  0x00, 0x00, 0x00, 0x00, 0x00, 0x00, 0x00, 0x00, 0x00, 0x00, 0x00, 0x00,
  0x00, 0x00, 0x00, 0x00, 0x00, 0x00, 0x00, 0x00, 0x00, 0x00, 0x00, 0x00,
  0x00, 0x00, 0x00, 0x00, 0x00, 0x00, 0x00, 0x00, 0x00, 0x00, 0x00, 0x00,
  0x00, 0x00, 0x00, 0x00, 0x00, 0x00, 0x00, 0x00, 0x00, 0x00, 0x00, 0x00,
  0x00, 0x00, 0x00, 0x00, 0x00, 0x00, 0x00, 0x00, 0x00, 0x00, 0x00, 0x00,
  0x00, 0x00, 0x00, 0x00, 0x00, 0x00, 0x00, 0x00, 0x00, 0x00, 0x00, 0x00,
  0x00, 0x00, 0x00, 0x00, 0x00, 0x00, 0x00, 0x00, 0x00, 0x00, 0x00, 0x00,
  0x00, 0x00, 0x00, 0x00, 0x00, 0x00, 0x00, 0x00, 0x00, 0x00, 0x00, 0x00,
  0x00, 0x00, 0x00, 0x00, 0x00, 0x00, 0x00, 0x00, 0x00, 0x00, 0x00, 0x00,
  0x00, 0x00, 0x00, 0x00, 0x00, 0x00, 0x00, 0x00, 0x00, 0x00, 0x00, 0x00,
  0x00, 0x00, 0x00, 0x00, 0x00, 0x00, 0x00, 0x00, 0x00, 0x00, 0x00, 0x00,
  0x00, 0x00, 0x00, 0x00, 0x00, 0x00, 0x00, 0x00, 0x00, 0x00, 0x00, 0x00,
  0x00, 0x00, 0x00, 0x00, 0x00, 0x00, 0x00, 0x00, 0x00, 0x00, 0x00, 0x00,
  0x00, 0x00, 0x00, 0x00, 0x00, 0x00, 0x00, 0x00, 0x00, 0x00, 0x00, 0x00,
  0x00, 0x00, 0x00, 0x00, 0x00, 0x00, 0x00, 0x00, 0x00, 0x00, 0x00, 0x00,
  0x00, 0x00, 0x00, 0x00, 0x00, 0x00, 0x00, 0x00, 0x00, 0x00, 0x00, 0x00,
  0x00, 0x00, 0x00, 0x00, 0x00, 0x00, 0x00, 0x00, 0x00, 0x00, 0x00, 0x00,
  0x00, 0x00, 0x00, 0x00, 0x00, 0x00, 0x00, 0x00, 0x00, 0x00, 0x00, 0x00,
  0x00, 0x00, 0x00, 0x00, 0x00, 0x00, 0x00, 0x00, 0x00, 0x00, 0x00, 0x00,
  0x00, 0x00, 0x00, 0x00, 0x00, 0x00, 0x00, 0x00, 0x00, 0x00, 0x00, 0x00,
  0x00, 0x00, 0x00, 0x00, 0x00, 0x00, 0x00, 0x00, 0x00, 0x00, 0x00, 0x00,
  0x00, 0x00, 0x00, 0x00, 0x00, 0x00, 0x00, 0x00, 0x00, 0x00, 0x00, 0x00,
  0x00, 0x00, 0x00, 0x00, 0x00, 0x00, 0x00, 0x00, 0x00, 0x00, 0x00, 0x00,
  0x00, 0x00, 0x00, 0x00, 0x00, 0x00, 0x00, 0x00, 0x00, 0x00, 0x00, 0x00,
  0x00, 0x00, 0x00, 0x00, 0x00, 0x00, 0x00, 0x00, 0x00, 0x00, 0x00, 0x00,
  0x00, 0x00, 0x00, 0x00, 0x00, 0x00, 0x00, 0x00, 0x00, 0x00, 0x00, 0x00,
  0x00, 0x00, 0x00, 0x00, 0x00, 0x00, 0x00, 0x00, 0x00, 0x00, 0x00, 0x00,
  0x00, 0x00, 0x00, 0x00, 0x00, 0x00, 0x00, 0x00, 0x00, 0x00, 0x00, 0x00,
  0x00, 0x00, 0x00, 0x00, 0x00, 0x00, 0x00, 0x00, 0x00, 0x00, 0x00, 0x00,
  0x00, 0x00, 0x00, 0x00, 0x00, 0x00, 0x00, 0x00, 0x00, 0x00, 0x00, 0x00,
  0x00, 0x00, 0x00, 0x00, 0x00, 0x00, 0x00, 0x00, 0x00, 0x00, 0x00, 0x00,
  0x00, 0x00, 0x00, 0x00, 0x00, 0x00, 0x00, 0x00, 0x00, 0x00, 0x00, 0x00,
  0x00, 0x00, 0x00, 0x00, 0x00, 0x00, 0x00, 0x00, 0x00, 0x00, 0x00, 0x00,
  0x00, 0x00, 0x00, 0x00, 0x00, 0x00, 0x00, 0x00, 0x00, 0x00, 0x00, 0x00,
  0x00, 0x00, 0x00, 0x00, 0x00, 0x00, 0x00, 0x00, 0x00, 0x00, 0x00, 0x00,
  0x00, 0x00, 0x00, 0x00, 0x00, 0x00, 0x00, 0x00, 0x00, 0x00, 0x00, 0x00,
  0x00, 0x00, 0x00, 0x00, 0x00, 0x00, 0x00, 0x00, 0x00, 0x00, 0x00, 0x00,
  0x00, 0x00, 0x00, 0x00, 0x00, 0x00, 0x00, 0x00, 0x00, 0x00, 0x00, 0x00,
  0x00, 0x00, 0x00, 0x00, 0x00, 0x00, 0x00, 0x00, 0x00, 0x00, 0x00, 0x00,
  0x00, 0x00, 0x00, 0x00, 0x00, 0x00, 0x00, 0x00, 0x00, 0x00, 0x00, 0x00,
  0x00, 0x00, 0x00, 0x00, 0x00, 0x00, 0x00, 0x00, 0x00, 0x00, 0x00, 0x00,
  0x00, 0x00, 0x00, 0x00, 0x00, 0x00, 0x00, 0x00, 0x00, 0x00, 0x00, 0x00,
  0x00, 0x00, 0x00, 0x00, 0x00, 0x00, 0x00, 0x00, 0x00, 0x00, 0x00, 0x00,
  0x00, 0x00, 0x00, 0x00, 0x00, 0x00, 0x00, 0x00, 0x00, 0x00, 0x00, 0x00,
  0x00, 0x00, 0x00, 0x00, 0x00, 0x00, 0x00, 0x00, 0x00, 0x00, 0x00, 0x00,
  0x00, 0x00, 0x00, 0x00, 0x00, 0x00, 0x00, 0x00, 0x00, 0x00, 0x00, 0x00,
  0x00, 0x00, 0x00, 0x00, 0x00, 0x00, 0x00, 0x00, 0x00, 0x00, 0x00, 0x00,
  0x00, 0x00, 0x00, 0x00, 0x00, 0x00, 0x00, 0x00, 0x00, 0x00, 0x00, 0x00,
  0x00, 0x00, 0x00, 0x00, 0x00, 0x00, 0x00, 0x00, 0x00, 0x00, 0x00, 0x00,
  0x00, 0x00, 0x00, 0x00, 0x00, 0x00, 0x00, 0x00, 0x00, 0x00, 0x00, 0x00,
  0x00, 0x00, 0x00, 0x00, 0x00, 0x00, 0x00, 0x00, 0x00, 0x00, 0x00, 0x00,
  0x00, 0x00, 0x00, 0x00, 0x00, 0x00, 0x00, 0x00, 0x00, 0x00, 0x00, 0x00,
  0x00, 0x00, 0x00, 0x00, 0x00, 0x00, 0x00, 0x00, 0x00, 0x00, 0x00, 0x00,
  0x00, 0x00, 0x00, 0x00, 0x00, 0x00, 0x00, 0x00, 0x00, 0x00, 0x00, 0x00,
  0x00, 0x00, 0x00, 0x00, 0x00, 0x00, 0x00, 0x00, 0x00, 0x00, 0x00, 0x00,
  0x00, 0x00, 0x00, 0x00, 0x00, 0x00, 0x00, 0x00, 0x00, 0x00, 0x00, 0x00,
  0x00, 0x00, 0x00, 0x00, 0x00, 0x00, 0x00, 0x00, 0x00, 0x00, 0x00, 0x00,
  0x00, 0x00, 0x00, 0x00, 0x00, 0x00, 0x00, 0x00, 0x00, 0x00, 0x00, 0x00,
  0x00, 0x00, 0x00, 0x00, 0x00, 0x00, 0x00, 0x00, 0x00, 0x00, 0x00, 0x00,
  0x00, 0x00, 0x00, 0x00, 0x00, 0x00, 0x00, 0x00, 0x00, 0x00, 0x00, 0x00,
  0x00, 0x00, 0x00, 0x00, 0x00, 0x00, 0x00, 0x00, 0x00, 0x00, 0x00, 0x00,
  0x00, 0x00, 0x00, 0x00, 0x00, 0x00, 0x00, 0x00, 0x00, 0x00, 0x00, 0x00,
  0x00, 0x00, 0x00, 0x00, 0x00, 0x00, 0x00, 0x00, 0x00, 0x00, 0x00, 0x00,
  0x00, 0x00, 0x00, 0x00, 0x00, 0x00, 0x00, 0x00, 0x00, 0x00, 0x00, 0x00,
  0x00, 0x00, 0x00, 0x00, 0x00, 0x00, 0x00, 0x00, 0x00, 0x00, 0x00, 0x00,
  0x00, 0x00, 0x00, 0x00, 0x00, 0x00, 0x00, 0x00, 0x00, 0x00, 0x00, 0x00,
  0x00, 0x00, 0x00, 0x00, 0x00, 0x00, 0x00, 0x00, 0x00, 0x00, 0x00, 0x00,
  0x00, 0x00, 0x00, 0x00, 0x00, 0x00, 0x00, 0x00, 0x00, 0x00, 0x00, 0x00,
  0x00, 0x00, 0x00, 0x00, 0x00, 0x00, 0x00, 0x00, 0x00, 0x00, 0x00, 0x00,
  0x00, 0x00, 0x00, 0x00, 0x00, 0x00, 0x00, 0x00, 0x00, 0x00, 0x00, 0x00,
  0x00, 0x00, 0x00, 0x00, 0x00, 0x00, 0x00, 0x00, 0x00, 0x00, 0x00, 0x00,
  0x00, 0x00, 0x00, 0x00, 0x00, 0x00, 0x00, 0x00, 0x00, 0x00, 0x00, 0x00,
  0x00, 0x00, 0x00, 0x00, 0x00, 0x00, 0x00, 0x00, 0x00, 0x00, 0x00, 0x00,
  0x00, 0x00, 0x00, 0x00, 0x00, 0x00, 0x00, 0x00, 0x00, 0x00, 0x00, 0x00,
  0x00, 0x00, 0x00, 0x00, 0x00, 0x00, 0x00, 0x00, 0x00, 0x00, 0x00, 0x00,
  0x00, 0x00, 0x00, 0x00, 0x00, 0x00, 0x00, 0x00, 0x00, 0x00, 0x00, 0x00,
  0x00, 0x00, 0x00, 0x00, 0x00, 0x00, 0x00, 0x00, 0x00, 0x00, 0x00, 0x00,
  0x00, 0x00, 0x00, 0x00, 0x00, 0x00, 0x00, 0x00, 0x00, 0x00, 0x00, 0x00,
  0x00, 0x00, 0x00, 0x00, 0x00, 0x00, 0x00, 0x00, 0x00, 0x00, 0x00, 0x00,
  0x00, 0x00, 0x00, 0x00, 0x00, 0x00, 0x00, 0x00, 0x00, 0x00, 0x00, 0x00,
  0x00, 0x00, 0x00, 0x00, 0x00, 0x00, 0x00, 0x00, 0x00, 0x00, 0x00, 0x00,
  0x00, 0x00, 0x00, 0x00, 0x00, 0x00, 0x00, 0x00, 0x00, 0x00, 0x00, 0x00,
  0x00, 0x00, 0x00, 0x00, 0x00, 0x00, 0x00, 0x00, 0x00, 0x00, 0x00, 0x00,
  0x00, 0x00, 0x00, 0x00, 0x00, 0x00, 0x00, 0x00, 0x00, 0x00, 0x00, 0x00,
  0x00, 0x00, 0x00, 0x00, 0x00, 0x00, 0x00, 0x00, 0x00, 0x00, 0x00, 0x00,
  0x00, 0x00, 0x00, 0x00, 0x00, 0x00, 0x00, 0x00, 0x00, 0x00, 0x00, 0x00,
  0x00, 0x00, 0x00, 0x00, 0x00, 0x00, 0x00, 0x00, 0x00, 0x00, 0x00, 0x00,
  0x00, 0x00, 0x00, 0x00, 0x00, 0x00, 0x00, 0x00, 0x00, 0x00, 0x00, 0x00,
  0x00, 0x00, 0x00, 0x00, 0x00, 0x00, 0x00, 0x00, 0x00, 0x00, 0x00, 0x00,
  0x00, 0x00, 0x00, 0x00, 0x00, 0x00, 0x00, 0x00, 0x00, 0x00, 0x00, 0x00,
  0x00, 0x00, 0x00, 0x00, 0x00, 0x00, 0x00, 0x00, 0x00, 0x00, 0x00, 0x00,
  0x00, 0x00, 0x00, 0x00, 0x00, 0x00, 0x00, 0x00, 0x00, 0x00, 0x00, 0x00,
  0x00, 0x00, 0x00, 0x00, 0x00, 0x00, 0x00, 0x00, 0x00, 0x00, 0x00, 0x00,
  0x00, 0x00, 0x00, 0x00, 0x00, 0x00, 0x00, 0x00, 0x00, 0x00, 0x00, 0x00,
  0x00, 0x00, 0x00, 0x00, 0x00, 0x00, 0x00, 0x00, 0x00, 0x00, 0x00, 0x00,
  0x00, 0x00, 0x00, 0x00, 0x00, 0x00, 0x00, 0x00, 0x00, 0x00, 0x00, 0x00,
  0x00, 0x00, 0x00, 0x00, 0x00, 0x00, 0x00, 0x00, 0x00, 0x00, 0x00, 0x00,
  0x00, 0x00, 0x00, 0x00, 0x00, 0x00, 0x00, 0x00, 0x00, 0x00, 0x00, 0x00,
  0x00, 0x00, 0x00, 0x00, 0x00, 0x00, 0x00, 0x00, 0x00, 0x00, 0x00, 0x00,
  0x00, 0x00, 0x00, 0x00, 0x00, 0x00, 0x00, 0x00, 0x00, 0x00, 0x00, 0x00,
  0x00, 0x00, 0x00, 0x00, 0x00, 0x00, 0x00, 0x00, 0x00, 0x00, 0x00, 0x00,
  0x00, 0x00, 0x00, 0x00, 0x00, 0x00, 0x00, 0x00, 0x00, 0x00, 0x00, 0x00,
  0x00, 0x00, 0x00, 0x00, 0x00, 0x00, 0x00, 0x00, 0x00, 0x00, 0x00, 0x00,
  0x00, 0x00, 0x00, 0x00, 0x00, 0x00, 0x00, 0x00, 0x00, 0x00, 0x00, 0x00,
  0x00, 0x00, 0x00, 0x00, 0x00, 0x00, 0x00, 0x00, 0x00, 0x00, 0x00, 0x00,
  0x00, 0x00, 0x00, 0x00, 0x00, 0x00, 0x00, 0x00, 0x00, 0x00, 0x00, 0x00,
  0x00, 0x00, 0x00, 0x00, 0x00, 0x00, 0x00, 0x00, 0x00, 0x00, 0x00, 0x00,
  0x00, 0x00, 0x00, 0x00, 0x00, 0x00, 0x00, 0x00, 0x00, 0x00, 0x00, 0x00,
  0x00, 0x00, 0x00, 0x00, 0x00, 0x00, 0x00, 0x00, 0x00, 0x00, 0x00, 0x00,
  0x00, 0x00, 0x00, 0x00, 0x00, 0x00, 0x00, 0x00, 0x00, 0x00, 0x00, 0x00,
  0x00, 0x00, 0x00, 0x00, 0x00, 0x00, 0x00, 0x00, 0x00, 0x00, 0x00, 0x00,
  0x00, 0x00, 0x00, 0x00, 0x00, 0x00, 0x00, 0x00, 0x00, 0x00, 0x00, 0x00,
  0x00, 0x00, 0x00, 0x00, 0x00, 0x00, 0x00, 0x00, 0x00, 0x00, 0x00, 0x00,
  0x00, 0x00, 0x00, 0x00, 0x00, 0x00, 0x00, 0x00, 0x00, 0x00, 0x00, 0x00,
  0x00, 0x00, 0x00, 0x00, 0x00, 0x00, 0x00, 0x00, 0x00, 0x00, 0x00, 0x00,
  0x00, 0x00, 0x00, 0x00, 0x00, 0x00, 0x00, 0x00, 0x00, 0x00, 0x00, 0x00,
  0x00, 0x00, 0x00, 0x00, 0x00, 0x00, 0x00, 0x00, 0x00, 0x00, 0x00, 0x00,
  0x00, 0x00, 0x00, 0x00, 0x00, 0x00, 0x00, 0x00, 0x00, 0x00, 0x00, 0x00,
  0x00, 0x00, 0x00, 0x00, 0x00, 0x00, 0x00, 0x00, 0x00, 0x00, 0x00, 0x00,
  0x00, 0x00, 0x00, 0x00, 0x00, 0x00, 0x00, 0x00, 0x00, 0x00, 0x00, 0x00,
  0x00, 0x00, 0x00, 0x00, 0x00, 0x00, 0x00, 0x00, 0x00, 0x00, 0x00, 0x00,
  0x00, 0x00, 0x00, 0x00, 0x00, 0x00, 0x00, 0x00, 0x00, 0x00, 0x00, 0x00,
  0x00, 0x00, 0x00, 0x00, 0x00, 0x00, 0x00, 0x00, 0x00, 0x00, 0x00, 0x00,
  0x00, 0x00, 0x00, 0x00, 0x00, 0x00, 0x00, 0x00, 0x00, 0x00, 0x00, 0x00,
  0x00, 0x00, 0x00, 0x00, 0x00, 0x00, 0x00, 0x00, 0x00, 0x00, 0x00, 0x00,
  0x00, 0x00, 0x00, 0x00, 0x00, 0x00, 0x00, 0x00, 0x00, 0x00, 0x00, 0x00,
  0x00, 0x00, 0x00, 0x00, 0x00, 0x00, 0x00, 0x00, 0x00, 0x00, 0x00, 0x00,
  0x00, 0x00, 0x00, 0x00, 0x00, 0x00, 0x00, 0x00, 0x00, 0x00, 0x00, 0x00,
  0x00, 0x00, 0x00, 0x00, 0x00, 0x00, 0x00, 0x00, 0x00, 0x00, 0x00, 0x00,
  0x00, 0x00, 0x00, 0x00, 0x00, 0x00, 0x00, 0x00, 0x00, 0x00, 0x00, 0x00,
  0x00, 0x00, 0x00, 0x00, 0x00, 0x00, 0x00, 0x00, 0x00, 0x00, 0x00, 0x00,
  0x00, 0x00, 0x00, 0x00, 0x00, 0x00, 0x00, 0x00, 0x00, 0x00, 0x00, 0x00,
  0x00, 0x00, 0x00, 0x00, 0x00, 0x00, 0x00, 0x00, 0x00, 0x00, 0x00, 0x00,
  0x00, 0x00, 0x00, 0x00, 0x00, 0x00, 0x00, 0x00, 0x00, 0x00, 0x00, 0x00,
  0x00, 0x00, 0x00, 0x00, 0x00, 0x00, 0x00, 0x00, 0x00, 0x00, 0x00, 0x00,
  0x00, 0x00, 0x00, 0x00, 0x00, 0x00, 0x00, 0x00, 0x00, 0x00, 0x00, 0x00,
  0x00, 0x00, 0x00, 0x00, 0x00, 0x00, 0x00, 0x00, 0x00, 0x00, 0x00, 0x00,
  0x00, 0x00, 0x00, 0x00, 0x00, 0x00, 0x00, 0x00, 0x00, 0x00, 0x00, 0x00,
  0x00, 0x00, 0x00, 0x00, 0x00, 0x00, 0x00, 0x00, 0x00, 0x00, 0x00, 0x00,
  0x00, 0x00, 0x00, 0x00, 0x00, 0x00, 0x00, 0x00, 0x00, 0x00, 0x00, 0x00,
  0x00, 0x00, 0x00, 0x00, 0x00, 0x00, 0x00, 0x00, 0x00, 0x00, 0x00, 0x00,
  0x00, 0x00, 0x00, 0x00, 0x00, 0x00, 0x00, 0x00, 0x00, 0x00, 0x00, 0x00,
  0x00, 0x00, 0x00, 0x00, 0x00, 0x00, 0x00, 0x00, 0x00, 0x00, 0x00, 0x00,
  0x00, 0x00, 0x00, 0x00, 0x00, 0x00, 0x00, 0x00, 0x00, 0x00, 0x00, 0x00,
  0x00, 0x00, 0x00, 0x00, 0x00, 0x00, 0x00, 0x00, 0x00, 0x00, 0x00, 0x00,
  0x00, 0x00, 0x00, 0x00, 0x00, 0x00, 0x00, 0x00, 0x00, 0x00, 0x00, 0x00,
  0x00, 0x00, 0x00, 0x00, 0x00, 0x00, 0x00, 0x00, 0x00, 0x00, 0x00, 0x00,
  0x00, 0x00, 0x00, 0x00, 0x00, 0x00, 0x00, 0x00, 0x00, 0x00, 0x00, 0x00,
  0x00, 0x00, 0x00, 0x00, 0x00, 0x00, 0x00, 0x00, 0x00, 0x00, 0x00, 0x00,
  0x00, 0x00, 0x00, 0x00, 0x00, 0x00, 0x00, 0x00, 0x00, 0x00, 0x00, 0x00,
  0x00, 0x00, 0x00, 0x00, 0x00, 0x00, 0x00, 0x00, 0x00, 0x00, 0x00, 0x00,
  0x00, 0x00, 0x00, 0x00, 0x00, 0x00, 0x00, 0x00, 0x00, 0x00, 0x00, 0x00,
  0x00, 0x00, 0x00, 0x00, 0x00, 0x00, 0x00, 0x00, 0x00, 0x00, 0x00, 0x00,
  0x00, 0x00, 0x00, 0x00, 0x00, 0x00, 0x00, 0x00, 0x00, 0x00, 0x00, 0x00,
  0x00, 0x00, 0x00, 0x00, 0x00, 0x00, 0x00, 0x00, 0x00, 0x00, 0x00, 0x00,
  0x00, 0x00, 0x00, 0x00, 0x00, 0x00, 0x00, 0x00, 0x00, 0x00, 0x00, 0x00,
  0x00, 0x00, 0x00, 0x00, 0x00, 0x00, 0x00, 0x00, 0x00, 0x00, 0x00, 0x00,
  0x00, 0x00, 0x00, 0x00, 0x00, 0x00, 0x00, 0x00, 0x00, 0x00, 0x00, 0x00,
  0x00, 0x00, 0x00, 0x00, 0x00, 0x00, 0x00, 0x00, 0x00, 0x00, 0x00, 0x00,
  0x00, 0x00, 0x00, 0x00, 0x00, 0x00, 0x00, 0x00, 0x00, 0x00, 0x00, 0x00,
  0x00, 0x00, 0x00, 0x00, 0x00, 0x00, 0x00, 0x00, 0x00, 0x00, 0x00, 0x00,
  0x00, 0x00, 0x00, 0x00, 0x00, 0x00, 0x00, 0x00, 0x00, 0x00, 0x00, 0x00,
  0x00, 0x00, 0x00, 0x00, 0x00, 0x00, 0x00, 0x00, 0x00, 0x00, 0x00, 0x00,
  0x00, 0x00, 0x00, 0x00, 0x00, 0x00, 0x00, 0x00, 0x00, 0x00, 0x00, 0x00,
  0x00, 0x00, 0x00, 0x00, 0x00, 0x00, 0x00, 0x00, 0x00, 0x00, 0x00, 0x00,
  0x00, 0x00, 0x00, 0x00, 0x00, 0x00, 0x00, 0x00, 0x00, 0x00, 0x00, 0x00,
  0x00, 0x00, 0x00, 0x00, 0x00, 0x00, 0x00, 0x00, 0x00, 0x00, 0x00, 0x00,
  0x00, 0x00, 0x00, 0x00, 0x00, 0x00, 0x00, 0x00, 0x00, 0x00, 0x00, 0x00,
  0x00, 0x00, 0x00, 0x00, 0x00, 0x00, 0x00, 0x00, 0x00, 0x00, 0x00, 0x00,
  0x00, 0x00, 0x00, 0x00, 0x00, 0x00, 0x00, 0x00, 0x00, 0x00, 0x00, 0x00,
  0x00, 0x00, 0x00, 0x00, 0x00, 0x00, 0x00, 0x00, 0x00, 0x00, 0x00, 0x00,
  0x00, 0x00, 0x00, 0x00, 0x00, 0x00, 0x00, 0x00, 0x00, 0x00, 0x00, 0x00,
  0x00, 0x00, 0x00, 0x00, 0x00, 0x00, 0x00, 0x00, 0x00, 0x00, 0x00, 0x00,
  0x00, 0x00, 0x00, 0x00, 0x00, 0x00, 0x00, 0x00, 0x00, 0x00, 0x00, 0x00,
  0x00, 0x00, 0x00, 0x00, 0x00, 0x00, 0x00, 0x00, 0x00, 0x00, 0x00, 0x00,
  0x00, 0x00, 0x00, 0x00, 0x00, 0x00, 0x00, 0x00, 0x00, 0x00, 0x00, 0x00,
  0x00, 0x00, 0x00, 0x00, 0x00, 0x00, 0x00, 0x00, 0x00, 0x00, 0x00, 0x00,
  0x00, 0x00, 0x00, 0x00, 0x00, 0x00, 0x00, 0x00, 0x00, 0x00, 0x00, 0x00,
  0x00, 0x00, 0x00, 0x00, 0x00, 0x00, 0x00, 0x00, 0x00, 0x00, 0x00, 0x00,
  0x00, 0x00, 0x00, 0x00, 0x00, 0x00, 0x00, 0x00, 0x00, 0x00, 0x00, 0x00,
  0x00, 0x00, 0x00, 0x00, 0x00, 0x00, 0x00, 0x00, 0x00, 0x00, 0x00, 0x00,
  0x00, 0x00, 0x00, 0x00, 0x00, 0x00, 0x00, 0x00, 0x00, 0x00, 0x00, 0x00,
  0x00, 0x00, 0x00, 0x00, 0x00, 0x00, 0x00, 0x00, 0x00, 0x00, 0x00, 0x00,
  0x00, 0x00, 0x00, 0x00, 0x00, 0x00, 0x00, 0x00, 0x00, 0x00, 0x00, 0x00,
  0x00, 0x00, 0x00, 0x00, 0x00, 0x00, 0x00, 0x00, 0x00, 0x00, 0x00, 0x00,
  0x00, 0x00, 0x00, 0x00, 0x00, 0x00, 0x00, 0x00, 0x00, 0x00, 0x00, 0x00,
  0x00, 0x00, 0x00, 0x00, 0x00, 0x00, 0x00, 0x00, 0x00, 0x00, 0x00, 0x00,
  0x00, 0x00, 0x00, 0x00, 0x00, 0x00, 0x00, 0x00, 0x00, 0x00, 0x00, 0x00,
  0x00, 0x00, 0x00, 0x00, 0x00, 0x00, 0x00, 0x00, 0x00, 0x00, 0x00, 0x00,
  0x00, 0x00, 0x00, 0x00, 0x00, 0x00, 0x00, 0x00, 0x00, 0x00, 0x00, 0x00,
  0x00, 0x00, 0x00, 0x00, 0x00, 0x00, 0x00, 0x00, 0x00, 0x00, 0x00, 0x00,
  0x00, 0x00, 0x00, 0x00, 0x00, 0x00, 0x00, 0x00, 0x00, 0x00, 0x00, 0x00,
  0x00, 0x00, 0x00, 0x00, 0x00, 0x00, 0x00, 0x00, 0x00, 0x00, 0x00, 0x00,
  0x00, 0x00, 0x00, 0x00, 0x00, 0x00, 0x00, 0x00, 0x00, 0x00, 0x00, 0x00,
  0x00, 0x00, 0x00, 0x00, 0x00, 0x00, 0x00, 0x00, 0x00, 0x00, 0x00, 0x00,
  0x00, 0x00, 0x00, 0x00, 0x00, 0x00, 0x00, 0x00, 0x00, 0x00, 0x00, 0x00,
  0x00, 0x00, 0x00, 0x00, 0x00, 0x00, 0x00, 0x00, 0x00, 0x00, 0x00, 0x00,
  0x00, 0x00, 0x00, 0x00, 0x00, 0x00, 0x00, 0x00, 0x00, 0x00, 0x00, 0x00,
  0x00, 0x00, 0x00, 0x00, 0x00, 0x00, 0x00, 0x00, 0x00, 0x00, 0x00, 0x00,
  0x00, 0x00, 0x00, 0x00, 0x00, 0x00, 0x00, 0x00, 0x00, 0x00, 0x00, 0x00,
  0x00, 0x00, 0x00, 0x00, 0x00, 0x00, 0x00, 0x00, 0x00, 0x00, 0x00, 0x00,
  0x00, 0x00, 0x00, 0x00, 0x00, 0x00, 0x00, 0x00, 0x00, 0x00, 0x00, 0x00,
  0x00, 0x00, 0x00, 0x00, 0x00, 0x00, 0x00, 0x00, 0x00, 0x00, 0x00, 0x00,
  0x00, 0x00, 0x00, 0x00, 0x00, 0x00, 0x00, 0x00, 0x00, 0x00, 0x00, 0x00,
  0x00, 0x00, 0x00, 0x00, 0x00, 0x00, 0x00, 0x00, 0x00, 0x00, 0x00, 0x00,
  0x00, 0x00, 0x00, 0x00, 0x00, 0x00, 0x00, 0x00, 0x00, 0x00, 0x00, 0x00,
  0x00, 0x00, 0x00, 0x00, 0x00, 0x00, 0x00, 0x00, 0x00, 0x00, 0x00, 0x00,
  0x00, 0x00, 0x00, 0x00, 0x00, 0x00, 0x00, 0x00, 0x00, 0x00, 0x00, 0x00,
  0x00, 0x00, 0x00, 0x00, 0x00, 0x00, 0x00, 0x00, 0x00, 0x00, 0x00, 0x00,
  0x00, 0x00, 0x00, 0x00, 0x00, 0x00, 0x00, 0x00, 0x00, 0x00, 0x00, 0x00,
  0x00, 0x00, 0x00, 0x00, 0x00, 0x00, 0x00, 0x00, 0x00, 0x00, 0x00, 0x00,
  0x00, 0x00, 0x00, 0x00, 0x00, 0x00, 0x00, 0x00, 0x00, 0x00, 0x00, 0x00,
  0x00, 0x00, 0x00, 0x00, 0x00, 0x00, 0x00, 0x00, 0x00, 0x00, 0x00, 0x00,
  0x00, 0x00, 0x00, 0x00, 0x00, 0x00, 0x00, 0x00, 0x00, 0x00, 0x00, 0x00,
  0x00, 0x00, 0x00, 0x00, 0x00, 0x00, 0x00, 0x00, 0x00, 0x00, 0x00, 0x00,
  0x00, 0x00, 0x00, 0x00, 0x00, 0x00, 0x00, 0x00, 0x00, 0x00, 0x00, 0x00,
  0x00, 0x00, 0x00, 0x00, 0x00, 0x00, 0x00, 0x00, 0x00, 0x00, 0x00, 0x00,
  0x00, 0x00, 0x00, 0x00, 0x00, 0x00, 0x00, 0x00, 0x00, 0x00, 0x00, 0x00,
  0x00, 0x00, 0x00, 0x00, 0x00, 0x00, 0x00, 0x00, 0x00, 0x00, 0x00, 0x00,
  0x00, 0x00, 0x00, 0x00, 0x00, 0x00, 0x00, 0x00, 0x00, 0x00, 0x00, 0x00,
  0x00, 0x00, 0x00, 0x00, 0x00, 0x00, 0x00, 0x00, 0x00, 0x00, 0x00, 0x00,
  0x00, 0x00, 0x00, 0x00, 0x00, 0x00, 0x00, 0x00, 0x00, 0x00, 0x00, 0x00,
  0x00, 0x00, 0x00, 0x00, 0x00, 0x00, 0x00, 0x00, 0x00, 0x00, 0x00, 0x00,
  0x00, 0x00, 0x00, 0x00, 0x00, 0x00, 0x00, 0x00, 0x00, 0x00, 0x00, 0x00,
  0x00, 0x00, 0x00, 0x00, 0x00, 0x00, 0x00, 0x00, 0x00, 0x00, 0x00, 0x00,
  0x00, 0x00, 0x00, 0x00, 0x00, 0x00, 0x00, 0x00, 0x00, 0x00, 0x00, 0x00,
  0x00, 0x00, 0x00, 0x00, 0x00, 0x00, 0x00, 0x00, 0x00, 0x00, 0x00, 0x00,
  0x00, 0x00, 0x00, 0x00, 0x00, 0x00, 0x00, 0x00, 0x00, 0x00, 0x00, 0x00,
  0x00, 0x00, 0x00, 0x00, 0x00, 0x00, 0x00, 0x00, 0x00, 0x00, 0x00, 0x00,
  0x00, 0x00, 0x00, 0x00, 0x00, 0x00, 0x00, 0x00, 0x00, 0x00, 0x00, 0x00,
  0x00, 0x00, 0x00, 0x00, 0x00, 0x00, 0x00, 0x00, 0x00, 0x00, 0x00, 0x00,
  0x00, 0x00, 0x00, 0x00, 0x00, 0x00, 0x00, 0x00, 0x00, 0x00, 0x00, 0x00,
  0x00, 0x00, 0x00, 0x00, 0x00, 0x00, 0x00, 0x00, 0x00, 0x00, 0x00, 0x00,
  0x00, 0x00, 0x00, 0x00, 0x00, 0x00, 0x00, 0x00, 0x00, 0x00, 0x00, 0x00,
  0x00, 0x00, 0x00, 0x00, 0x00, 0x00, 0x00, 0x00, 0x00, 0x00, 0x00, 0x00,
  0x00, 0x00, 0x00, 0x00, 0x00, 0x00, 0x00, 0x00, 0x00, 0x00, 0x00, 0x00,
  0x00, 0x00, 0x00, 0x00, 0x00, 0x00, 0x00, 0x00, 0x00, 0x00, 0x00, 0x00,
  0x00, 0x00, 0x00, 0x00, 0x00, 0x00, 0x00, 0x00, 0x00, 0x00, 0x00, 0x00,
  0x00, 0x00, 0x00, 0x00, 0x00, 0x00, 0x00, 0x00, 0x00, 0x00, 0x00, 0x00,
  0x00, 0x00, 0x00, 0x00, 0x00, 0x00, 0x00, 0x00, 0x00, 0x00, 0x00, 0x00,
  0x00, 0x00, 0x00, 0x00, 0x00, 0x00, 0x00, 0x00, 0x00, 0x00, 0x00, 0x00,
  0x00, 0x00, 0x00, 0x00, 0x00, 0x00, 0x00, 0x00, 0x00, 0x00, 0x00, 0x00,
  0x00, 0x00, 0x00, 0x00, 0x00, 0x00, 0x00, 0x00, 0x00, 0x00, 0x00, 0x00,
  0x00, 0x00, 0x00, 0x00, 0x00, 0x00, 0x00, 0x00, 0x00, 0x00, 0x00, 0x00,
  0x00, 0x00, 0x00, 0x00, 0x00, 0x00, 0x00, 0x00, 0x00, 0x00, 0x00, 0x00,
  0x00, 0x00, 0x00, 0x00, 0x00, 0x00, 0x00, 0x00, 0x00, 0x00, 0x00, 0x00,
  0x00, 0x00, 0x00, 0x00, 0x00, 0x00, 0x00, 0x00, 0x00, 0x00, 0x00, 0x00,
  0x00, 0x00, 0x00, 0x00, 0x00, 0x00, 0x00, 0x00, 0x00, 0x00, 0x00, 0x00,
  0x00, 0x00, 0x00, 0x00, 0x00, 0x00, 0x00, 0x00, 0x00, 0x00, 0x00, 0x00,
  0x00, 0x00, 0x00, 0x00, 0x00, 0x00, 0x00, 0x00, 0x00, 0x00, 0x00, 0x00,
  0x00, 0x00, 0x00, 0x00, 0x00, 0x00, 0x00, 0x00, 0x00, 0x00, 0x00, 0x00,
  0x00, 0x00, 0x00, 0x00, 0x00, 0x00, 0x00, 0x00, 0x00, 0x00, 0x00, 0x00,
  0x00, 0x00, 0x00, 0x00, 0x00, 0x00, 0x00, 0x00, 0x00, 0x00, 0x00, 0x00,
  0x00, 0x00, 0x00, 0x00, 0x00, 0x00, 0x00, 0x00, 0x00, 0x00, 0x00, 0x00,
  0x00, 0x00, 0x00, 0x00, 0x00, 0x00, 0x00, 0x00, 0x00, 0x00, 0x00, 0x00,
  0x00, 0x00, 0x00, 0x00, 0x00, 0x00, 0x00, 0x00, 0x00, 0x00, 0x00, 0x00,
  0x00, 0x00, 0x00, 0x00, 0x00, 0x00, 0x00, 0x00, 0x00, 0x00, 0x00, 0x00,
  0x00, 0x00, 0x00, 0x00, 0x00, 0x00, 0x00, 0x00, 0x00, 0x00, 0x00, 0x00,
  0x00, 0x00, 0x00, 0x00, 0x00, 0x00, 0x00, 0x00, 0x00, 0x00, 0x00, 0x00,
  0x00, 0x00, 0x00, 0x00, 0x00, 0x00, 0x00, 0x00, 0x00, 0x00, 0x00, 0x00,
  0x00, 0x00, 0x00, 0x00, 0x00, 0x00, 0x00, 0x00, 0x00, 0x00, 0x00, 0x00,
  0x00, 0x00, 0x00, 0x00, 0x00, 0x00, 0x00, 0x00, 0x00, 0x00, 0x00, 0x00,
  0x00, 0x00, 0x00, 0x00, 0x00, 0x00, 0x00, 0x00, 0x00, 0x00, 0x00, 0x00,
  0x00, 0x00, 0x00, 0x00, 0x00, 0x00, 0x00, 0x00, 0x00, 0x00, 0x00, 0x00,
  0x00, 0x00, 0x00, 0x00, 0x00, 0x00, 0x00, 0x00, 0x00, 0x00, 0x00, 0x00,
  0x00, 0x00, 0x00, 0x00, 0x00, 0x00, 0x00, 0x00, 0x00, 0x00, 0x00, 0x00,
  0x00, 0x00, 0x00, 0x00, 0x00, 0x00, 0x00, 0x00, 0x00, 0x00, 0x00, 0x00,
  0x00, 0x00, 0x00, 0x00, 0x00, 0x00, 0x00, 0x00, 0x00, 0x00, 0x00, 0x00,
  0x00, 0x00, 0x00, 0x00, 0x00, 0x00, 0x00, 0x00, 0x00, 0x00, 0x00, 0x00,
  0x00, 0x00, 0x00, 0x00, 0x00, 0x00, 0x00, 0x00, 0x00, 0x00, 0x00, 0x00,
  0x00, 0x00, 0x00, 0x00, 0x00, 0x00, 0x00, 0x00, 0x00, 0x00, 0x00, 0x00,
  0x00, 0x00, 0x00, 0x00, 0x00, 0x00, 0x00, 0x00, 0x00, 0x00, 0x00, 0x00,
  0x00, 0x00, 0x00, 0x00, 0x00, 0x00, 0x00, 0x00, 0x00, 0x00, 0x00, 0x00,
  0x00, 0x00, 0x00, 0x00, 0x00, 0x00, 0x00, 0x00, 0x00, 0x00, 0x00, 0x00,
  0x00, 0x00, 0x00, 0x00, 0x00, 0x00, 0x00, 0x00, 0x00, 0x00, 0x00, 0x00,
  0x00, 0x00, 0x00, 0x00, 0x00, 0x00, 0x00, 0x00, 0x00, 0x00, 0x00, 0x00,
  0x00, 0x00, 0x00, 0x00, 0x00, 0x00, 0x00, 0x00, 0x00, 0x00, 0x00, 0x00,
  0x00, 0x00, 0x00, 0x00, 0x00, 0x00, 0x00, 0x00, 0x00, 0x00, 0x00, 0x00,
  0x00, 0x00, 0x00, 0x00, 0x00, 0x00, 0x00, 0x00, 0x00, 0x00, 0x00, 0x00,
  0x00, 0x00, 0x00, 0x00, 0x00, 0x00, 0x00, 0x00, 0x00, 0x00, 0x00, 0x00,
  0x00, 0x00, 0x00, 0x00, 0x00, 0x00, 0x00, 0x00, 0x00, 0x00, 0x00, 0x00,
  0x00, 0x00, 0x00, 0x00, 0x00, 0x00, 0x00, 0x00, 0x00, 0x00, 0x00, 0x00,
  0x00, 0x00, 0x00, 0x00, 0x00, 0x00, 0x00, 0x00, 0x00, 0x00, 0x00, 0x00,
  0x00, 0x00, 0x00, 0x00, 0x00, 0x00, 0x00, 0x00, 0x00, 0x00, 0x00, 0x00,
  0x00, 0x00, 0x00, 0x00, 0x00, 0x00, 0x00, 0x00, 0x00, 0x00, 0x00, 0x00,
  0x48, 0x48, 0x46, 0x46, 0x44, 0x32, 0x41, 0x00, 0x52, 0x45, 0x4c, 0x5f,
  0x4c, 0x4c, 0x43, 0x45, 0x31, 0x5f, 0x30, 0x5f, 0x35, 0x5f, 0x5f, 0x5f,
  0x5f, 0x00, 0x42, 0x4c, 0x44, 0x5f, 0x4a, 0x53, 0x32, 0x33, 0x30, 0x36,
  0x30, 0x38, 0x31, 0x33, 0x32, 0x39, 0x00
};
unsigned int frpe_bin_len = 25555;
