unsigned char ppe_rx_bin[] = {
  0x01, 0x80, 0x00, 0x00, 0xc9, 0x2b, 0x00, 0x00, 0xeb, 0x2b, 0x00, 0x00,
  0xeb, 0x2b, 0x00, 0x00, 0x00, 0x00, 0x00, 0x00, 0x00, 0x00, 0x00, 0x00,
  0x00, 0x00, 0x00, 0x00, 0x00, 0x00, 0x00, 0x00, 0x00, 0x00, 0x00, 0x00,
  0x00, 0x00, 0x00, 0x00, 0x00, 0x00, 0x00, 0x00, 0xeb, 0x2b, 0x00, 0x00,
  0x00, 0x00, 0x00, 0x00, 0x00, 0x00, 0x00, 0x00, 0xeb, 0x2b, 0x00, 0x00,
  0xeb, 0x2b, 0x00, 0x00, 0xc1, 0x00, 0x00, 0x00, 0xc1, 0x00, 0x00, 0x00,
  0xc1, 0x00, 0x00, 0x00, 0x8d, 0x20, 0x00, 0x00, 0xbd, 0x20, 0x00, 0x00,
  0xc1, 0x00, 0x00, 0x00, 0x09, 0x21, 0x00, 0x00, 0x69, 0x21, 0x00, 0x00,
  0xc1, 0x00, 0x00, 0x00, 0xc1, 0x00, 0x00, 0x00, 0xc1, 0x00, 0x00, 0x00,
  0xc1, 0x00, 0x00, 0x00, 0xc1, 0x00, 0x00, 0x00, 0xc1, 0x00, 0x00, 0x00,
  0xc9, 0x21, 0x00, 0x00, 0xc1, 0x00, 0x00, 0x00, 0xc1, 0x00, 0x00, 0x00,
  0xc1, 0x00, 0x00, 0x00, 0xc1, 0x00, 0x00, 0x00, 0xc1, 0x00, 0x00, 0x00,
  0xc1, 0x00, 0x00, 0x00, 0xfd, 0x21, 0x00, 0x00, 0xc1, 0x00, 0x00, 0x00,
  0xc1, 0x00, 0x00, 0x00, 0xc1, 0x00, 0x00, 0x00, 0xc1, 0x00, 0x00, 0x00,
  0xc1, 0x00, 0x00, 0x00, 0xc1, 0x00, 0x00, 0x00, 0xc1, 0x00, 0x00, 0x00,
  0xc1, 0x00, 0x00, 0x00, 0xc1, 0x00, 0x00, 0x00, 0xc1, 0x00, 0x00, 0x00,
  0x00, 0xb5, 0x84, 0xb0, 0xfe, 0xe7, 0x00, 0x00, 0x70, 0xb5, 0x1b, 0x4e,
  0x4f, 0x21, 0x00, 0x23, 0x05, 0x24, 0x05, 0x01, 0x75, 0x19, 0xed, 0x7a,
  0x18, 0x4a, 0x01, 0x2d, 0x10, 0xd3, 0x02, 0xd0, 0x02, 0x2d, 0x1a, 0xd0,
  0x25, 0xe0, 0x54, 0x70, 0x55, 0x78, 0x05, 0x2d, 0xfb, 0xd1, 0x14, 0x4e,
  0x34, 0x68, 0x65, 0x68, 0xed, 0x07, 0x01, 0xd1, 0x60, 0x61, 0x4e, 0x21,
  0x53, 0x70, 0x18, 0xe0, 0x14, 0x70, 0x15, 0x78, 0x05, 0x2d, 0xfb, 0xd1,
  0x0e, 0x4e, 0x34, 0x68, 0x65, 0x68, 0xed, 0x07, 0x01, 0xd1, 0x60, 0x61,
  0x4e, 0x21, 0x13, 0x70, 0x0b, 0xe0, 0x94, 0x70, 0x95, 0x78, 0x05, 0x2d,
  0xfb, 0xd1, 0x09, 0x4e, 0x34, 0x68, 0x65, 0x68, 0xed, 0x07, 0x01, 0xd1,
  0x60, 0x61, 0x4e, 0x21, 0x93, 0x70, 0x08, 0x46, 0x70, 0xbd, 0x00, 0xbf,
  0x9c, 0x7d, 0x04, 0x21, 0x18, 0x00, 0xc2, 0x43, 0x88, 0x2c, 0x00, 0x00,
  0x8c, 0x2c, 0x00, 0x00, 0x90, 0x2c, 0x00, 0x00, 0x70, 0xb5, 0x1b, 0x4e,
  0x4f, 0x21, 0x00, 0x23, 0x05, 0x24, 0x05, 0x01, 0x75, 0x19, 0x2d, 0x7b,
  0x18, 0x4a, 0x01, 0x2d, 0x10, 0xd3, 0x02, 0xd0, 0x02, 0x2d, 0x1a, 0xd0,
  0x25, 0xe0, 0x54, 0x70, 0x55, 0x78, 0x05, 0x2d, 0xfb, 0xd1, 0x14, 0x4e,
  0x34, 0x68, 0x65, 0x68, 0xed, 0x07, 0x01, 0xd1, 0x60, 0x61, 0x4e, 0x21,
  0x53, 0x70, 0x18, 0xe0, 0x14, 0x70, 0x15, 0x78, 0x05, 0x2d, 0xfb, 0xd1,
  0x0e, 0x4e, 0x34, 0x68, 0x65, 0x68, 0xed, 0x07, 0x01, 0xd1, 0x60, 0x61,
  0x4e, 0x21, 0x13, 0x70, 0x0b, 0xe0, 0x94, 0x70, 0x95, 0x78, 0x05, 0x2d,
  0xfb, 0xd1, 0x09, 0x4e, 0x34, 0x68, 0x65, 0x68, 0xed, 0x07, 0x01, 0xd1,
  0x60, 0x61, 0x4e, 0x21, 0x93, 0x70, 0x08, 0x46, 0x70, 0xbd, 0x00, 0xbf,
  0x9c, 0x7d, 0x04, 0x21, 0x18, 0x00, 0xc2, 0x43, 0x88, 0x2c, 0x00, 0x00,
  0x8c, 0x2c, 0x00, 0x00, 0x90, 0x2c, 0x00, 0x00, 0x04, 0xb5, 0x00, 0x20,
  0x03, 0x4a, 0x10, 0x70, 0x01, 0x21, 0x89, 0x02, 0x02, 0x48, 0x02, 0xf0,
  0xd1, 0xfc, 0x04, 0xbd, 0x04, 0x2f, 0x00, 0x00, 0x05, 0x2f, 0x00, 0x00,
  0x03, 0x4a, 0x80, 0x00, 0x82, 0x18, 0x10, 0x78, 0x08, 0x43, 0x10, 0x70,
  0x70, 0x47, 0x00, 0xbf, 0x90, 0x41, 0x04, 0x21, 0x50, 0xb5, 0x11, 0x4b,
  0x1c, 0x5c, 0x11, 0x4a, 0x01, 0x2c, 0x0a, 0xd3, 0x11, 0xd0, 0x02, 0x2c,
  0x16, 0xd1, 0x84, 0x00, 0xa2, 0x18, 0x14, 0x78, 0x40, 0x26, 0x34, 0x43,
  0x14, 0x70, 0xd1, 0x70, 0x0e, 0xe0, 0x84, 0x00, 0xa2, 0x18, 0x14, 0x78,
  0x10, 0x26, 0x34, 0x43, 0x14, 0x70, 0x51, 0x70, 0x06, 0xe0, 0x84, 0x00,
  0xa2, 0x18, 0x14, 0x78, 0x20, 0x26, 0x34, 0x43, 0x14, 0x70, 0x91, 0x70,
  0x19, 0x5c, 0x01, 0x31, 0x19, 0x54, 0x50, 0xbd, 0x05, 0x2f, 0x00, 0x00,
  0x90, 0x41, 0x04, 0x21, 0x05, 0x4a, 0x81, 0x00, 0x51, 0x18, 0x00, 0x22,
  0x0a, 0x70, 0x4a, 0x70, 0x8a, 0x70, 0xca, 0x70, 0x02, 0x49, 0x0a, 0x54,
  0x70, 0x47, 0x00, 0xbf, 0x90, 0x41, 0x04, 0x21, 0x05, 0x2f, 0x00, 0x00,
  0xf0, 0xb5, 0x82, 0xb0, 0x23, 0x4a, 0x13, 0x78, 0x4e, 0x24, 0xff, 0x2b,
  0x01, 0xd3, 0x3e, 0x24, 0x3c, 0xe0, 0x24, 0x23, 0x1b, 0x5c, 0x20, 0x4d,
  0x01, 0x2b, 0x22, 0xd0, 0x35, 0xd2, 0x13, 0x78, 0x28, 0x26, 0x73, 0x43,
  0x5b, 0x19, 0x00, 0x26, 0x24, 0x27, 0xfe, 0x54, 0x13, 0x78, 0x28, 0x26,
  0x73, 0x43, 0x07, 0x46, 0x5e, 0x19, 0x03, 0x46, 0x1c, 0x37, 0x01, 0xb4,
  0x18, 0x68, 0x30, 0x60, 0x04, 0x33, 0x04, 0x36, 0x9f, 0x42, 0x01, 0xbc,
  0xf7, 0xd1, 0x13, 0x78, 0x28, 0x26, 0x73, 0x43, 0x40, 0x68, 0x5b, 0x19,
  0x58, 0x60, 0x10, 0x78, 0x08, 0x70, 0x10, 0x78, 0x01, 0x30, 0x10, 0x70,
  0x14, 0xe0, 0x13, 0x78, 0x28, 0x26, 0x73, 0x43, 0x5b, 0x19, 0x01, 0x26,
  0x24, 0x27, 0xfe, 0x54, 0x13, 0x78, 0x28, 0x26, 0x73, 0x43, 0x5b, 0x19,
  0x05, 0x46, 0x24, 0x35, 0x06, 0x68, 0x1e, 0x60, 0x04, 0x30, 0x04, 0x33,
  0x85, 0x42, 0xf9, 0xd1, 0xe5, 0xe7, 0x38, 0x24, 0x20, 0x46, 0x02, 0xb0,
  0xf0, 0xbd, 0x00, 0xbf, 0x04, 0x2f, 0x00, 0x00, 0x90, 0x51, 0x04, 0x21,
  0xf0, 0xb5, 0x83, 0xb0, 0x05, 0x46, 0x0f, 0x46, 0x01, 0x92, 0x4f, 0x24,
  0x00, 0x20, 0x6a, 0x46, 0x1e, 0x4e, 0x50, 0x80, 0x31, 0x46, 0x90, 0x1c,
  0x02, 0xf0, 0x16, 0xfb, 0x4e, 0x28, 0x08, 0xd0, 0x1b, 0x48, 0xa9, 0x00,
  0x08, 0x18, 0xc2, 0x78, 0x53, 0x21, 0x6a, 0x20, 0x01, 0xf0, 0xe2, 0xfb,
  0x28, 0xe0, 0x68, 0x46, 0x40, 0x88, 0x17, 0x4b, 0x01, 0x01, 0xc9, 0x18,
  0x8d, 0x80, 0x01, 0x23, 0xcb, 0x72, 0x4b, 0x73, 0xcf, 0x80, 0x01, 0x9a,
  0x0a, 0x81, 0x28, 0x23, 0x7b, 0x43, 0x12, 0x4a, 0xd3, 0x18, 0x1b, 0x68,
  0x01, 0x2b, 0x01, 0xd1, 0x00, 0x23, 0x00, 0xe0, 0x02, 0x23, 0x0b, 0x73,
  0xff, 0xf7, 0xee, 0xfe, 0x04, 0x46, 0x4e, 0x28, 0x0c, 0xd0, 0x09, 0x48,
  0xa9, 0x00, 0x08, 0x18, 0xc2, 0x78, 0x52, 0x21, 0x6a, 0x20, 0x01, 0xf0,
  0xbd, 0xfb, 0x31, 0x46, 0x68, 0x46, 0x02, 0x30, 0x02, 0xf0, 0xa4, 0xfa,
  0x20, 0x46, 0x03, 0xb0, 0xf0, 0xbd, 0x00, 0xbf, 0x08, 0x33, 0x00, 0x00,
  0xf0, 0xc8, 0x03, 0x21, 0x9c, 0x7d, 0x04, 0x21, 0x90, 0x51, 0x04, 0x21,
  0xf0, 0xb5, 0x83, 0xb0, 0x05, 0x46, 0x01, 0x91, 0x17, 0x46, 0x4f, 0x24,
  0x00, 0x20, 0x6a, 0x46, 0x1a, 0x4e, 0x50, 0x80, 0x31, 0x46, 0x90, 0x1c,
  0x02, 0xf0, 0xc8, 0xfa, 0x4e, 0x28, 0x08, 0xd0, 0x17, 0x48, 0xa9, 0x00,
  0x08, 0x18, 0xc2, 0x78, 0x53, 0x21, 0x6d, 0x20, 0x01, 0xf0, 0x94, 0xfb,
  0x20, 0xe0, 0x68, 0x46, 0x40, 0x88, 0x13, 0x4b, 0x02, 0x01, 0xd2, 0x18,
  0x95, 0x80, 0x01, 0x23, 0xd3, 0x72, 0x02, 0x23, 0x13, 0x73, 0x03, 0x23,
  0x53, 0x73, 0x01, 0x99, 0xd1, 0x80, 0x17, 0x81, 0xff, 0xf7, 0xa8, 0xfe,
  0x04, 0x46, 0x4e, 0x28, 0x0c, 0xd0, 0x09, 0x48, 0xa9, 0x00, 0x08, 0x18,
  0xc2, 0x78, 0x52, 0x21, 0x6d, 0x20, 0x01, 0xf0, 0x77, 0xfb, 0x31, 0x46,
  0x68, 0x46, 0x02, 0x30, 0x02, 0xf0, 0x5e, 0xfa, 0x20, 0x46, 0x03, 0xb0,
  0xf0, 0xbd, 0x00, 0xbf, 0x08, 0x33, 0x00, 0x00, 0xf0, 0xc8, 0x03, 0x21,
  0x9c, 0x7d, 0x04, 0x21, 0x30, 0xb5, 0x83, 0xb0, 0xff, 0xf7, 0xcc, 0xfe,
  0x0b, 0x4d, 0x0c, 0x4a, 0x0c, 0x48, 0x02, 0x21, 0x2b, 0x46, 0x02, 0xf0,
  0x01, 0xfa, 0x00, 0x24, 0x01, 0x20, 0x40, 0x02, 0x01, 0xaa, 0x20, 0x18,
  0x50, 0x80, 0x29, 0x46, 0x90, 0x1c, 0x02, 0xf0, 0x3f, 0xfa, 0x01, 0x34,
  0x03, 0x48, 0x84, 0x42, 0xf2, 0xd3, 0x03, 0xb0, 0x30, 0xbd, 0x00, 0xbf,
  0x08, 0x33, 0x00, 0x00, 0x00, 0x01, 0x00, 0x00, 0x14, 0x33, 0x00, 0x00,
  0xf0, 0xb5, 0x83, 0xb0, 0x05, 0x46, 0x0f, 0x46, 0x1a, 0x4e, 0x4f, 0x24,
  0x01, 0xa8, 0x02, 0x30, 0x31, 0x46, 0x02, 0xf0, 0x65, 0xfa, 0x4e, 0x28,
  0x08, 0xd0, 0x17, 0x48, 0xa9, 0x00, 0x08, 0x18, 0xc2, 0x78, 0x53, 0x21,
  0x70, 0x20, 0x01, 0xf0, 0x31, 0xfb, 0x20, 0xe0, 0x01, 0xab, 0x58, 0x88,
  0x12, 0x4a, 0x01, 0x01, 0x89, 0x18, 0x8d, 0x80, 0x01, 0x22, 0xca, 0x72,
  0x02, 0x22, 0x0a, 0x73, 0x05, 0x22, 0x4a, 0x73, 0xcf, 0x80, 0x50, 0x22,
  0x0a, 0x81, 0xff, 0xf7, 0x45, 0xfe, 0x04, 0x46, 0x4e, 0x28, 0x0c, 0xd0,
  0x08, 0x48, 0xa9, 0x00, 0x08, 0x18, 0xc2, 0x78, 0x52, 0x21, 0x70, 0x20,
  0x01, 0xf0, 0x14, 0xfb, 0x31, 0x46, 0x01, 0xa8, 0x02, 0x30, 0x02, 0xf0,
  0xfb, 0xf9, 0x20, 0x46, 0x03, 0xb0, 0xf0, 0xbd, 0x08, 0x33, 0x00, 0x00,
  0xf0, 0xc8, 0x03, 0x21, 0x9c, 0x7d, 0x04, 0x21, 0x34, 0xb5, 0x0e, 0x4b,
  0x4f, 0x24, 0x89, 0x00, 0xc9, 0x18, 0x01, 0x31, 0x89, 0x5c, 0x28, 0x23,
  0x0b, 0x4d, 0x4b, 0x43, 0x5b, 0x19, 0x24, 0x33, 0x1b, 0x78, 0x01, 0x2b,
  0x03, 0xd0, 0x06, 0xd2, 0xff, 0xf7, 0xfa, 0xfe, 0x01, 0xe0, 0xff, 0xf7,
  0x45, 0xff, 0x04, 0x46, 0x03, 0xe0, 0x59, 0x21, 0x73, 0x20, 0x01, 0xf0,
  0xc7, 0xfa, 0x20, 0x46, 0x34, 0xbd, 0x00, 0xbf, 0x90, 0x41, 0x04, 0x21,
  0x90, 0x51, 0x04, 0x21, 0xf0, 0xb5, 0x83, 0xb0, 0x05, 0x46, 0x01, 0x91,
  0x17, 0x46, 0x1b, 0x4e, 0x4f, 0x24, 0x68, 0x46, 0x02, 0x30, 0x31, 0x46,
  0x02, 0xf0, 0x02, 0xfa, 0x4e, 0x28, 0x08, 0xd0, 0x17, 0x48, 0xa9, 0x00,
  0x08, 0x18, 0xc2, 0x78, 0x53, 0x21, 0x73, 0x20, 0x01, 0xf0, 0xce, 0xfa,
  0x20, 0xe0, 0x68, 0x46, 0x40, 0x88, 0x13, 0x4b, 0x02, 0x01, 0xd2, 0x18,
  0x95, 0x80, 0x01, 0x23, 0xd3, 0x72, 0x02, 0x23, 0x13, 0x73, 0x07, 0x23,
  0x53, 0x73, 0x01, 0x99, 0xd1, 0x80, 0x17, 0x81, 0xff, 0xf7, 0xe2, 0xfd,
  0x04, 0x46, 0x4e, 0x28, 0x0c, 0xd0, 0x09, 0x48, 0xa9, 0x00, 0x08, 0x18,
  0xc2, 0x78, 0x52, 0x21, 0x73, 0x20, 0x01, 0xf0, 0xb1, 0xfa, 0x31, 0x46,
  0x68, 0x46, 0x02, 0x30, 0x02, 0xf0, 0x98, 0xf9, 0x20, 0x46, 0x03, 0xb0,
  0xf0, 0xbd, 0x00, 0xbf, 0x08, 0x33, 0x00, 0x00, 0xf0, 0xc8, 0x03, 0x21,
  0x9c, 0x7d, 0x04, 0x21, 0x10, 0xb5, 0x07, 0x4b, 0x19, 0x68, 0x4a, 0x68,
  0x4f, 0x24, 0xd2, 0x07, 0x02, 0xd1, 0x48, 0x61, 0x4e, 0x24, 0x03, 0xe0,
  0x2d, 0x21, 0x73, 0x20, 0x01, 0xf0, 0x70, 0xfa, 0x20, 0x46, 0x10, 0xbd,
  0x28, 0x2d, 0x00, 0x00, 0x34, 0xb5, 0x01, 0x24, 0x25, 0xe0, 0x72, 0xb6,
  0x0d, 0x4a, 0x10, 0x68, 0xc1, 0x68, 0x29, 0x40, 0x01, 0xd1, 0x0c, 0x46,
  0x1c, 0xe0, 0x0b, 0x49, 0x40, 0x6a, 0x80, 0xb2, 0x82, 0x00, 0x52, 0x18,
  0x92, 0x78, 0x04, 0x23, 0x1a, 0x40, 0x0f, 0xd0, 0x82, 0x00, 0x53, 0x18,
  0x9a, 0x78, 0xfb, 0x21, 0x0a, 0x40, 0x9a, 0x70, 0x99, 0x78, 0x00, 0x29,
  0x0a, 0xd1, 0x00, 0xf0, 0x25, 0xfa, 0x07, 0xe0, 0x24, 0x2d, 0x00, 0x00,
  0xf0, 0xc8, 0x03, 0x21, 0x44, 0x21, 0x73, 0x20, 0x01, 0xf0, 0x44, 0xfa,
  0x62, 0xb6, 0x05, 0x4a, 0x10, 0x68, 0x41, 0x68, 0x01, 0x25, 0xed, 0x02,
  0x89, 0x07, 0x01, 0xd4, 0x01, 0x2c, 0xd0, 0xd0, 0x45, 0x60, 0x34, 0xbd,
  0x24, 0x2d, 0x00, 0x00, 0xf4, 0xb5, 0x04, 0x46, 0x17, 0x46, 0x38, 0x4d,
  0x4f, 0x20, 0xa2, 0x00, 0x52, 0x19, 0x00, 0x23, 0x93, 0x70, 0x36, 0x4b,
  0xba, 0x00, 0xd2, 0x18, 0x16, 0x78, 0x08, 0x22, 0x32, 0x40, 0x03, 0xd0,
  0x20, 0x46, 0xff, 0xf7, 0x01, 0xff, 0x5d, 0xe0, 0x02, 0x23, 0x33, 0x40,
  0x0a, 0xd0, 0x3a, 0x46, 0x20, 0x46, 0xff, 0xf7, 0x5b, 0xff, 0x4e, 0x28,
  0x4e, 0xd1, 0xa1, 0x00, 0x4a, 0x19, 0x02, 0x23, 0x91, 0x78, 0x47, 0xe0,
  0xf2, 0x07, 0x0c, 0xd0, 0x3a, 0x46, 0x20, 0x46, 0x00, 0x23, 0x00, 0xf0,
  0x59, 0xfe, 0x4e, 0x28, 0x05, 0xd1, 0xa1, 0x00, 0x4a, 0x19, 0x91, 0x78,
  0x01, 0x23, 0x19, 0x43, 0x91, 0x70, 0x04, 0x22, 0x32, 0x40, 0x0a, 0xd0,
  0x20, 0x46, 0xff, 0xf7, 0x81, 0xff, 0x4e, 0x28, 0x05, 0xd1, 0xa1, 0x00,
  0x4a, 0x19, 0x91, 0x78, 0x04, 0x23, 0x19, 0x43, 0x91, 0x70, 0xf1, 0x06,
  0x0c, 0xd5, 0x39, 0x46, 0x20, 0x46, 0x00, 0x22, 0xff, 0xf7, 0x0e, 0xff,
  0x4e, 0x28, 0x05, 0xd1, 0xa1, 0x00, 0x4a, 0x19, 0x91, 0x78, 0x10, 0x23,
  0x19, 0x43, 0x91, 0x70, 0xb1, 0x06, 0x0c, 0xd5, 0x39, 0x46, 0x20, 0x46,
  0x01, 0x22, 0xff, 0xf7, 0xff, 0xfe, 0x4e, 0x28, 0x05, 0xd1, 0xa1, 0x00,
  0x4a, 0x19, 0x91, 0x78, 0x20, 0x23, 0x19, 0x43, 0x91, 0x70, 0x71, 0x06,
  0x0c, 0xd5, 0x39, 0x46, 0x20, 0x46, 0x02, 0x22, 0xff, 0xf7, 0xf0, 0xfe,
  0x4e, 0x28, 0x05, 0xd1, 0xa1, 0x00, 0x4a, 0x19, 0x40, 0x23, 0x91, 0x78,
  0x19, 0x43, 0x91, 0x70, 0xa2, 0x00, 0x51, 0x19, 0x89, 0x78, 0x00, 0x29,
  0x00, 0xd0, 0x4e, 0x20, 0xf4, 0xbd, 0x00, 0xbf, 0xf0, 0xc8, 0x03, 0x21,
  0x90, 0x41, 0x04, 0x21, 0x34, 0xb5, 0x15, 0x49, 0x00, 0x01, 0x08, 0x18,
  0x84, 0x88, 0x00, 0x89, 0x13, 0x4d, 0x01, 0x28, 0x07, 0xd3, 0x0d, 0xd0,
  0x02, 0x28, 0x10, 0xd1, 0xa0, 0x00, 0x41, 0x19, 0xbf, 0x22, 0x88, 0x78,
  0x03, 0xe0, 0xa0, 0x00, 0x41, 0x19, 0xef, 0x22, 0x88, 0x78, 0x10, 0x40,
  0x88, 0x70, 0x08, 0xe0, 0xa0, 0x00, 0x41, 0x19, 0xdf, 0x22, 0x88, 0x78,
  0xf7, 0xe7, 0x59, 0x21, 0x73, 0x20, 0x01, 0xf0, 0x9d, 0xf9, 0xa0, 0x00,
  0x40, 0x19, 0x80, 0x78, 0x00, 0x28, 0x03, 0xd1, 0x20, 0x46, 0x00, 0x21,
  0x00, 0xf0, 0x6c, 0xf9, 0x34, 0xbd, 0x00, 0xbf, 0x9c, 0x7d, 0x04, 0x21,
  0xf0, 0xc8, 0x03, 0x21, 0xf4, 0xb5, 0x20, 0x49, 0x00, 0x01, 0x09, 0x18,
  0x8c, 0x88, 0x1f, 0x4e, 0xa0, 0x00, 0x80, 0x19, 0x05, 0x88, 0x08, 0x89,
  0x1d, 0x4f, 0x4e, 0x28, 0x21, 0xd1, 0x1d, 0x4a, 0xa8, 0x00, 0x83, 0x18,
  0x1a, 0x78, 0xf7, 0x20, 0x02, 0x40, 0x1a, 0x70, 0xc9, 0x88, 0x20, 0x46,
  0x2a, 0x46, 0xff, 0xf7, 0x3f, 0xff, 0x4e, 0x28, 0x0b, 0xd0, 0x68, 0x00,
  0xc1, 0x5b, 0x01, 0x39, 0xc1, 0x53, 0xa1, 0x00, 0x88, 0x19, 0x14, 0x49,
  0xc0, 0x78, 0x40, 0x00, 0x42, 0x5a, 0x01, 0x3a, 0x42, 0x52, 0x10, 0x4a,
  0xa8, 0x00, 0x81, 0x18, 0x08, 0x78, 0x08, 0x22, 0x10, 0x43, 0x08, 0x70,
  0x11, 0xe0, 0x69, 0x00, 0xc8, 0x5b, 0x01, 0x38, 0xc8, 0x53, 0x0b, 0x49,
  0xa3, 0x00, 0x98, 0x19, 0xc0, 0x78, 0x40, 0x00, 0x42, 0x5a, 0x01, 0x3a,
  0x42, 0x52, 0x98, 0x19, 0xc2, 0x78, 0x48, 0x21, 0x70, 0x20, 0x01, 0xf0,
  0x71, 0xf9, 0xf4, 0xbd, 0x9c, 0x7d, 0x04, 0x21, 0xf0, 0xc8, 0x03, 0x21,
  0x70, 0x19, 0x04, 0x21, 0x90, 0x41, 0x04, 0x21, 0x74, 0x56, 0x00, 0x00,
  0x10, 0xb5, 0x82, 0xb0, 0x00, 0x20, 0x01, 0xa9, 0x48, 0x80, 0x01, 0x24,
  0x39, 0xe0, 0x72, 0xb6, 0x18, 0x4b, 0x18, 0x68, 0x01, 0x22, 0xd2, 0x02,
  0xc1, 0x68, 0x11, 0x40, 0x01, 0xd1, 0x0c, 0x46, 0x2e, 0xe0, 0x01, 0xab,
  0x40, 0x6a, 0x14, 0x4a, 0x58, 0x80, 0x80, 0xb2, 0x01, 0x01, 0x89, 0x18,
  0x49, 0x7b, 0x01, 0x29, 0x08, 0xd0, 0x03, 0x29, 0x06, 0xd0, 0x05, 0x29,
  0x07, 0xd0, 0x07, 0x29, 0x08, 0xd1, 0x00, 0xf0, 0xe3, 0xfe, 0x09, 0xe0,
  0xff, 0xf7, 0x5e, 0xff, 0x06, 0xe0, 0xff, 0xf7, 0x8b, 0xff, 0x03, 0xe0,
  0x5a, 0x21, 0x73, 0x20, 0x01, 0xf0, 0x14, 0xf9, 0x07, 0x49, 0x01, 0xa8,
  0x02, 0x30, 0x02, 0xf0, 0x1f, 0xf8, 0x4e, 0x28, 0x0a, 0xd0, 0x54, 0x21,
  0x73, 0x20, 0x01, 0xf0, 0x09, 0xf9, 0x05, 0xe0, 0x88, 0x2c, 0x00, 0x00,
  0x9c, 0x7d, 0x04, 0x21, 0x08, 0x33, 0x00, 0x00, 0x62, 0xb6, 0x06, 0x4a,
  0x10, 0x68, 0x41, 0x68, 0x89, 0x07, 0x01, 0xd4, 0x01, 0x2c, 0xbe, 0xd0,
  0x01, 0x21, 0xc9, 0x02, 0x41, 0x60, 0x02, 0xb0, 0x10, 0xbd, 0x00, 0xbf,
  0x88, 0x2c, 0x00, 0x00, 0xf0, 0xb5, 0x83, 0xb0, 0x00, 0xf0, 0xd0, 0xf9,
  0x00, 0xf0, 0xee, 0xf9, 0x00, 0x20, 0x27, 0x4c, 0x01, 0x21, 0x81, 0x40,
  0x22, 0x46, 0x64, 0x32, 0x13, 0x68, 0x8b, 0x43, 0x13, 0x60, 0x61, 0x60,
  0x22, 0x46, 0x64, 0x32, 0x13, 0x68, 0x0b, 0x43, 0x13, 0x60, 0x41, 0x00,
  0x20, 0x4a, 0x00, 0x23, 0x8b, 0x52, 0x01, 0x30, 0x10, 0x28, 0xea, 0xd3,
  0x01, 0xf0, 0x0a, 0xfd, 0x01, 0xf0, 0xec, 0xf9, 0x1c, 0x48, 0x01, 0xf0,
  0xa1, 0xf9, 0x20, 0x68, 0x01, 0x21, 0x08, 0x43, 0x20, 0x60, 0x69, 0x46,
  0x19, 0x4e, 0x00, 0x20, 0x4e, 0x22, 0x01, 0x92, 0x04, 0x46, 0x05, 0x46,
  0x48, 0x80, 0x37, 0x68, 0x08, 0xe0, 0x30, 0x68, 0xb8, 0x42, 0x02, 0xd3,
  0x30, 0x68, 0xc4, 0x1b, 0x02, 0xe0, 0x34, 0x68, 0xf8, 0x43, 0x24, 0x18,
  0x11, 0x4a, 0x10, 0x68, 0xc0, 0x05, 0x02, 0xd5, 0x1e, 0x2c, 0xf0, 0xd3,
  0x01, 0xe0, 0x1e, 0x2c, 0x02, 0xd3, 0x04, 0x21, 0x01, 0x91, 0x0b, 0xe0,
  0x68, 0x46, 0x02, 0x30, 0x00, 0xf0, 0xca, 0xf9, 0x68, 0x46, 0x40, 0x88,
  0x09, 0x49, 0x01, 0x35, 0xed, 0xb2, 0x20, 0x2d, 0x08, 0x60, 0xe7, 0xd3,
  0x01, 0x98, 0x03, 0xb0, 0xf0, 0xbd, 0x00, 0xbf, 0x40, 0x60, 0xc2, 0x43,
  0x74, 0x56, 0x00, 0x00, 0x00, 0x24, 0xa1, 0x43, 0x80, 0x6b, 0x00, 0x00,
  0x04, 0x24, 0xa1, 0x43, 0x14, 0x24, 0xa1, 0x43, 0x70, 0xb5, 0x88, 0xb0,
  0x00, 0x20, 0x69, 0x46, 0xc8, 0x70, 0x4e, 0x24, 0x01, 0xa8, 0x01, 0xf0,
  0x07, 0xfa, 0x4e, 0x28, 0x58, 0xd1, 0x00, 0xf0, 0x11, 0xfb, 0x04, 0x46,
  0x4e, 0x28, 0x04, 0xd1, 0x00, 0x20, 0x02, 0x99, 0x00, 0xf0, 0x2a, 0xfb,
  0x04, 0x46, 0x00, 0x25, 0x0a, 0xe0, 0x69, 0x46, 0x03, 0x31, 0x28, 0x20,
  0x68, 0x43, 0x05, 0x9a, 0x80, 0x18, 0xff, 0xf7, 0x4d, 0xfc, 0x04, 0x46,
  0x01, 0x35, 0xed, 0xb2, 0x01, 0x98, 0x41, 0x79, 0x8d, 0x42, 0xf0, 0xd3,
  0x4e, 0x2c, 0x3b, 0xd1, 0x00, 0x26, 0x35, 0x46, 0x14, 0x21, 0x71, 0x43,
  0x06, 0x9a, 0x8a, 0x18, 0x81, 0x1d, 0x68, 0x00, 0x40, 0x18, 0x01, 0x88,
  0x00, 0x23, 0x28, 0x46, 0x00, 0xf0, 0xa2, 0xfb, 0x04, 0x46, 0x01, 0x98,
  0x82, 0x1d, 0x69, 0x00, 0x89, 0x18, 0x09, 0x88, 0x76, 0x18, 0xb6, 0xb2,
  0x01, 0x35, 0xed, 0xb2, 0x10, 0x2d, 0x02, 0xd2, 0x4e, 0x2c, 0xe5, 0xd0,
  0x1e, 0xe0, 0x4e, 0x2c, 0x1c, 0xd1, 0x00, 0x26, 0x35, 0x46, 0x1c, 0x21,
  0x71, 0x43, 0x07, 0x9a, 0x8a, 0x18, 0x26, 0x30, 0x69, 0x00, 0x08, 0x18,
  0x01, 0x88, 0x00, 0x23, 0x28, 0x46, 0x00, 0xf0, 0xe5, 0xfb, 0x04, 0x46,
  0x01, 0x98, 0x01, 0x46, 0x26, 0x31, 0x6a, 0x00, 0x51, 0x18, 0x09, 0x88,
  0x76, 0x18, 0xb6, 0xb2, 0x01, 0x35, 0xed, 0xb2, 0x10, 0x2d, 0x01, 0xd2,
  0x4e, 0x2c, 0xe4, 0xd0, 0x20, 0x46, 0x08, 0xb0, 0x70, 0xbd, 0x00, 0x00,
  0x70, 0xb5, 0x18, 0x4b, 0x82, 0x00, 0xd2, 0x18, 0xd6, 0x78, 0x82, 0x00,
  0xd2, 0x18, 0x00, 0x29, 0x14, 0x88, 0x02, 0xd1, 0x00, 0xf0, 0x46, 0xf9,
  0x04, 0xe0, 0x13, 0x49, 0x40, 0x1a, 0x80, 0xb2, 0x00, 0xf0, 0x54, 0xf9,
  0x11, 0x48, 0x61, 0x00, 0x0a, 0x5a, 0x01, 0x3a, 0x0a, 0x52, 0x10, 0x4a,
  0x71, 0x00, 0x8b, 0x5a, 0x01, 0x3b, 0x8b, 0x52, 0x61, 0x00, 0x08, 0x5a,
  0x00, 0x28, 0x0f, 0xd1, 0x0c, 0x4d, 0xa0, 0x00, 0x40, 0x19, 0xc0, 0x78,
  0x21, 0x28, 0x09, 0xd1, 0x21, 0x46, 0x30, 0x46, 0x01, 0xf0, 0x3c, 0xfe,
  0x4e, 0x28, 0x03, 0xd1, 0xa1, 0x00, 0x48, 0x19, 0x00, 0x21, 0xc1, 0x70,
  0x70, 0xbd, 0x00, 0xbf, 0xf0, 0xc8, 0x03, 0x21, 0xc4, 0x06, 0x00, 0x00,
  0x70, 0x19, 0x04, 0x21, 0x74, 0x56, 0x00, 0x00, 0x70, 0x09, 0x04, 0x21,
  0xf0, 0xb5, 0x83, 0xb0, 0x05, 0x46, 0x01, 0x91, 0x14, 0x46, 0x4f, 0x26,
  0x90, 0x00, 0x1d, 0x4a, 0x1d, 0x4f, 0x80, 0x18, 0x02, 0x88, 0x60, 0x00,
  0xc0, 0x5b, 0x90, 0x42, 0x27, 0xd2, 0x1b, 0x4a, 0xa8, 0x00, 0x80, 0x18,
  0x04, 0x80, 0x28, 0x46, 0x00, 0xf0, 0x36, 0xf8, 0x18, 0x48, 0x00, 0x5d,
  0x01, 0x28, 0x06, 0xd1, 0x22, 0x46, 0x28, 0x46, 0x01, 0x23, 0x01, 0x99,
  0x00, 0xf0, 0x18, 0xfc, 0x04, 0xe0, 0x22, 0x46, 0x28, 0x46, 0x01, 0x99,
  0xff, 0xf7, 0x90, 0xfd, 0x06, 0x46, 0x4e, 0x28, 0x15, 0xd1, 0x61, 0x00,
  0xc8, 0x5b, 0x01, 0x30, 0xc8, 0x53, 0x0c, 0x48, 0x0d, 0x4a, 0xa9, 0x00,
  0x08, 0x18, 0xc0, 0x78, 0x40, 0x00, 0x83, 0x5a, 0x01, 0x33, 0x83, 0x52,
  0x07, 0xe0, 0x07, 0x48, 0xa9, 0x00, 0x08, 0x18, 0xc2, 0x78, 0x66, 0x20,
  0x07, 0x21, 0x00, 0xf0, 0xd1, 0xff, 0x30, 0x46, 0x03, 0xb0, 0xf0, 0xbd,
  0x70, 0x09, 0x04, 0x21, 0x70, 0x19, 0x04, 0x21, 0xf0, 0xc8, 0x03, 0x21,
  0x94, 0x56, 0x00, 0x00, 0x74, 0x56, 0x00, 0x00, 0xf4, 0xb5, 0x00, 0x25,
  0x4c, 0x21, 0x10, 0x4a, 0x41, 0x43, 0x54, 0x18, 0x0f, 0x49, 0x80, 0x00,
  0x40, 0x18, 0xc7, 0x78, 0x66, 0x68, 0x30, 0x07, 0x00, 0x0f, 0x01, 0xf0,
  0x4b, 0xf9, 0x31, 0x02, 0x09, 0x0a, 0x02, 0x06, 0x11, 0x43, 0x61, 0x60,
  0x09, 0x49, 0x3f, 0x03, 0x79, 0x18, 0x09, 0x68, 0x0c, 0x22, 0x11, 0x40,
  0x05, 0xd0, 0x03, 0x30, 0xfc, 0x21, 0x08, 0x40, 0x21, 0x46, 0x08, 0x31,
  0x0d, 0x58, 0xa5, 0x64, 0xf4, 0xbd, 0x00, 0xbf, 0x80, 0x48, 0x00, 0x21,
  0xf0, 0xc8, 0x03, 0x21, 0x04, 0x00, 0x0c, 0x43, 0x70, 0xb5, 0x84, 0xb0,
  0x05, 0x46, 0x00, 0x20, 0x01, 0xa9, 0x48, 0x80, 0x3a, 0xe0, 0x00, 0x6a,
  0x84, 0xb2, 0x01, 0xa8, 0x02, 0x30, 0x00, 0xf0, 0x8b, 0xf8, 0x4e, 0x28,
  0x2c, 0xd1, 0x01, 0xa9, 0x1e, 0x4e, 0x48, 0x88, 0x30, 0x60, 0x1e, 0x49,
  0x4c, 0x20, 0x60, 0x43, 0x40, 0x18, 0x1d, 0x4a, 0x01, 0x68, 0x11, 0x40,
  0x02, 0x68, 0x33, 0x07, 0x1a, 0x40, 0x00, 0xd1, 0x89, 0x0c, 0x00, 0x68,
  0x00, 0x28, 0x02, 0xd5, 0x01, 0x20, 0xc0, 0x07, 0x01, 0x43, 0x17, 0x4a,
  0xa0, 0x00, 0x80, 0x18, 0x02, 0xaa, 0xc0, 0x78, 0x01, 0xf0, 0x68, 0xfc,
  0x03, 0xab, 0x18, 0x78, 0x00, 0x28, 0x07, 0xd1, 0x02, 0xab, 0x20, 0x46,
  0x5a, 0x88, 0x19, 0x88, 0xff, 0xf7, 0x54, 0xff, 0x4f, 0x28, 0x09, 0xd1,
  0x20, 0x46, 0x00, 0xf0, 0x65, 0xf8, 0x05, 0xe0, 0x08, 0x4a, 0x14, 0x60,
  0x4b, 0x21, 0x66, 0x20, 0x00, 0xf0, 0x34, 0xff, 0x09, 0x49, 0xa8, 0x02,
  0x40, 0x18, 0x01, 0x68, 0x89, 0x07, 0xbe, 0xd5, 0x01, 0x21, 0xc9, 0x02,
  0x01, 0x60, 0x04, 0xb0, 0x70, 0xbd, 0x00, 0xbf, 0x14, 0x24, 0xa1, 0x43,
  0x80, 0x48, 0x00, 0x21, 0xff, 0xff, 0xff, 0x5f, 0xf0, 0xc8, 0x03, 0x21,
  0x04, 0x20, 0xa1, 0x43, 0x70, 0xb5, 0x82, 0xb0, 0x0b, 0x4c, 0x0c, 0x4d,
  0x0c, 0x48, 0x02, 0x21, 0x23, 0x46, 0x2a, 0x46, 0x01, 0xf0, 0xdc, 0xfd,
  0x00, 0x20, 0x01, 0xae, 0x70, 0x80, 0x21, 0x46, 0xb0, 0x1c, 0x01, 0xf0,
  0x1d, 0xfe, 0x70, 0x88, 0x01, 0x30, 0x70, 0x80, 0x80, 0xb2, 0xa8, 0x42,
  0xf5, 0xd3, 0x02, 0xb0, 0x70, 0xbd, 0x00, 0xbf, 0x14, 0x35, 0x00, 0x00,
  0xc4, 0x06, 0x00, 0x00, 0x20, 0x35, 0x00, 0x00, 0x70, 0xb5, 0x82, 0xb0,
  0x0b, 0x4c, 0x0c, 0x4d, 0x0c, 0x48, 0x02, 0x21, 0x23, 0x46, 0x2a, 0x46,
  0x01, 0xf0, 0xbc, 0xfd, 0x00, 0x20, 0x01, 0xae, 0x70, 0x80, 0x21, 0x46,
  0xb0, 0x1c, 0x01, 0xf0, 0xfd, 0xfd, 0x70, 0x88, 0x01, 0x30, 0x70, 0x80,
  0x80, 0xb2, 0xa8, 0x42, 0xf5, 0xd3, 0x02, 0xb0, 0x70, 0xbd, 0x00, 0xbf,
  0xa8, 0x42, 0x00, 0x00, 0x5c, 0x09, 0x00, 0x00, 0xb4, 0x42, 0x00, 0x00,
  0x04, 0xb5, 0x02, 0x49, 0x01, 0xf0, 0x28, 0xfe, 0x04, 0xbd, 0x00, 0xbf,
  0x14, 0x35, 0x00, 0x00, 0x00, 0xb5, 0x83, 0xb0, 0x01, 0xaa, 0x50, 0x80,
  0x02, 0x49, 0x90, 0x1c, 0x01, 0xf0, 0xde, 0xfd, 0x03, 0xb0, 0x00, 0xbd,
  0x14, 0x35, 0x00, 0x00, 0x04, 0xb5, 0x02, 0x49, 0x01, 0xf0, 0x14, 0xfe,
  0x04, 0xbd, 0x00, 0xbf, 0xa8, 0x42, 0x00, 0x00, 0x00, 0xb5, 0x83, 0xb0,
  0x01, 0xaa, 0x50, 0x80, 0x02, 0x49, 0x90, 0x1c, 0x01, 0xf0, 0xca, 0xfd,
  0x03, 0xb0, 0x00, 0xbd, 0xa8, 0x42, 0x00, 0x00, 0xf0, 0xb5, 0x83, 0xb0,
  0x05, 0x46, 0x00, 0x26, 0x01, 0xaa, 0xd6, 0x70, 0x72, 0x4a, 0x51, 0x8f,
  0x01, 0x20, 0xa8, 0x40, 0x08, 0x40, 0x00, 0xd0, 0x01, 0x26, 0xff, 0x20,
  0x99, 0x30, 0x6f, 0x49, 0x70, 0x43, 0x44, 0x18, 0xff, 0x22, 0x95, 0x32,
  0xa0, 0x5c, 0x01, 0x28, 0x00, 0xd2, 0xb1, 0xe0, 0x28, 0xd0, 0x07, 0x28,
  0x00, 0xd2, 0xc1, 0xe0, 0x19, 0xd0, 0x09, 0x28, 0x00, 0xd2, 0x94, 0xe0,
  0x00, 0xd1, 0x8a, 0xe0, 0x0a, 0x28, 0x48, 0xd0, 0x0c, 0x28, 0x00, 0xd2,
  0xb6, 0xe0, 0x00, 0xd1, 0x98, 0xe0, 0x0e, 0x28, 0x00, 0xd2, 0x92, 0xe0,
  0x00, 0xd1, 0x98, 0xe0, 0x11, 0x28, 0x00, 0xd1, 0x9a, 0xe0, 0x13, 0x28,
  0x00, 0xd1, 0xa2, 0xe0, 0x15, 0x28, 0x00, 0xd0, 0xa6, 0xe0, 0xff, 0x26,
  0x91, 0x36, 0xa1, 0x5b, 0x22, 0x46, 0x28, 0x46, 0x01, 0x23, 0x00, 0xf0,
  0xbf, 0xf9, 0xa6, 0x19, 0x70, 0x71, 0xa2, 0xe0, 0x56, 0x49, 0x68, 0x00,
  0x40, 0x5a, 0x00, 0x28, 0x1e, 0xd1, 0x28, 0x46, 0x01, 0xf0, 0x58, 0xfc,
  0x53, 0x49, 0x60, 0x54, 0x53, 0x48, 0x84, 0x5d, 0x53, 0x49, 0xa0, 0x06,
  0x80, 0x0e, 0x40, 0x18, 0x05, 0x21, 0x01, 0x70, 0x00, 0x78, 0x05, 0x28,
  0xf6, 0xd1, 0x50, 0x49, 0xa8, 0x00, 0x40, 0x58, 0x00, 0xf0, 0x45, 0xff,
  0x4c, 0x49, 0xa0, 0x06, 0x80, 0x0e, 0x40, 0x18, 0x00, 0x21, 0x01, 0x70,
  0x28, 0x46, 0x00, 0xf0, 0xc7, 0xff, 0x7e, 0xe0, 0x2a, 0x46, 0x33, 0x21,
  0x66, 0x20, 0x00, 0xf0, 0x6f, 0xfe, 0x33, 0x20, 0x44, 0xe0, 0x26, 0x88,
  0x45, 0x4f, 0xb0, 0x00, 0xc0, 0x19, 0xc1, 0x78, 0x01, 0x20, 0x10, 0x2d,
  0x01, 0xd2, 0x68, 0x1c, 0xc0, 0xb2, 0x88, 0x42, 0x07, 0xd0, 0x11, 0x20,
  0x10, 0x2d, 0x02, 0xd2, 0x28, 0x46, 0x11, 0x30, 0xc0, 0xb2, 0x88, 0x42,
  0x22, 0xd1, 0x3d, 0x48, 0x01, 0xf0, 0x08, 0xfb, 0x4e, 0x28, 0x23, 0xd1,
  0x3a, 0x4a, 0x30, 0x46, 0x00, 0x21, 0x01, 0xf0, 0x17, 0xfa, 0x4e, 0x28,
  0x1c, 0xd1, 0x37, 0x48, 0x01, 0xf0, 0x20, 0xfb, 0x4e, 0x28, 0x17, 0xd1,
  0x35, 0x4a, 0x71, 0x00, 0x89, 0x5a, 0x00, 0x29, 0x07, 0xd1, 0x31, 0x46,
  0x28, 0x46, 0x01, 0xf0, 0x59, 0xfc, 0xb2, 0x00, 0xd1, 0x19, 0x00, 0x22,
  0x02, 0xe0, 0xb2, 0x00, 0xd1, 0x19, 0x21, 0x22, 0xca, 0x70, 0x05, 0xe0,
  0x2a, 0x46, 0x3f, 0x21, 0x66, 0x20, 0x00, 0xf0, 0x31, 0xfe, 0x3f, 0x20,
  0x23, 0x49, 0x60, 0x54, 0x37, 0xe0, 0x28, 0x46, 0x21, 0x88, 0xa2, 0x78,
  0x00, 0xf0, 0x50, 0xf8, 0x1f, 0x4b, 0xe0, 0x54, 0x2f, 0xe0, 0xe0, 0x21,
  0x09, 0x5b, 0x22, 0x46, 0x28, 0x46, 0x01, 0x23, 0x00, 0xf0, 0xa4, 0xf9,
  0x1a, 0x4e, 0xa0, 0x55, 0x25, 0xe0, 0x00, 0xf0, 0x83, 0xf8, 0xe7, 0xe7,
  0x21, 0x46, 0x30, 0x46, 0x00, 0xf0, 0x9e, 0xf8, 0x13, 0xe0, 0x30, 0x46,
  0x00, 0xf0, 0xfa, 0xf8, 0x4e, 0x20, 0xdd, 0xe7, 0x01, 0xa9, 0x03, 0x31,
  0x20, 0x46, 0xff, 0xf7, 0xc1, 0xf9, 0x10, 0x4a, 0xa0, 0x54, 0x01, 0xaa,
  0xd0, 0x78, 0x28, 0x22, 0x04, 0xe0, 0x31, 0x46, 0x28, 0x46, 0x00, 0xf0,
  0x8f, 0xfb, 0x0b, 0x4a, 0xa0, 0x54, 0x06, 0xe0, 0x1e, 0x21, 0x09, 0x4b,
  0xe1, 0x54, 0x2a, 0x46, 0x66, 0x20, 0x00, 0xf0, 0xf5, 0xfd, 0x0d, 0x49,
  0x01, 0x20, 0xa8, 0x40, 0x08, 0x60, 0x03, 0xb0, 0xf0, 0xbd, 0x00, 0xbf,
  0x9c, 0xbd, 0x04, 0x21, 0xe0, 0x9d, 0x03, 0x21, 0x74, 0x56, 0x00, 0x00,
  0x95, 0x01, 0x00, 0x00, 0xf0, 0x2b, 0x00, 0x00, 0x00, 0x00, 0xc2, 0x43,
  0xac, 0x2d, 0x00, 0x00, 0x70, 0x09, 0x04, 0x21, 0x00, 0x00, 0xa1, 0x43,
  0x70, 0x19, 0x04, 0x21, 0x44, 0x60, 0xc2, 0x43, 0xf0, 0xb5, 0x83, 0xb0,
  0x04, 0x46, 0x0d, 0x46, 0x01, 0x92, 0x1c, 0x4e, 0x4e, 0x27, 0x88, 0x00,
  0x80, 0x19, 0xc1, 0x78, 0x01, 0x20, 0x10, 0x2c, 0x01, 0xd2, 0x60, 0x1c,
  0xc0, 0xb2, 0x88, 0x42, 0x07, 0xd0, 0x11, 0x20, 0x10, 0x2c, 0x02, 0xd2,
  0x20, 0x46, 0x11, 0x30, 0xc0, 0xb2, 0x88, 0x42, 0x1b, 0xd1, 0x13, 0x48,
  0x01, 0xf0, 0x6e, 0xfa, 0x11, 0x4a, 0x28, 0x46, 0x01, 0x99, 0x01, 0xf0,
  0x7f, 0xf9, 0x0f, 0x48, 0x01, 0xf0, 0x8a, 0xfa, 0x01, 0x9b, 0x00, 0x2b,
  0x05, 0xd1, 0x11, 0x20, 0x10, 0x2c, 0x01, 0xd2, 0x20, 0x46, 0x11, 0x30,
  0x03, 0xe0, 0x01, 0x20, 0x10, 0x2c, 0x00, 0xd2, 0x60, 0x1c, 0xaa, 0x00,
  0x91, 0x19, 0xc8, 0x70, 0x05, 0xe0, 0x22, 0x46, 0x38, 0x21, 0x66, 0x20,
  0x00, 0xf0, 0x9e, 0xfd, 0x38, 0x27, 0x38, 0x46, 0x03, 0xb0, 0xf0, 0xbd,
  0x70, 0x09, 0x04, 0x21, 0x00, 0x00, 0xa1, 0x43, 0x70, 0xb5, 0xff, 0xf7,
  0x2b, 0xfa, 0x0b, 0x48, 0x01, 0xf0, 0xb8, 0xf9, 0x04, 0x46, 0x00, 0x25,
  0x09, 0x49, 0xa8, 0x00, 0x08, 0x18, 0x40, 0x30, 0x06, 0x68, 0x30, 0x46,
  0x00, 0xf0, 0x34, 0xfe, 0x06, 0x49, 0xf0, 0x68, 0x08, 0x40, 0xf0, 0x60,
  0x01, 0x35, 0x06, 0x2d, 0xf0, 0xd3, 0x20, 0x46, 0x70, 0xbd, 0x00, 0xbf,
  0x00, 0x00, 0xa1, 0x43, 0xac, 0x2d, 0x00, 0x00, 0xff, 0xfd, 0xff, 0xff,
  0xf0, 0xb5, 0x89, 0xb0, 0x0d, 0x46, 0x34, 0x21, 0x48, 0x43, 0x29, 0x49,
  0x0e, 0x18, 0x00, 0x21, 0x48, 0x00, 0x2a, 0x46, 0x10, 0x32, 0x82, 0x5a,
  0x2b, 0x46, 0x30, 0x33, 0xc4, 0x5a, 0x03, 0x46, 0x68, 0x46, 0xa2, 0x18,
  0x1a, 0x52, 0x01, 0x31, 0x10, 0x29, 0xf1, 0xd3, 0x01, 0xf0, 0x54, 0xfb,
  0x04, 0x46, 0x4e, 0x28, 0x38, 0xd1, 0x01, 0xf0, 0x71, 0xf9, 0x30, 0x82,
  0x00, 0x27, 0x78, 0x00, 0x29, 0x46, 0x50, 0x31, 0x40, 0x5a, 0x00, 0x28,
  0x0d, 0xd0, 0x0a, 0x46, 0x3b, 0x46, 0x19, 0x49, 0x19, 0x48, 0x00, 0xf0,
  0x5b, 0xfe, 0x4f, 0x28, 0x00, 0xd1, 0x1e, 0x24, 0x17, 0x49, 0xb8, 0x00,
  0x40, 0x58, 0x00, 0xf0, 0xf1, 0xfd, 0x01, 0x37, 0x10, 0x2f, 0xe8, 0xd3,
  0x00, 0x27, 0x78, 0x00, 0x29, 0x46, 0x70, 0x31, 0x40, 0x5a, 0x00, 0x28,
  0x10, 0xd0, 0x0a, 0x46, 0x3b, 0x46, 0x10, 0x33, 0xdb, 0xb2, 0x0c, 0x49,
  0x0c, 0x48, 0x00, 0xf0, 0x41, 0xfe, 0x4f, 0x28, 0x01, 0xd1, 0x1e, 0x24,
  0x04, 0xe0, 0x31, 0x89, 0x01, 0x20, 0xb8, 0x40, 0x01, 0x43, 0x31, 0x81,
  0x01, 0x37, 0x06, 0x2f, 0xe5, 0xd3, 0x00, 0xf0, 0x23, 0xfe, 0xb0, 0x81,
  0x20, 0x46, 0x09, 0xb0, 0xf0, 0xbd, 0x00, 0xbf, 0x9c, 0xbd, 0x04, 0x21,
  0x70, 0x21, 0x04, 0x21, 0x6c, 0x55, 0x00, 0x00, 0xac, 0x2d, 0x00, 0x00,
  0xf0, 0xb5, 0x83, 0xb0, 0x18, 0x49, 0x34, 0x22, 0x42, 0x43, 0x8e, 0x18,
  0x01, 0x23, 0x58, 0x40, 0x34, 0x22, 0x50, 0x43, 0x0b, 0x18, 0x01, 0x93,
  0x00, 0x24, 0x30, 0x89, 0x01, 0x27, 0xa7, 0x40, 0x38, 0x40, 0x13, 0xd0,
  0x25, 0x46, 0x10, 0x35, 0x10, 0x49, 0xed, 0xb2, 0xa8, 0x00, 0x40, 0x58,
  0x00, 0xf0, 0xc3, 0xfd, 0x0c, 0x20, 0x0e, 0x49, 0x68, 0x43, 0x40, 0x18,
  0x00, 0xf0, 0x44, 0xfe, 0x28, 0x46, 0x00, 0xf0, 0x45, 0xfe, 0x30, 0x89,
  0xb8, 0x43, 0x30, 0x81, 0x01, 0x34, 0x06, 0x2c, 0xe3, 0xd3, 0x01, 0x9c,
  0xa1, 0x89, 0xb0, 0x89, 0x01, 0xf0, 0x06, 0xf9, 0xa1, 0x89, 0xb0, 0x89,
  0x00, 0xf0, 0xea, 0xfd, 0x03, 0xb0, 0xf0, 0xbd, 0x9c, 0xbd, 0x04, 0x21,
  0xac, 0x2d, 0x00, 0x00, 0x6c, 0x55, 0x00, 0x00, 0xf0, 0xb5, 0x87, 0xb0,
  0x07, 0x46, 0x05, 0x91, 0x04, 0x92, 0x03, 0x93, 0x00, 0x20, 0x01, 0xa9,
  0x48, 0x80, 0x28, 0x48, 0x01, 0xf0, 0x82, 0xf9, 0x04, 0x46, 0x4e, 0x28,
  0x46, 0xd1, 0x00, 0x26, 0x35, 0xe0, 0x04, 0x9b, 0x14, 0x20, 0x70, 0x43,
  0x01, 0xaa, 0xc5, 0x18, 0x02, 0x32, 0x29, 0x46, 0x38, 0x46, 0x01, 0xf0,
  0x0f, 0xfb, 0x04, 0x46, 0x4e, 0x28, 0x28, 0xd1, 0x03, 0x98, 0x00, 0x28,
  0x02, 0xd0, 0x01, 0xa9, 0x48, 0x88, 0xa8, 0x81, 0x1b, 0x49, 0x01, 0xa8,
  0x40, 0x88, 0x01, 0xb4, 0x6a, 0x89, 0x83, 0x00, 0xc8, 0x18, 0x02, 0x80,
  0x01, 0xbc, 0x01, 0xb4, 0xaa, 0x7b, 0xc8, 0x18, 0x82, 0x70, 0x01, 0xbc,
  0x01, 0x22, 0x10, 0x2f, 0x00, 0xd2, 0x7a, 0x1c, 0xcb, 0x18, 0xda, 0x70,
  0x29, 0x7c, 0x12, 0x4b, 0x19, 0x54, 0x12, 0x4b, 0x41, 0x00, 0x00, 0x22,
  0xca, 0x52, 0xff, 0xf7, 0x43, 0xf8, 0x01, 0xa8, 0x01, 0x21, 0x40, 0x88,
  0xff, 0xf7, 0x0c, 0xf8, 0x01, 0x36, 0x05, 0x98, 0x86, 0x42, 0x05, 0xd2,
  0x4e, 0x2c, 0xc4, 0xd0, 0x06, 0x48, 0x01, 0xf0, 0x63, 0xf9, 0x05, 0xe0,
  0x4e, 0x2c, 0xf9, 0xd1, 0x03, 0x48, 0x01, 0xf0, 0x5d, 0xf9, 0x04, 0x46,
  0x20, 0x46, 0x07, 0xb0, 0xf0, 0xbd, 0x00, 0xbf, 0x00, 0x00, 0xa1, 0x43,
  0x70, 0x09, 0x04, 0x21, 0x94, 0x56, 0x00, 0x00, 0x70, 0x19, 0x04, 0x21,
  0xf0, 0xb5, 0x87, 0xb0, 0x02, 0x90, 0x05, 0x91, 0x04, 0x92, 0x03, 0x93,
  0x00, 0x24, 0x01, 0xa9, 0x4c, 0x80, 0x37, 0x48, 0x01, 0xf0, 0x20, 0xf9,
  0x05, 0x46, 0x4e, 0x28, 0x65, 0xd1, 0x27, 0x46, 0x54, 0xe0, 0x04, 0x9b,
  0x02, 0x98, 0x1c, 0x24, 0x7c, 0x43, 0x01, 0xaa, 0xe4, 0x18, 0x02, 0x32,
  0x21, 0x46, 0x01, 0xf0, 0xad, 0xfa, 0x05, 0x46, 0x4e, 0x28, 0x47, 0xd1,
  0x03, 0x98, 0x00, 0x28, 0x02, 0xd0, 0x01, 0xa8, 0x41, 0x88, 0xa1, 0x81,
  0x01, 0xa8, 0x46, 0x88, 0x60, 0x89, 0x29, 0x4a, 0xb3, 0x00, 0xd1, 0x18,
  0x08, 0x80, 0xa0, 0x7b, 0x88, 0x70, 0x02, 0x98, 0x01, 0x21, 0x10, 0x28,
  0x00, 0xd2, 0x41, 0x1c, 0xd3, 0x18, 0x24, 0x4a, 0xd9, 0x70, 0x73, 0x00,
  0x00, 0x21, 0x99, 0x52, 0x14, 0x34, 0x30, 0x46, 0xfe, 0xf7, 0xe6, 0xff,
  0x63, 0x78, 0x02, 0x2b, 0x03, 0xd1, 0x30, 0x46, 0x01, 0x21, 0xfe, 0xf7,
  0xad, 0xff, 0xe1, 0x78, 0x02, 0x29, 0x02, 0xd1, 0x30, 0x46, 0xfe, 0xf7,
  0xa7, 0xff, 0xa3, 0x78, 0x02, 0x2b, 0x03, 0xd1, 0x30, 0x46, 0x04, 0x21,
  0xfe, 0xf7, 0xa0, 0xff, 0x23, 0x78, 0x02, 0x2b, 0x03, 0xd1, 0x08, 0x21,
  0x30, 0x46, 0xfe, 0xf7, 0x99, 0xff, 0x23, 0x79, 0xff, 0x2b, 0x03, 0xd0,
  0x30, 0x46, 0x21, 0x79, 0xfe, 0xf7, 0x9c, 0xff, 0x63, 0x79, 0xff, 0x2b,
  0x03, 0xd0, 0x30, 0x46, 0x61, 0x79, 0xfe, 0xf7, 0x95, 0xff, 0x01, 0x37,
  0x05, 0x98, 0x87, 0x42, 0x05, 0xd2, 0x4e, 0x2d, 0xa5, 0xd0, 0x06, 0x48,
  0x01, 0xf0, 0xe2, 0xf8, 0x05, 0xe0, 0x4e, 0x2d, 0xf9, 0xd1, 0x03, 0x48,
  0x01, 0xf0, 0xdc, 0xf8, 0x05, 0x46, 0x28, 0x46, 0x07, 0xb0, 0xf0, 0xbd,
  0x00, 0x00, 0xa1, 0x43, 0x70, 0x09, 0x04, 0x21, 0x70, 0x19, 0x04, 0x21,
  0x30, 0xb5, 0x83, 0xb0, 0x04, 0x46, 0x0d, 0x46, 0x00, 0x20, 0x01, 0xab,
  0x58, 0x80, 0x98, 0x1c, 0xff, 0xf7, 0x04, 0xfd, 0x01, 0xab, 0x58, 0x88,
  0x14, 0x21, 0x0a, 0x4a, 0x41, 0x43, 0x89, 0x18, 0x22, 0x68, 0x0a, 0x60,
  0x62, 0x68, 0x4a, 0x60, 0xa2, 0x6c, 0x0a, 0x61, 0x00, 0x2d, 0x06, 0xd0,
  0x08, 0x31, 0xa3, 0x68, 0x0b, 0x60, 0x04, 0x2d, 0x01, 0xd9, 0xe2, 0x68,
  0x4a, 0x60, 0x03, 0xb0, 0x30, 0xbd, 0x00, 0xbf, 0xb0, 0xe2, 0x02, 0x21,
  0xf0, 0xb5, 0x87, 0xb0, 0x07, 0x46, 0x04, 0x91, 0x03, 0x92, 0x05, 0x93,
  0x00, 0x25, 0x4e, 0x23, 0x3a, 0x4e, 0x01, 0x93, 0x80, 0x00, 0x80, 0x19,
  0xc2, 0x78, 0x02, 0x92, 0x4c, 0x20, 0x38, 0x4c, 0x78, 0x43, 0x04, 0x19,
  0x20, 0x46, 0x00, 0xf0, 0x55, 0xfd, 0x05, 0x9a, 0x01, 0x46, 0x01, 0x2a,
  0x1e, 0xd1, 0x08, 0x28, 0x07, 0xd9, 0x4f, 0x20, 0x02, 0x9a, 0x01, 0x90,
  0x08, 0x21, 0x66, 0x20, 0x00, 0xf0, 0xb6, 0xfb, 0x57, 0xe0, 0x20, 0x46,
  0xff, 0xf7, 0xb6, 0xff, 0x05, 0x46, 0x2d, 0x48, 0x2d, 0x4b, 0x2c, 0x18,
  0xa4, 0xb2, 0xa8, 0x00, 0x30, 0x18, 0xc0, 0x18, 0xbb, 0x00, 0x9a, 0x5b,
  0x9b, 0x19, 0x02, 0x80, 0x5b, 0x88, 0x43, 0x80, 0x38, 0x46, 0xff, 0xf7,
  0xa7, 0xfc, 0x00, 0xe0, 0x3c, 0x46, 0x26, 0x4a, 0xa0, 0x00, 0x04, 0x99,
  0x80, 0x18, 0x03, 0x9a, 0x01, 0x80, 0x24, 0x48, 0x24, 0x4b, 0x92, 0x00,
  0x10, 0x18, 0x87, 0x78, 0xb8, 0x00, 0xc0, 0x58, 0x43, 0x68, 0xdb, 0x07,
  0x0d, 0xd4, 0x0c, 0x23, 0x20, 0x4a, 0x7b, 0x43, 0x9b, 0x18, 0x0b, 0x33,
  0x1b, 0x78, 0x01, 0x2b, 0x01, 0xd1, 0x44, 0x61, 0x17, 0xe0, 0x38, 0x46,
  0x00, 0xf0, 0x80, 0xf8, 0x0f, 0xe0, 0x0c, 0x20, 0x19, 0x4b, 0x78, 0x43,
  0xc0, 0x18, 0x0b, 0x30, 0x00, 0x78, 0x00, 0x28, 0x07, 0xd1, 0x3a, 0x46,
  0x66, 0x20, 0x02, 0x21, 0x00, 0xf0, 0x74, 0xfb, 0x4f, 0x20, 0x01, 0x90,
  0x03, 0xe0, 0x21, 0x46, 0x38, 0x46, 0x00, 0xf0, 0xbf, 0xf8, 0x05, 0x98,
  0x01, 0x28, 0x0c, 0xd1, 0x01, 0x98, 0x4e, 0x28, 0x06, 0xd1, 0x09, 0x4c,
  0xa9, 0x00, 0x70, 0x18, 0x00, 0x19, 0x01, 0x24, 0x84, 0x70, 0x02, 0xe0,
  0x28, 0x46, 0xff, 0xf7, 0x77, 0xfc, 0x01, 0x98, 0x07, 0xb0, 0xf0, 0xbd,
  0xf0, 0xc8, 0x03, 0x21, 0x80, 0x48, 0x00, 0x21, 0xc4, 0x06, 0x00, 0x00,
  0x10, 0x1b, 0x00, 0x00, 0x00, 0x00, 0x00, 0x21, 0x70, 0x09, 0x04, 0x21,
  0xac, 0x2d, 0x00, 0x00, 0x6c, 0x55, 0x00, 0x00, 0xf0, 0xb5, 0x83, 0xb0,
  0x07, 0x46, 0x4f, 0x25, 0x01, 0x26, 0x31, 0xe0, 0x72, 0xb6, 0xb8, 0x00,
  0x00, 0x59, 0x01, 0x22, 0xd2, 0x02, 0xc1, 0x68, 0x11, 0x40, 0x01, 0xd1,
  0x0e, 0x46, 0x26, 0xe0, 0x40, 0x6a, 0x80, 0xb2, 0x01, 0x90, 0x81, 0x00,
  0x08, 0x4a, 0x54, 0x18, 0x08, 0x49, 0x88, 0x42, 0x02, 0xd2, 0x00, 0x21,
  0x00, 0x91, 0x00, 0xe0, 0x00, 0x96, 0xa0, 0x78, 0xc0, 0x07, 0x09, 0xd5,
  0xa0, 0x78, 0xfe, 0x21, 0x08, 0x40, 0xa0, 0x70, 0x4e, 0x25, 0x09, 0xe0,
  0xf0, 0xc8, 0x03, 0x21, 0xc4, 0x06, 0x00, 0x00, 0x43, 0x21, 0x66, 0x20,
  0x00, 0xf0, 0xf8, 0xfa, 0x4e, 0x2d, 0x06, 0xd1, 0xa0, 0x78, 0x00, 0x28,
  0x03, 0xd1, 0x00, 0x99, 0x01, 0x98, 0xff, 0xf7, 0xc7, 0xfa, 0x62, 0xb6,
  0x06, 0x4c, 0xb8, 0x00, 0x00, 0x59, 0x41, 0x68, 0x89, 0x07, 0x01, 0xd4,
  0x01, 0x2e, 0xc5, 0xd0, 0x01, 0x21, 0xc9, 0x02, 0x41, 0x60, 0x03, 0xb0,
  0xf0, 0xbd, 0x00, 0xbf, 0x14, 0x2d, 0x00, 0x00, 0xf0, 0xb5, 0x83, 0xb0,
  0x05, 0x46, 0x50, 0x26, 0x72, 0xb6, 0x1b, 0x4f, 0xa8, 0x00, 0xc4, 0x59,
  0x60, 0x68, 0xc1, 0x07, 0xc9, 0x0f, 0x01, 0x91, 0x38, 0xd1, 0x0c, 0x20,
  0x17, 0x49, 0x68, 0x43, 0x09, 0x18, 0x68, 0x46, 0x02, 0x30, 0x01, 0xf0,
  0x17, 0xfa, 0x06, 0x46, 0x05, 0x28, 0x03, 0xd0, 0x68, 0x46, 0x40, 0x88,
  0x60, 0x61, 0x29, 0xe0, 0x10, 0x2d, 0x18, 0xd2, 0x28, 0x46, 0x00, 0xf0,
  0x81, 0xfc, 0x0f, 0x49, 0x08, 0x5c, 0x0f, 0x4a, 0x81, 0x06, 0x89, 0x0e,
  0x89, 0x18, 0x05, 0x22, 0x0a, 0x70, 0x09, 0x78, 0x05, 0x29, 0xf6, 0xd1,
  0x0b, 0x4a, 0xe1, 0x68, 0x11, 0x40, 0xe1, 0x60, 0x08, 0x49, 0x80, 0x06,
  0x80, 0x0e, 0x40, 0x18, 0x00, 0x21, 0x01, 0x70, 0x0e, 0xe0, 0x06, 0x49,
  0xe0, 0x68, 0x08, 0x40, 0xe0, 0x60, 0x09, 0xe0, 0xac, 0x2d, 0x00, 0x00,
  0x6c, 0x55, 0x00, 0x00, 0xf4, 0x2b, 0x00, 0x00, 0x00, 0x00, 0xc2, 0x43,
  0xff, 0xfd, 0xff, 0xff, 0x62, 0xb6, 0x05, 0x2e, 0x02, 0xd0, 0x01, 0x99,
  0xc8, 0x07, 0xb7, 0xd0, 0xa9, 0x00, 0xc8, 0x59, 0x04, 0x30, 0x01, 0x21,
  0x49, 0x02, 0x01, 0x60, 0x03, 0xb0, 0xf0, 0xbd, 0x70, 0xb5, 0x82, 0xb0,
  0x06, 0x46, 0x01, 0xaa, 0x51, 0x80, 0x0c, 0x20, 0x15, 0x4a, 0x70, 0x43,
  0x11, 0x18, 0x01, 0xa8, 0x02, 0x30, 0x01, 0xf0, 0x8d, 0xf9, 0x13, 0x4a,
  0xb0, 0x00, 0x01, 0x25, 0x6d, 0x02, 0x84, 0x58, 0x65, 0x60, 0x10, 0x2e,
  0x17, 0xd2, 0x30, 0x46, 0x00, 0xf0, 0x36, 0xfc, 0x0e, 0x4a, 0x12, 0x5c,
  0x0e, 0x4b, 0x90, 0x06, 0x80, 0x0e, 0xc0, 0x18, 0x05, 0x23, 0x03, 0x70,
  0x00, 0x78, 0x05, 0x28, 0xf6, 0xd1, 0xe0, 0x68, 0x28, 0x43, 0xe0, 0x60,
  0x90, 0x06, 0x08, 0x4a, 0x80, 0x0e, 0x80, 0x18, 0x00, 0x22, 0x02, 0x70,
  0x02, 0xe0, 0xe0, 0x68, 0x28, 0x43, 0xe0, 0x60, 0x02, 0xb0, 0x70, 0xbd,
  0x6c, 0x55, 0x00, 0x00, 0xac, 0x2d, 0x00, 0x00, 0xf4, 0x2b, 0x00, 0x00,
  0x00, 0x00, 0xc2, 0x43, 0x4e, 0x20, 0x70, 0x47, 0x70, 0x47, 0x00, 0x00,
  0x34, 0xb5, 0xff, 0x23, 0x99, 0x33, 0x05, 0x4a, 0x59, 0x43, 0x8c, 0x18,
  0x21, 0x68, 0xff, 0xf7, 0xf3, 0xff, 0xff, 0x25, 0x96, 0x35, 0x60, 0x55,
  0x34, 0xbd, 0x00, 0xbf, 0xe0, 0x9d, 0x03, 0x21, 0xf0, 0xb5, 0x83, 0xb0,
  0x1a, 0x49, 0x00, 0x01, 0x09, 0x18, 0x8c, 0x88, 0x19, 0x4f, 0xa0, 0x00,
  0xc0, 0x19, 0x05, 0x88, 0x18, 0x4e, 0xa8, 0x00, 0x80, 0x19, 0x00, 0x78,
  0x01, 0x90, 0xa8, 0x00, 0x83, 0x19, 0x1a, 0x78, 0xf7, 0x20, 0x02, 0x40,
  0x1a, 0x70, 0x1a, 0x78, 0xfd, 0x20, 0x02, 0x40, 0x1a, 0x70, 0xc9, 0x88,
  0x20, 0x46, 0x2a, 0x46, 0xfe, 0xf7, 0xe8, 0xff, 0x4e, 0x28, 0x07, 0xd1,
  0x0e, 0x49, 0xa0, 0x00, 0xc0, 0x19, 0xc0, 0x78, 0x40, 0x00, 0x42, 0x5a,
  0x01, 0x32, 0x42, 0x52, 0xa9, 0x00, 0x88, 0x19, 0x01, 0x99, 0x01, 0x70,
  0xa0, 0x00, 0xc0, 0x19, 0x80, 0x78, 0x00, 0x28, 0x03, 0xd1, 0x20, 0x46,
  0x00, 0x21, 0xff, 0xf7, 0xdf, 0xf9, 0x03, 0xb0, 0xf0, 0xbd, 0x00, 0xbf,
  0x9c, 0x7d, 0x04, 0x21, 0xf0, 0xc8, 0x03, 0x21, 0x90, 0x41, 0x04, 0x21,
  0x74, 0x56, 0x00, 0x00, 0xf0, 0xb5, 0x84, 0xb0, 0x03, 0x90, 0x02, 0x91,
  0x01, 0x92, 0x36, 0x49, 0xc8, 0x5c, 0x00, 0x90, 0x35, 0x4e, 0x85, 0x06,
  0xad, 0x0e, 0xad, 0x19, 0x05, 0x26, 0x2e, 0x70, 0x2d, 0x78, 0x05, 0x2d,
  0xf6, 0xd1, 0x34, 0x24, 0x31, 0x48, 0x5c, 0x43, 0x04, 0x19, 0x14, 0x25,
  0x2d, 0x19, 0x30, 0x48, 0x6a, 0x1c, 0x9c, 0x00, 0x21, 0x58, 0x8e, 0x68,
  0xf4, 0x07, 0x49, 0xd1, 0x2d, 0x4c, 0x02, 0x20, 0x06, 0x40, 0x28, 0xd1,
  0x02, 0xb4, 0x17, 0x78, 0x18, 0x01, 0x1e, 0x18, 0xbf, 0x19, 0x0c, 0x20,
  0x47, 0x43, 0x02, 0x99, 0xe7, 0x19, 0x38, 0x79, 0x88, 0x42, 0x02, 0xbc,
  0x1b, 0xd1, 0x02, 0xb4, 0x78, 0x78, 0x03, 0x99, 0x88, 0x42, 0x02, 0xbc,
  0x15, 0xd1, 0x02, 0xb4, 0x38, 0x78, 0x04, 0x99, 0x88, 0x42, 0x02, 0xbc,
  0x0f, 0xd1, 0x20, 0x48, 0x7f, 0x88, 0x87, 0x42, 0x0b, 0xd2, 0x13, 0x78,
  0x9b, 0x19, 0x0c, 0x21, 0x4b, 0x43, 0xe3, 0x18, 0x59, 0x88, 0x81, 0x42,
  0x20, 0xd2, 0x5c, 0x88, 0x01, 0x34, 0x5c, 0x80, 0x1c, 0xe0, 0x18, 0x01,
  0x1b, 0x18, 0x28, 0x78, 0xc3, 0x18, 0x0c, 0x20, 0x43, 0x43, 0x02, 0x98,
  0x1b, 0x19, 0x58, 0x70, 0x03, 0x98, 0x18, 0x70, 0x01, 0x20, 0x58, 0x80,
  0x01, 0x98, 0x18, 0x71, 0x02, 0x20, 0x18, 0x72, 0x2b, 0x78, 0x4b, 0x61,
  0x2b, 0x78, 0x13, 0x70, 0x2b, 0x78, 0x01, 0x33, 0x2b, 0x70, 0x2b, 0x78,
  0x11, 0x2b, 0x01, 0xd1, 0x00, 0x20, 0x28, 0x70, 0x00, 0x9c, 0xa3, 0x06,
  0x04, 0x4c, 0x9b, 0x0e, 0x1b, 0x19, 0x00, 0x20, 0x18, 0x70, 0x04, 0xb0,
  0xf0, 0xbd, 0x00, 0xbf, 0x96, 0x2c, 0x00, 0x00, 0x00, 0x00, 0xc2, 0x43,
  0x9c, 0xbd, 0x04, 0x21, 0x0c, 0x2d, 0x00, 0x00, 0xa8, 0xa2, 0x03, 0x21,
  0xff, 0xff, 0x00, 0x00, 0xf0, 0xb5, 0x84, 0xb0, 0x03, 0x90, 0x02, 0x91,
  0x01, 0x92, 0x37, 0x49, 0xc8, 0x5c, 0x00, 0x90, 0x36, 0x4e, 0x85, 0x06,
  0xad, 0x0e, 0xad, 0x19, 0x05, 0x26, 0x2e, 0x70, 0x2d, 0x78, 0x05, 0x2d,
  0xf6, 0xd1, 0x34, 0x24, 0x32, 0x48, 0x5c, 0x43, 0x04, 0x19, 0x10, 0x25,
  0x2d, 0x19, 0x02, 0x35, 0x22, 0x46, 0x30, 0x48, 0x13, 0x32, 0x9c, 0x00,
  0x21, 0x58, 0x8e, 0x68, 0xf4, 0x07, 0x49, 0xd1, 0x2d, 0x4c, 0x02, 0x20,
  0x06, 0x40, 0x28, 0xd1, 0x02, 0xb4, 0x17, 0x78, 0x18, 0x01, 0x1e, 0x18,
  0xbf, 0x19, 0x0c, 0x20, 0x47, 0x43, 0x02, 0x99, 0xe7, 0x19, 0x38, 0x79,
  0x88, 0x42, 0x02, 0xbc, 0x1b, 0xd1, 0x02, 0xb4, 0x78, 0x78, 0x03, 0x99,
  0x88, 0x42, 0x02, 0xbc, 0x15, 0xd1, 0x02, 0xb4, 0x38, 0x78, 0x04, 0x99,
  0x88, 0x42, 0x02, 0xbc, 0x0f, 0xd1, 0x20, 0x48, 0x7f, 0x88, 0x87, 0x42,
  0x0b, 0xd2, 0x13, 0x78, 0x9b, 0x19, 0x0c, 0x21, 0x4b, 0x43, 0xe3, 0x18,
  0x59, 0x88, 0x81, 0x42, 0x20, 0xd2, 0x5c, 0x88, 0x01, 0x34, 0x5c, 0x80,
  0x1c, 0xe0, 0x18, 0x01, 0x1b, 0x18, 0x28, 0x78, 0xc3, 0x18, 0x0c, 0x20,
  0x43, 0x43, 0x02, 0x98, 0x1b, 0x19, 0x58, 0x70, 0x03, 0x98, 0x18, 0x70,
  0x01, 0x20, 0x58, 0x80, 0x01, 0x98, 0x18, 0x71, 0x02, 0x20, 0x18, 0x72,
  0x2b, 0x78, 0x4b, 0x61, 0x2b, 0x78, 0x13, 0x70, 0x2b, 0x78, 0x01, 0x33,
  0x2b, 0x70, 0x2b, 0x78, 0x11, 0x2b, 0x01, 0xd1, 0x00, 0x20, 0x28, 0x70,
  0x00, 0x9c, 0xa3, 0x06, 0x04, 0x4c, 0x9b, 0x0e, 0x1b, 0x19, 0x00, 0x20,
  0x18, 0x70, 0x04, 0xb0, 0xf0, 0xbd, 0x00, 0xbf, 0x94, 0x2c, 0x00, 0x00,
  0x00, 0x00, 0xc2, 0x43, 0x9c, 0xbd, 0x04, 0x21, 0x04, 0x2d, 0x00, 0x00,
  0x10, 0xa1, 0x03, 0x21, 0xff, 0xff, 0x00, 0x00, 0x34, 0x22, 0x50, 0x43,
  0x08, 0x4a, 0x10, 0x18, 0x00, 0x22, 0x82, 0x74, 0xc2, 0x74, 0x02, 0x75,
  0x02, 0x75, 0x18, 0x30, 0x0a, 0x46, 0x18, 0x32, 0x0b, 0x68, 0x03, 0x60,
  0x04, 0x31, 0x04, 0x30, 0x8a, 0x42, 0xf9, 0xd1, 0x70, 0x47, 0x00, 0xbf,
  0x9c, 0xbd, 0x04, 0x21, 0xf0, 0xb5, 0x84, 0xb0, 0x03, 0x90, 0x02, 0x91,
  0x31, 0x4b, 0x98, 0x5c, 0x01, 0x90, 0x31, 0x4d, 0x84, 0x06, 0xa4, 0x0e,
  0x64, 0x19, 0x05, 0x25, 0x25, 0x70, 0x24, 0x78, 0x05, 0x2c, 0xf6, 0xd1,
  0x34, 0x23, 0x2d, 0x48, 0x53, 0x43, 0xc3, 0x18, 0x14, 0x24, 0xe4, 0x18,
  0x2b, 0x48, 0x66, 0x1c, 0x93, 0x00, 0x19, 0x58, 0x8d, 0x68, 0xeb, 0x07,
  0x40, 0xd1, 0x29, 0x4b, 0x02, 0x20, 0x05, 0x40, 0x22, 0xd1, 0x02, 0xb4,
  0x37, 0x78, 0x10, 0x01, 0x15, 0x18, 0x7f, 0x19, 0x0c, 0x20, 0x47, 0x43,
  0x03, 0x99, 0xdf, 0x19, 0x78, 0x78, 0x88, 0x42, 0x02, 0xbc, 0x15, 0xd1,
  0x02, 0xb4, 0x38, 0x78, 0x04, 0x99, 0x88, 0x42, 0x02, 0xbc, 0x0f, 0xd1,
  0x1e, 0x48, 0x7f, 0x88, 0x87, 0x42, 0x0b, 0xd2, 0x32, 0x78, 0x52, 0x19,
  0x0c, 0x21, 0x4a, 0x43, 0x9a, 0x18, 0x53, 0x88, 0x83, 0x42, 0x1d, 0xd2,
  0x53, 0x88, 0x01, 0x33, 0x53, 0x80, 0x19, 0xe0, 0x10, 0x01, 0x12, 0x18,
  0x20, 0x78, 0x82, 0x18, 0x0c, 0x20, 0x42, 0x43, 0x02, 0x98, 0xd2, 0x18,
  0x50, 0x70, 0x03, 0x98, 0x01, 0x23, 0x10, 0x70, 0x53, 0x80, 0x13, 0x72,
  0x22, 0x78, 0x4a, 0x61, 0x22, 0x78, 0x32, 0x70, 0x22, 0x78, 0x01, 0x32,
  0x22, 0x70, 0x22, 0x78, 0x11, 0x2a, 0x01, 0xd1, 0x00, 0x20, 0x20, 0x70,
  0x01, 0x9b, 0x9a, 0x06, 0x04, 0x4b, 0x92, 0x0e, 0xd2, 0x18, 0x00, 0x20,
  0x10, 0x70, 0x04, 0xb0, 0xf0, 0xbd, 0x00, 0xbf, 0x96, 0x2c, 0x00, 0x00,
  0x00, 0x00, 0xc2, 0x43, 0x9c, 0xbd, 0x04, 0x21, 0x0c, 0x2d, 0x00, 0x00,
  0xa8, 0xa2, 0x03, 0x21, 0xff, 0xff, 0x00, 0x00, 0xf0, 0xb5, 0x84, 0xb0,
  0x03, 0x90, 0x02, 0x91, 0x31, 0x4b, 0x98, 0x5c, 0x01, 0x90, 0x31, 0x4d,
  0x84, 0x06, 0xa4, 0x0e, 0x64, 0x19, 0x05, 0x25, 0x25, 0x70, 0x24, 0x78,
  0x05, 0x2c, 0xf6, 0xd1, 0x34, 0x23, 0x2d, 0x48, 0x53, 0x43, 0xc3, 0x18,
  0x10, 0x24, 0xe4, 0x18, 0x02, 0x34, 0x2b, 0x48, 0x66, 0x1c, 0x93, 0x00,
  0x19, 0x58, 0x8d, 0x68, 0xeb, 0x07, 0x40, 0xd1, 0x28, 0x4b, 0x02, 0x20,
  0x05, 0x40, 0x22, 0xd1, 0x02, 0xb4, 0x37, 0x78, 0x10, 0x01, 0x15, 0x18,
  0x7f, 0x19, 0x0c, 0x20, 0x47, 0x43, 0x03, 0x99, 0xdf, 0x19, 0x78, 0x78,
  0x88, 0x42, 0x02, 0xbc, 0x15, 0xd1, 0x02, 0xb4, 0x38, 0x78, 0x04, 0x99,
  0x88, 0x42, 0x02, 0xbc, 0x0f, 0xd1, 0x1e, 0x48, 0x7f, 0x88, 0x87, 0x42,
  0x0b, 0xd2, 0x32, 0x78, 0x52, 0x19, 0x0c, 0x21, 0x4a, 0x43, 0x9a, 0x18,
  0x53, 0x88, 0x83, 0x42, 0x1d, 0xd2, 0x53, 0x88, 0x01, 0x33, 0x53, 0x80,
  0x19, 0xe0, 0x10, 0x01, 0x12, 0x18, 0x20, 0x78, 0x82, 0x18, 0x0c, 0x20,
  0x42, 0x43, 0x02, 0x98, 0xd2, 0x18, 0x50, 0x70, 0x03, 0x98, 0x01, 0x23,
  0x10, 0x70, 0x53, 0x80, 0x13, 0x72, 0x22, 0x78, 0x4a, 0x61, 0x22, 0x78,
  0x32, 0x70, 0x22, 0x78, 0x01, 0x32, 0x22, 0x70, 0x22, 0x78, 0x11, 0x2a,
  0x01, 0xd1, 0x00, 0x20, 0x20, 0x70, 0x01, 0x9b, 0x9a, 0x06, 0x04, 0x4b,
  0x92, 0x0e, 0xd2, 0x18, 0x00, 0x20, 0x10, 0x70, 0x04, 0xb0, 0xf0, 0xbd,
  0x94, 0x2c, 0x00, 0x00, 0x00, 0x00, 0xc2, 0x43, 0x9c, 0xbd, 0x04, 0x21,
  0x04, 0x2d, 0x00, 0x00, 0x10, 0xa1, 0x03, 0x21, 0xff, 0xff, 0x00, 0x00,
  0x70, 0xb5, 0x05, 0x46, 0x0e, 0x46, 0x00, 0x24, 0x34, 0x20, 0x0e, 0x49,
  0x60, 0x43, 0x40, 0x18, 0x30, 0x21, 0x09, 0x5c, 0x01, 0x29, 0x10, 0xd1,
  0xc1, 0x7e, 0x02, 0x29, 0x05, 0xd1, 0x22, 0x46, 0x31, 0x46, 0x28, 0x46,
  0xff, 0xf7, 0x78, 0xff, 0x07, 0xe0, 0xc0, 0x7e, 0x03, 0x28, 0x04, 0xd1,
  0x22, 0x46, 0x31, 0x46, 0x28, 0x46, 0xff, 0xf7, 0xfb, 0xfe, 0x01, 0x34,
  0x02, 0x2c, 0xe3, 0xd3, 0x70, 0xbd, 0x00, 0xbf, 0x9c, 0xbd, 0x04, 0x21,
  0x70, 0xb5, 0x51, 0x4c, 0x30, 0x23, 0x1b, 0x5d, 0x01, 0x2b, 0x17, 0xd1,
  0x10, 0x2a, 0x04, 0xd2, 0xe5, 0x88, 0x93, 0x40, 0x2b, 0x40, 0x11, 0xd0,
  0x0e, 0xe0, 0x10, 0x23, 0xd5, 0x1a, 0xed, 0xb2, 0x01, 0x23, 0xab, 0x40,
  0x65, 0x89, 0x1d, 0x40, 0x01, 0xd0, 0x65, 0x28, 0x04, 0xd0, 0x25, 0x89,
  0x2b, 0x40, 0x03, 0xd0, 0x66, 0x28, 0x01, 0xd1, 0x00, 0x23, 0x1c, 0xe0,
  0x25, 0x46, 0x34, 0x35, 0x30, 0x23, 0x5b, 0x5d, 0x01, 0x2b, 0x7e, 0xd1,
  0x10, 0x2a, 0x04, 0xd2, 0xed, 0x88, 0x93, 0x40, 0x2b, 0x40, 0x78, 0xd0,
  0x0e, 0xe0, 0x10, 0x23, 0xd6, 0x1a, 0xf6, 0xb2, 0x01, 0x23, 0xb3, 0x40,
  0x6e, 0x89, 0x1e, 0x40, 0x01, 0xd0, 0x65, 0x28, 0x04, 0xd0, 0x2d, 0x89,
  0x2b, 0x40, 0x6a, 0xd0, 0x66, 0x28, 0x68, 0xd1, 0x01, 0x23, 0x02, 0x29,
  0x17, 0xd3, 0x2e, 0x29, 0x0f, 0xd9, 0x32, 0x29, 0x13, 0xd3, 0x40, 0x29,
  0x0d, 0xd9, 0x4e, 0x29, 0x0f, 0xd3, 0x52, 0x29, 0x0b, 0xd9, 0x5f, 0x29,
  0x0b, 0xd3, 0x63, 0x29, 0x09, 0xd8, 0x2d, 0x4e, 0x8d, 0x19, 0x2d, 0x78,
  0x06, 0xe0, 0x2c, 0x4e, 0xfa, 0xe7, 0x2c, 0x4e, 0xf8, 0xe7, 0x2c, 0x4e,
  0xf6, 0xe7, 0x04, 0x25, 0x01, 0x2d, 0x3f, 0xd3, 0x1f, 0xd0, 0x03, 0x2d,
  0x13, 0xd3, 0x31, 0xd0, 0x05, 0x2d, 0x02, 0xd0, 0x07, 0x2d, 0x22, 0xd0,
  0x36, 0xe0, 0x34, 0x25, 0x5d, 0x43, 0x2c, 0x19, 0x1c, 0x34, 0xa5, 0x5c,
  0x02, 0x2d, 0x02, 0xd1, 0xff, 0xf7, 0xf4, 0xfd, 0x37, 0xe0, 0xa4, 0x5c,
  0x03, 0x2c, 0x34, 0xd1, 0x31, 0xe0, 0x34, 0x25, 0x5d, 0x43, 0x2c, 0x19,
  0x65, 0x7e, 0x02, 0x2d, 0xf2, 0xd0, 0x64, 0x7e, 0x03, 0x2c, 0x2a, 0xd1,
  0x27, 0xe0, 0x34, 0x25, 0x5d, 0x43, 0x2c, 0x19, 0x25, 0x7e, 0x02, 0x2d,
  0xe8, 0xd0, 0x24, 0x7e, 0x03, 0x2c, 0x20, 0xd1, 0x1d, 0xe0, 0x34, 0x25,
  0x5d, 0x43, 0x2e, 0x19, 0x2c, 0x36, 0x35, 0x78, 0x02, 0x2d, 0xdd, 0xd0,
  0x34, 0x78, 0x03, 0x2c, 0x15, 0xd1, 0x12, 0xe0, 0x34, 0x25, 0x5d, 0x43,
  0x2c, 0x19, 0xa5, 0x7e, 0x02, 0x2d, 0xd3, 0xd0, 0xa4, 0x7e, 0x03, 0x2c,
  0x0b, 0xd1, 0x08, 0xe0, 0x34, 0x25, 0x5d, 0x43, 0x2c, 0x19, 0xe5, 0x7e,
  0x02, 0x2d, 0xc9, 0xd0, 0xe4, 0x7e, 0x03, 0x2c, 0x01, 0xd1, 0xff, 0xf7,
  0x3d, 0xfd, 0x70, 0xbd, 0x9c, 0xbd, 0x04, 0x21, 0x4e, 0x2c, 0x00, 0x00,
  0xb0, 0x2c, 0x00, 0x00, 0xad, 0x2c, 0x00, 0x00, 0x5a, 0x2c, 0x00, 0x00,
  0x00, 0x21, 0xc1, 0x60, 0x01, 0x68, 0x01, 0x60, 0x01, 0x68, 0x01, 0x23,
  0x19, 0x43, 0x01, 0x60, 0x01, 0x68, 0x04, 0x23, 0x19, 0x43, 0x01, 0x60,
  0x01, 0x68, 0x08, 0x22, 0x11, 0x43, 0x01, 0x60, 0x01, 0x68, 0x10, 0x22,
  0x11, 0x43, 0x01, 0x60, 0x41, 0x68, 0x41, 0x60, 0x81, 0x68, 0x81, 0x60,
  0x70, 0x47, 0x00, 0x21, 0xc1, 0x60, 0x01, 0x68, 0x01, 0x60, 0x01, 0x68,
  0x10, 0x22, 0x11, 0x43, 0x01, 0x60, 0x41, 0x68, 0x41, 0x60, 0x81, 0x68,
  0x81, 0x60, 0x70, 0x47, 0x10, 0xb5, 0x0c, 0x1c, 0x11, 0x04, 0x09, 0x0c,
  0x10, 0x29, 0x02, 0xd1, 0x01, 0x69, 0x21, 0x43, 0x01, 0xe0, 0x01, 0x69,
  0xa1, 0x43, 0x01, 0x61, 0x10, 0xbd, 0x70, 0xb5, 0x82, 0xb0, 0x05, 0x46,
  0x0e, 0x46, 0x00, 0x92, 0x01, 0x93, 0x00, 0x24, 0x07, 0xe0, 0xa0, 0x00,
  0x00, 0x99, 0x01, 0x9a, 0x80, 0x59, 0xff, 0xf7, 0xe5, 0xff, 0x01, 0x34,
  0xe4, 0xb2, 0xac, 0x42, 0xf5, 0xd3, 0x02, 0xb0, 0x70, 0xbd, 0x00, 0x00,
  0x00, 0x20, 0x02, 0x49, 0x08, 0x80, 0x02, 0x49, 0x08, 0x60, 0x70, 0x47,
  0x94, 0x5a, 0x00, 0x00, 0x98, 0x5a, 0x00, 0x00, 0x01, 0x49, 0x08, 0x88,
  0x70, 0x47, 0x00, 0xbf, 0x94, 0x5a, 0x00, 0x00, 0x03, 0x4a, 0x88, 0x42,
  0x02, 0xd2, 0x00, 0x20, 0x10, 0x80, 0x00, 0xe0, 0x11, 0x80, 0x70, 0x47,
  0x94, 0x5a, 0x00, 0x00, 0xf0, 0xb5, 0x83, 0xb0, 0x17, 0x46, 0x4e, 0x22,
  0x01, 0x92, 0x1d, 0x07, 0x2d, 0x0f, 0x6a, 0x00, 0xd2, 0x5b, 0x10, 0x2a,
  0x22, 0xd9, 0x17, 0x4e, 0x01, 0x24, 0x32, 0x68, 0x9c, 0x40, 0x22, 0x40,
  0x94, 0x42, 0x18, 0xd0, 0x0c, 0x22, 0x5a, 0x43, 0x13, 0x18, 0x6d, 0x00,
  0xe8, 0x5b, 0x12, 0x4e, 0x10, 0x38, 0x82, 0xb2, 0x30, 0x88, 0x40, 0x00,
  0x08, 0x18, 0x02, 0x21, 0x00, 0xf0, 0x74, 0xfd, 0x0c, 0x48, 0x00, 0x68,
  0x0b, 0x49, 0x20, 0x43, 0x08, 0x60, 0xe9, 0x5b, 0x30, 0x88, 0x10, 0x39,
  0x40, 0x18, 0x30, 0x80, 0x0a, 0xe0, 0x4f, 0x21, 0x01, 0x91, 0x07, 0xe0,
  0x0c, 0x21, 0x59, 0x43, 0x0b, 0x18, 0x00, 0x22, 0x02, 0x21, 0x10, 0x46,
  0x00, 0xf0, 0x5e, 0xfd, 0x01, 0x98, 0x03, 0xb0, 0xf0, 0xbd, 0x00, 0xbf,
  0x98, 0x5a, 0x00, 0x00, 0x94, 0x5a, 0x00, 0x00, 0x04, 0xb5, 0x00, 0xf0,
  0x62, 0xfe, 0x04, 0xbd, 0x01, 0x21, 0x03, 0x4a, 0x81, 0x40, 0x10, 0x68,
  0x88, 0x43, 0x10, 0x60, 0x70, 0x47, 0x00, 0xbf, 0x98, 0x5a, 0x00, 0x00,
  0x30, 0xb5, 0x01, 0x46, 0x17, 0x4a, 0x18, 0x4c, 0x13, 0x68, 0x4f, 0x20,
  0xa3, 0x42, 0x28, 0xd1, 0x52, 0x68, 0x13, 0x68, 0xa3, 0x42, 0x24, 0xd1,
  0x0a, 0x60, 0x10, 0x46, 0x48, 0x30, 0x48, 0x60, 0x09, 0x24, 0xff, 0x34,
  0xc0, 0x30, 0x88, 0x60, 0x10, 0x79, 0xc3, 0x00, 0x1b, 0x19, 0x9c, 0x18,
  0xcc, 0x60, 0x00, 0x01, 0x1b, 0x18, 0x98, 0x18, 0x08, 0x61, 0x50, 0x79,
  0x28, 0x24, 0x60, 0x43, 0x1b, 0x18, 0x98, 0x18, 0x48, 0x61, 0x00, 0x20,
  0x95, 0x1d, 0x44, 0x00, 0x64, 0x19, 0x24, 0x88, 0x14, 0x25, 0x6c, 0x43,
  0x1b, 0x19, 0x01, 0x30, 0x10, 0x28, 0xf5, 0xd3, 0x98, 0x18, 0x88, 0x61,
  0x4e, 0x20, 0x30, 0xbd, 0x00, 0x00, 0x00, 0x21, 0x4c, 0x4c, 0x43, 0x45,
  0x40, 0x68, 0x00, 0x0e, 0x70, 0x47, 0x00, 0x00, 0x10, 0x28, 0x02, 0xd2,
  0x02, 0x49, 0x08, 0x5c, 0x00, 0xe0, 0x00, 0x20, 0x70, 0x47, 0x00, 0xbf,
  0xee, 0x2c, 0x00, 0x00, 0x01, 0x46, 0x00, 0x20, 0x0c, 0x4b, 0x10, 0x29,
  0x06, 0xd2, 0x34, 0x33, 0x01, 0x22, 0x8a, 0x40, 0xd9, 0x88, 0x11, 0x40,
  0x0e, 0xd0, 0x0c, 0xe0, 0x10, 0x22, 0x8a, 0x1a, 0xd2, 0xb2, 0x34, 0x33,
  0x01, 0x21, 0x91, 0x40, 0x5a, 0x89, 0x1b, 0x89, 0x0a, 0x40, 0x19, 0x40,
  0x01, 0xd1, 0x00, 0x2a, 0x00, 0xd0, 0x01, 0x20, 0x70, 0x47, 0x00, 0xbf,
  0x9c, 0xbd, 0x04, 0x21, 0xf0, 0xb5, 0x82, 0xb0, 0x01, 0x90, 0x18, 0x4e,
  0x75, 0x5c, 0x18, 0x4b, 0xaa, 0x06, 0x92, 0x0e, 0xd2, 0x18, 0x09, 0x20,
  0x10, 0x70, 0x12, 0x78, 0x09, 0x2a, 0xf6, 0xd1, 0x14, 0x4c, 0x01, 0x9a,
  0x92, 0x00, 0x12, 0x59, 0x13, 0x4f, 0x0c, 0x32, 0x14, 0x68, 0x3c, 0x40,
  0x14, 0x60, 0x00, 0x22, 0xac, 0x06, 0xa4, 0x0e, 0xe4, 0x18, 0x22, 0x70,
  0x71, 0x18, 0x89, 0x78, 0x8c, 0x06, 0xa4, 0x0e, 0xe4, 0x18, 0x20, 0x70,
  0x24, 0x78, 0x09, 0x2c, 0xf8, 0xd1, 0x0b, 0x4c, 0x01, 0x98, 0x80, 0x00,
  0x04, 0x59, 0x0c, 0x34, 0x25, 0x68, 0x3d, 0x40, 0x25, 0x60, 0x89, 0x06,
  0x89, 0x0e, 0xc9, 0x18, 0x0a, 0x70, 0x02, 0xb0, 0xf0, 0xbd, 0x00, 0xbf,
  0xfe, 0x2c, 0x00, 0x00, 0x00, 0x00, 0xc2, 0x43, 0xac, 0x2d, 0x00, 0x00,
  0xff, 0xf7, 0xff, 0xff, 0x04, 0x2e, 0x00, 0x00, 0xf0, 0xb5, 0x82, 0xb0,
  0x01, 0x90, 0x19, 0x4b, 0x82, 0x00, 0xd2, 0x58, 0x18, 0x4e, 0x93, 0x68,
  0x93, 0x60, 0x75, 0x5c, 0x17, 0x4b, 0xac, 0x06, 0xa4, 0x0e, 0xe4, 0x18,
  0x09, 0x20, 0x20, 0x70, 0x24, 0x78, 0x09, 0x2c, 0xf6, 0xd1, 0x01, 0x27,
  0xff, 0x02, 0xd4, 0x68, 0x3c, 0x43, 0xd4, 0x60, 0xaa, 0x06, 0x92, 0x0e,
  0xd2, 0x18, 0x00, 0x24, 0x14, 0x70, 0x0f, 0x4c, 0x01, 0x9a, 0x92, 0x00,
  0x12, 0x59, 0x94, 0x68, 0x94, 0x60, 0x71, 0x18, 0x89, 0x78, 0x8c, 0x06,
  0xa4, 0x0e, 0xe4, 0x18, 0x20, 0x70, 0x24, 0x78, 0x09, 0x2c, 0xf8, 0xd1,
  0xd4, 0x68, 0x3c, 0x43, 0xd4, 0x60, 0x89, 0x06, 0x89, 0x0e, 0xc9, 0x18,
  0x00, 0x20, 0x08, 0x70, 0x02, 0xb0, 0xf0, 0xbd, 0xac, 0x2d, 0x00, 0x00,
  0xfe, 0x2c, 0x00, 0x00, 0x00, 0x00, 0xc2, 0x43, 0x04, 0x2e, 0x00, 0x00,
  0xf0, 0xb5, 0x83, 0xb0, 0x05, 0x46, 0x0e, 0x46, 0x00, 0x92, 0x01, 0x93,
  0x00, 0x24, 0x10, 0xe0, 0xa0, 0x00, 0x00, 0x99, 0x01, 0x9a, 0x80, 0x59,
  0x00, 0xf0, 0x12, 0xf8, 0x01, 0x99, 0x07, 0x4f, 0x09, 0x04, 0x09, 0x0c,
  0x40, 0x00, 0xc7, 0x19, 0x38, 0x88, 0x08, 0x43, 0x38, 0x80, 0x01, 0x34,
  0xe4, 0xb2, 0xac, 0x42, 0xec, 0xd3, 0x03, 0xb0, 0xf0, 0xbd, 0x00, 0xbf,
  0x00, 0x50, 0xa1, 0x43, 0x60, 0xb5, 0x03, 0x46, 0x15, 0x1c, 0x00, 0x21,
  0x08, 0x46, 0x03, 0xe0, 0x01, 0x31, 0xc9, 0xb2, 0x14, 0x29, 0x10, 0xd2,
  0x08, 0x4e, 0xca, 0x00, 0xb2, 0x18, 0x16, 0x68, 0xb3, 0x42, 0xf5, 0xd8,
  0x14, 0x29, 0x08, 0xd2, 0x28, 0x04, 0x00, 0x0c, 0x10, 0x28, 0x03, 0xd1,
  0x10, 0x79, 0x0e, 0x30, 0xc0, 0xb2, 0x00, 0xe0, 0x10, 0x79, 0x60, 0xbd,
  0x5c, 0x2e, 0x00, 0x00, 0x10, 0xb5, 0x01, 0x46, 0x00, 0x22, 0x10, 0x46,
  0x03, 0xe0, 0x01, 0x32, 0xd2, 0xb2, 0x14, 0x2a, 0x09, 0xd2, 0x05, 0x4c,
  0xd3, 0x00, 0x1b, 0x59, 0x99, 0x42, 0xf6, 0xd8, 0x14, 0x2a, 0x02, 0xd2,
  0xd2, 0x00, 0xa0, 0x18, 0x40, 0x79, 0x10, 0xbd, 0x5c, 0x2e, 0x00, 0x00,
  0xc1, 0x06, 0xc9, 0x0e, 0x01, 0x22, 0x8a, 0x40, 0x03, 0x49, 0x40, 0x09,
  0x80, 0x00, 0x41, 0x18, 0x08, 0x68, 0x10, 0x43, 0x08, 0x60, 0x70, 0x47,
  0x00, 0xe1, 0x00, 0xe0, 0x07, 0x4b, 0x82, 0x07, 0xd2, 0x0e, 0x91, 0x40,
  0x80, 0x08, 0x80, 0x00, 0xc0, 0x18, 0xff, 0x23, 0x93, 0x40, 0xda, 0x43,
  0x03, 0x68, 0x1a, 0x40, 0x11, 0x43, 0x01, 0x60, 0x70, 0x47, 0x00, 0xbf,
  0x00, 0xe4, 0x00, 0xe0, 0x34, 0xb5, 0x04, 0x46, 0x0d, 0x46, 0xff, 0xf7,
  0xdb, 0xff, 0x29, 0x46, 0x20, 0x46, 0xff, 0xf7, 0xe5, 0xff, 0x34, 0xbd,
  0x34, 0xb5, 0x04, 0x46, 0x0d, 0x46, 0x72, 0xb6, 0x02, 0x4a, 0x11, 0x68,
  0xa0, 0x00, 0x08, 0x18, 0x05, 0x60, 0x01, 0xe0, 0x08, 0xed, 0x00, 0xe0,
  0x62, 0xb6, 0x34, 0xbd, 0x34, 0xb5, 0x02, 0x48, 0x00, 0x24, 0x05, 0x68,
  0x02, 0xe0, 0x00, 0xbf, 0x44, 0x60, 0xc2, 0x43, 0x72, 0xb6, 0x01, 0x20,
  0xa0, 0x40, 0x01, 0x46, 0x29, 0x40, 0x88, 0x42, 0x02, 0xd1, 0x20, 0x46,
  0xfe, 0xf7, 0x4e, 0xfe, 0x62, 0xb6, 0x01, 0x34, 0x10, 0x2c, 0xf1, 0xd3,
  0x34, 0xbd, 0x00, 0x00, 0x10, 0xb5, 0x11, 0x49, 0x0c, 0x68, 0x04, 0x21,
  0x21, 0x40, 0x02, 0xd0, 0x10, 0x20, 0xff, 0xf7, 0x17, 0xfa, 0x20, 0x07,
  0x02, 0xd5, 0x11, 0x20, 0xff, 0xf7, 0x12, 0xfa, 0xe0, 0x06, 0x02, 0xd5,
  0x12, 0x20, 0xff, 0xf7, 0x0d, 0xfa, 0xa0, 0x06, 0x02, 0xd5, 0x13, 0x20,
  0xff, 0xf7, 0x08, 0xfa, 0x60, 0x06, 0x02, 0xd5, 0x14, 0x20, 0xff, 0xf7,
  0x03, 0xfa, 0x20, 0x06, 0x02, 0xd5, 0x15, 0x20, 0xff, 0xf7, 0xfe, 0xf9,
  0x10, 0xbd, 0x00, 0xbf, 0x00, 0x40, 0xa1, 0x43, 0x10, 0xb5, 0x16, 0x49,
  0x0c, 0x68, 0xe0, 0x07, 0x02, 0xd0, 0x00, 0x20, 0xff, 0xf7, 0xf2, 0xf9,
  0x02, 0x21, 0x21, 0x40, 0x02, 0xd0, 0x01, 0x20, 0xff, 0xf7, 0xec, 0xf9,
  0x04, 0x21, 0x21, 0x40, 0x02, 0xd0, 0x02, 0x20, 0xff, 0xf7, 0xe6, 0xf9,
  0x20, 0x07, 0x02, 0xd5, 0x03, 0x20, 0xff, 0xf7, 0xe1, 0xf9, 0xe0, 0x06,
  0x02, 0xd5, 0x04, 0x20, 0xff, 0xf7, 0xdc, 0xf9, 0xa0, 0x06, 0x02, 0xd5,
  0x05, 0x20, 0xff, 0xf7, 0xd7, 0xf9, 0x60, 0x06, 0x02, 0xd5, 0x06, 0x20,
  0xff, 0xf7, 0xd2, 0xf9, 0x20, 0x06, 0x02, 0xd5, 0x07, 0x20, 0xff, 0xf7,
  0xcd, 0xf9, 0x10, 0xbd, 0x08, 0x40, 0xa1, 0x43, 0x10, 0xb5, 0x16, 0x49,
  0x0c, 0x68, 0xe0, 0x07, 0x02, 0xd0, 0x08, 0x20, 0xff, 0xf7, 0xc2, 0xf9,
  0x02, 0x21, 0x21, 0x40, 0x02, 0xd0, 0x09, 0x20, 0xff, 0xf7, 0xbc, 0xf9,
  0x04, 0x21, 0x21, 0x40, 0x02, 0xd0, 0x0a, 0x20, 0xff, 0xf7, 0xb6, 0xf9,
  0x20, 0x07, 0x02, 0xd5, 0x0b, 0x20, 0xff, 0xf7, 0xb1, 0xf9, 0xe0, 0x06,
  0x02, 0xd5, 0x0c, 0x20, 0xff, 0xf7, 0xac, 0xf9, 0xa0, 0x06, 0x02, 0xd5,
  0x0d, 0x20, 0xff, 0xf7, 0xa7, 0xf9, 0x60, 0x06, 0x02, 0xd5, 0x0e, 0x20,
  0xff, 0xf7, 0xa2, 0xf9, 0x20, 0x06, 0x02, 0xd5, 0x0f, 0x20, 0xff, 0xf7,
  0x9d, 0xf9, 0x10, 0xbd, 0x0c, 0x40, 0xa1, 0x43, 0x10, 0xb5, 0x0b, 0x49,
  0x0c, 0x68, 0xe0, 0x07, 0x02, 0xd0, 0x00, 0x20, 0xff, 0xf7, 0x4a, 0xf9,
  0x02, 0x21, 0x21, 0x40, 0x01, 0xd0, 0xfe, 0xf7, 0x29, 0xfb, 0x04, 0x21,
  0x21, 0x40, 0x02, 0xd0, 0x01, 0x20, 0xff, 0xf7, 0x3f, 0xf9, 0xe0, 0x06,
  0x01, 0xd5, 0xfe, 0xf7, 0xf5, 0xf9, 0x10, 0xbd, 0x28, 0x40, 0xa1, 0x43,
  0x04, 0xb5, 0x04, 0x49, 0x08, 0x68, 0x04, 0x21, 0x08, 0x40, 0x02, 0xd0,
  0x02, 0x20, 0xfe, 0xf7, 0xdf, 0xfc, 0x04, 0xbd, 0x9c, 0x40, 0xa1, 0x43,
  0x01, 0x68, 0x49, 0x08, 0x49, 0x00, 0x01, 0x60, 0x01, 0x68, 0x01, 0x22,
  0x11, 0x43, 0x01, 0x60, 0x70, 0x47, 0x00, 0x00, 0x34, 0xb5, 0x02, 0x88,
  0x4e, 0x24, 0x01, 0x23, 0x1b, 0x04, 0x13, 0x4d, 0x1a, 0x43, 0x2a, 0x60,
  0x0c, 0x22, 0x51, 0x43, 0x11, 0x4a, 0x51, 0x18, 0x00, 0xf0, 0x4a, 0xfb,
  0x10, 0x48, 0x00, 0x22, 0x01, 0x68, 0x08, 0xe0, 0x02, 0x68, 0x8a, 0x42,
  0x02, 0xd3, 0x02, 0x68, 0x52, 0x1a, 0x02, 0xe0, 0x02, 0x68, 0xcb, 0x43,
  0xd2, 0x18, 0x0b, 0x4d, 0x2b, 0x68, 0xdb, 0x07, 0x02, 0xd5, 0x1e, 0x2a,
  0xf0, 0xd3, 0x01, 0xe0, 0x1e, 0x2a, 0x04, 0xd3, 0x22, 0x21, 0x66, 0x20,
  0xff, 0xf7, 0x20, 0xfc, 0x22, 0x24, 0x20, 0x46, 0x34, 0xbd, 0x00, 0xbf,
  0x1c, 0x00, 0xa1, 0x43, 0xbc, 0x6a, 0x00, 0x00, 0x80, 0x6b, 0x00, 0x00,
  0x04, 0x00, 0xa1, 0x43, 0xf4, 0xb5, 0x4e, 0x24, 0xd0, 0x61, 0x21, 0x4d,
  0x00, 0x23, 0x2e, 0x68, 0x08, 0xe0, 0x2b, 0x68, 0xb3, 0x42, 0x02, 0xd3,
  0x2b, 0x68, 0x9b, 0x1b, 0x02, 0xe0, 0x2b, 0x68, 0xf7, 0x43, 0xdb, 0x19,
  0x57, 0x68, 0xff, 0x07, 0xff, 0x0f, 0x02, 0xd0, 0x1e, 0x2b, 0xf0, 0xd3,
  0x27, 0xe0, 0x1e, 0x2b, 0x25, 0xd2, 0x13, 0x6a, 0x00, 0x29, 0x13, 0x61,
  0x53, 0x6a, 0x53, 0x61, 0x93, 0x6a, 0x02, 0xd1, 0x13, 0x49, 0x0b, 0x40,
  0x02, 0xe0, 0x01, 0x21, 0xc9, 0x03, 0x0b, 0x43, 0x01, 0x21, 0x09, 0x04,
  0x93, 0x61, 0x08, 0x43, 0xd0, 0x61, 0x3b, 0x46, 0x2e, 0x68, 0x08, 0xe0,
  0x28, 0x68, 0xb0, 0x42, 0x02, 0xd3, 0x28, 0x68, 0x83, 0x1b, 0x02, 0xe0,
  0x2b, 0x68, 0xf0, 0x43, 0x1b, 0x18, 0x50, 0x68, 0xc0, 0x07, 0x02, 0xd5,
  0x1e, 0x2b, 0xf1, 0xd3, 0x01, 0xe0, 0x1e, 0x2b, 0x04, 0xd3, 0x22, 0x24,
  0x21, 0x46, 0x66, 0x20, 0xff, 0xf7, 0xd0, 0xfb, 0x20, 0x46, 0xf4, 0xbd,
  0x80, 0x6b, 0x00, 0x00, 0xff, 0x7f, 0xff, 0xff, 0x01, 0x49, 0x00, 0x20,
  0x08, 0x80, 0x70, 0x47, 0x9c, 0x5a, 0x00, 0x00, 0x01, 0x49, 0x08, 0x88,
  0x70, 0x47, 0x00, 0xbf, 0x9c, 0x5a, 0x00, 0x00, 0x03, 0x4a, 0x88, 0x42,
  0x02, 0xd2, 0x00, 0x20, 0x10, 0x80, 0x00, 0xe0, 0x11, 0x80, 0x70, 0x47,
  0x9c, 0x5a, 0x00, 0x00, 0x10, 0xb5, 0x04, 0x46, 0x0a, 0x48, 0x84, 0x42,
  0x01, 0xd1, 0x00, 0xf0, 0x4b, 0xf8, 0x20, 0x46, 0xff, 0xf7, 0x58, 0xff,
  0x20, 0x46, 0x00, 0xf0, 0x7d, 0xf8, 0x4e, 0x28, 0x07, 0xd1, 0x20, 0x46,
  0x00, 0xf0, 0xfc, 0xf8, 0x4e, 0x28, 0x02, 0xd1, 0x20, 0x46, 0x00, 0xf0,
  0x97, 0xf8, 0x10, 0xbd, 0x00, 0x00, 0xa1, 0x43, 0xf4, 0xb5, 0x06, 0x9c,
  0x4e, 0x25, 0x16, 0x4f, 0xe6, 0x7b, 0x24, 0x68, 0x38, 0x60, 0x78, 0x68,
  0x80, 0x09, 0x80, 0x01, 0x08, 0x43, 0x11, 0x04, 0x12, 0x4a, 0x78, 0x60,
  0x78, 0x68, 0x10, 0x40, 0x08, 0x43, 0x01, 0x21, 0xc9, 0x03, 0x78, 0x60,
  0x78, 0x68, 0x08, 0x43, 0x78, 0x60, 0x01, 0x2e, 0x08, 0xd3, 0x0c, 0xd0,
  0x02, 0x2e, 0x10, 0xd1, 0x0b, 0x4a, 0x21, 0x46, 0x18, 0x46, 0x00, 0xf0,
  0x45, 0xf9, 0x09, 0xe0, 0x09, 0x49, 0x18, 0x46, 0x00, 0xf0, 0xfe, 0xf8,
  0x04, 0xe0, 0x06, 0x4a, 0x21, 0x46, 0x18, 0x46, 0x00, 0xf0, 0x16, 0xf9,
  0x05, 0x46, 0x28, 0x46, 0xf4, 0xbd, 0x00, 0xbf, 0x14, 0x00, 0xa1, 0x43,
  0xff, 0xff, 0x00, 0xfc, 0xa0, 0x5a, 0x00, 0x00, 0xac, 0x5a, 0x00, 0x00,
  0x10, 0xb5, 0x0b, 0x4b, 0x0b, 0x4a, 0x0c, 0x48, 0x02, 0x21, 0x00, 0xf0,
  0x23, 0xfa, 0x0b, 0x4b, 0x08, 0x4a, 0x0b, 0x48, 0x02, 0x21, 0x00, 0xf0,
  0x1d, 0xfa, 0x00, 0x24, 0x20, 0x46, 0x00, 0xf0, 0x11, 0xf8, 0x01, 0x34,
  0x01, 0x20, 0x80, 0x02, 0x84, 0x42, 0xf7, 0xd3, 0x10, 0xbd, 0x00, 0xbf,
  0xac, 0x5a, 0x00, 0x00, 0x00, 0x02, 0x00, 0x00, 0xb8, 0x5a, 0x00, 0x00,
  0xa0, 0x5a, 0x00, 0x00, 0xb8, 0x5e, 0x00, 0x00, 0x00, 0xb5, 0x83, 0xb0,
  0x01, 0xa9, 0x48, 0x80, 0x01, 0x21, 0x49, 0x02, 0x80, 0xb2, 0x88, 0x42,
  0x01, 0xd2, 0x04, 0x49, 0x00, 0xe0, 0x04, 0x49, 0x01, 0xa8, 0x02, 0x30,
  0x00, 0xf0, 0x40, 0xfa, 0x03, 0xb0, 0x00, 0xbd, 0xac, 0x5a, 0x00, 0x00,
  0xa0, 0x5a, 0x00, 0x00, 0x70, 0xb5, 0x01, 0x46, 0x4e, 0x20, 0x00, 0x22,
  0x0e, 0x4b, 0x1c, 0x68, 0x0d, 0x68, 0x02, 0x26, 0xb5, 0x43, 0x0d, 0x60,
  0x08, 0xe0, 0x1a, 0x68, 0xa2, 0x42, 0x02, 0xd3, 0x1a, 0x68, 0x12, 0x1b,
  0x02, 0xe0, 0x1a, 0x68, 0xe5, 0x43, 0x52, 0x19, 0x4d, 0x68, 0xad, 0x07,
  0x02, 0xd5, 0x1e, 0x2a, 0xf1, 0xd3, 0x01, 0xe0, 0x1e, 0x2a, 0x04, 0xd3,
  0x20, 0x21, 0x66, 0x20, 0xff, 0xf7, 0x0a, 0xfb, 0x20, 0x20, 0x70, 0xbd,
  0x80, 0x6b, 0x00, 0x00, 0x70, 0xb5, 0x01, 0x46, 0x4e, 0x20, 0x00, 0x22,
  0x0e, 0x4b, 0x1c, 0x68, 0x0d, 0x68, 0x02, 0x26, 0x35, 0x43, 0x0d, 0x60,
  0x08, 0xe0, 0x1a, 0x68, 0xa2, 0x42, 0x02, 0xd3, 0x1a, 0x68, 0x12, 0x1b,
  0x02, 0xe0, 0x1a, 0x68, 0xe5, 0x43, 0x52, 0x19, 0x4d, 0x68, 0x35, 0x40,
  0x02, 0xd1, 0x1e, 0x2a, 0xf1, 0xd3, 0x01, 0xe0, 0x1e, 0x2a, 0x04, 0xd3,
  0x21, 0x21, 0x66, 0x20, 0xff, 0xf7, 0xe6, 0xfa, 0x21, 0x20, 0x70, 0xbd,
  0x80, 0x6b, 0x00, 0x00, 0x34, 0xb5, 0x1b, 0x4b, 0x1c, 0x68, 0xe4, 0x07,
  0x2e, 0xd1, 0x0c, 0x24, 0x1c, 0x60, 0x1c, 0x46, 0x10, 0x34, 0x21, 0x60,
  0x60, 0x60, 0x17, 0x48, 0x00, 0x24, 0x01, 0x68, 0x08, 0xe0, 0x04, 0x68,
  0x8c, 0x42, 0x02, 0xd3, 0x04, 0x68, 0x64, 0x1a, 0x02, 0xe0, 0x04, 0x68,
  0xcd, 0x43, 0x64, 0x19, 0x1d, 0x68, 0x6d, 0x07, 0x02, 0xd4, 0x1e, 0x2c,
  0xf1, 0xd3, 0x01, 0xe0, 0x1e, 0x2c, 0x04, 0xd3, 0x23, 0x21, 0x66, 0x20,
  0xff, 0xf7, 0xbe, 0xfa, 0x10, 0xe0, 0x18, 0x68, 0x08, 0x21, 0x08, 0x40,
  0x0a, 0xd1, 0x58, 0x6a, 0x80, 0x01, 0x80, 0x0d, 0x10, 0x80, 0x28, 0x33,
  0x18, 0x68, 0x80, 0x05, 0x80, 0x0d, 0x50, 0x80, 0x00, 0x20, 0x00, 0xe0,
  0x01, 0x20, 0x10, 0x71, 0x34, 0xbd, 0x00, 0xbf, 0x04, 0x00, 0xa1, 0x43,
  0x80, 0x6b, 0x00, 0x00, 0x70, 0xb5, 0x06, 0x46, 0x00, 0x25, 0x4e, 0x24,
  0x00, 0x20, 0xb0, 0x61, 0x01, 0x23, 0x1b, 0x04, 0x12, 0x49, 0x2b, 0x43,
  0x0a, 0x68, 0xf3, 0x61, 0x08, 0xe0, 0x08, 0x68, 0x90, 0x42, 0x02, 0xd3,
  0x08, 0x68, 0x80, 0x1a, 0x02, 0xe0, 0x08, 0x68, 0xd3, 0x43, 0xc0, 0x18,
  0x73, 0x68, 0xdb, 0x07, 0x02, 0xd5, 0x1e, 0x28, 0xf1, 0xd3, 0x01, 0xe0,
  0x1e, 0x28, 0x04, 0xd3, 0x25, 0x24, 0x21, 0x46, 0x66, 0x20, 0xff, 0xf7,
  0x83, 0xfa, 0x01, 0x35, 0x01, 0x20, 0x80, 0x02, 0xad, 0xb2, 0x85, 0x42,
  0x01, 0xd2, 0x4e, 0x2c, 0xd8, 0xd0, 0x20, 0x46, 0x70, 0xbd, 0x00, 0xbf,
  0x80, 0x6b, 0x00, 0x00, 0x34, 0xb5, 0x0b, 0x4b, 0xda, 0x7a, 0x4e, 0x24,
  0x01, 0x2a, 0x05, 0xd1, 0x42, 0x21, 0x66, 0x20, 0xff, 0xf7, 0x6c, 0xfa,
  0x42, 0x24, 0x09, 0xe0, 0x06, 0x4d, 0x07, 0x4b, 0x2a, 0x68, 0x1a, 0x40,
  0xff, 0x23, 0x01, 0x33, 0x1a, 0x43, 0x2a, 0x60, 0x00, 0xf0, 0xae, 0xf9,
  0x20, 0x46, 0x34, 0xbd, 0xac, 0x5a, 0x00, 0x00, 0x18, 0x00, 0xa1, 0x43,
  0xff, 0xfc, 0xff, 0xff, 0x34, 0xb5, 0x0e, 0x4d, 0xeb, 0x7a, 0x4e, 0x24,
  0x01, 0x2b, 0x05, 0xd1, 0x40, 0x21, 0x66, 0x20, 0xff, 0xf7, 0x4e, 0xfa,
  0x40, 0x24, 0x0e, 0xe0, 0x09, 0x4b, 0xc9, 0x43, 0x09, 0x4d, 0x19, 0x60,
  0x19, 0x46, 0x08, 0x31, 0x0b, 0x68, 0x2b, 0x40, 0x01, 0x25, 0x6d, 0x02,
  0x2b, 0x43, 0x0b, 0x60, 0x11, 0x46, 0x00, 0xf0, 0x8b, 0xf9, 0x20, 0x46,
  0x34, 0xbd, 0x00, 0xbf, 0xa0, 0x5a, 0x00, 0x00, 0x10, 0x00, 0xa1, 0x43,
  0xff, 0xfc, 0xff, 0xff, 0x34, 0xb5, 0x0c, 0x4d, 0xeb, 0x7a, 0x4e, 0x24,
  0x01, 0x2b, 0x05, 0xd1, 0x41, 0x21, 0x66, 0x20, 0xff, 0xf7, 0x2a, 0xfa,
  0x41, 0x24, 0x0a, 0xe0, 0x07, 0x4d, 0x29, 0x60, 0x07, 0x4d, 0x03, 0x23,
  0x1b, 0x02, 0x29, 0x68, 0x19, 0x43, 0x29, 0x60, 0x11, 0x46, 0x00, 0xf0,
  0x6b, 0xf9, 0x20, 0x46, 0x34, 0xbd, 0x00, 0xbf, 0xa0, 0x5a, 0x00, 0x00,
  0x10, 0x00, 0xa1, 0x43, 0x18, 0x00, 0xa1, 0x43, 0x30, 0xb5, 0x83, 0xb0,
  0x04, 0x46, 0x00, 0x20, 0x01, 0xa9, 0x48, 0x80, 0x11, 0x48, 0xff, 0xf7,
  0xe1, 0xfe, 0x0c, 0xe0, 0xd1, 0x18, 0x01, 0xad, 0xa8, 0x1c, 0x00, 0xf0,
  0x53, 0xf9, 0x68, 0x88, 0xff, 0xf7, 0xc2, 0xfe, 0x0b, 0x4a, 0x00, 0x21,
  0x68, 0x88, 0xff, 0xf7, 0xe9, 0xfd, 0x0a, 0x4b, 0x0c, 0x22, 0x62, 0x43,
  0xd1, 0x18, 0x0b, 0x31, 0x09, 0x78, 0x01, 0x29, 0x02, 0xd0, 0x4e, 0x28,
  0xe8, 0xd0, 0x04, 0xe0, 0x4e, 0x28, 0x02, 0xd1, 0x02, 0x48, 0xff, 0xf7,
  0xe7, 0xfe, 0x03, 0xb0, 0x30, 0xbd, 0x00, 0xbf, 0x00, 0x00, 0xa1, 0x43,
  0xbc, 0x6a, 0x00, 0x00, 0xf4, 0xb5, 0x06, 0x46, 0x00, 0x24, 0x67, 0x00,
  0xb8, 0x5b, 0x00, 0x28, 0x10, 0xd0, 0x0c, 0x20, 0x0a, 0x49, 0x60, 0x43,
  0x0a, 0x4d, 0x43, 0x18, 0x0a, 0x49, 0x28, 0x88, 0xba, 0x5b, 0x40, 0x00,
  0x08, 0x18, 0x02, 0x21, 0x00, 0xf0, 0x9a, 0xf8, 0x28, 0x88, 0xb9, 0x5b,
  0x40, 0x18, 0x28, 0x80, 0x01, 0x34, 0x10, 0x2c, 0xe7, 0xd3, 0x4e, 0x20,
  0xf4, 0xbd, 0x00, 0xbf, 0xbc, 0x6a, 0x00, 0x00, 0xb8, 0x62, 0x00, 0x00,
  0xba, 0x62, 0x00, 0x00, 0xf0, 0xb5, 0x85, 0xb0, 0x07, 0x46, 0x03, 0x91,
  0x4e, 0x22, 0x02, 0x92, 0x00, 0x20, 0x01, 0xa9, 0x14, 0x4e, 0x0c, 0x25,
  0x7d, 0x43, 0x48, 0x80, 0xa8, 0x19, 0x00, 0xf0, 0x77, 0xf9, 0x04, 0x46,
  0x13, 0xe0, 0xa9, 0x19, 0x01, 0xa8, 0x02, 0x30, 0x00, 0xf0, 0xfa, 0xf8,
  0x01, 0xaa, 0x50, 0x88, 0x03, 0x9a, 0x90, 0x42, 0x02, 0xd1, 0xff, 0xf7,
  0x65, 0xfe, 0x0f, 0xe0, 0xa9, 0x19, 0x01, 0xa8, 0x02, 0x30, 0x00, 0xf0,
  0xaf, 0xf8, 0x01, 0x3c, 0xa4, 0xb2, 0x00, 0x2c, 0xe9, 0xd1, 0x3a, 0x46,
  0x3f, 0x21, 0x66, 0x20, 0xff, 0xf7, 0xba, 0xf9, 0x3f, 0x20, 0x02, 0x90,
  0x02, 0x98, 0x05, 0xb0, 0xf0, 0xbd, 0x00, 0xbf, 0xbc, 0x6a, 0x00, 0x00,
  0xf0, 0xb5, 0x83, 0xb0, 0x04, 0x46, 0x15, 0x46, 0x00, 0x20, 0x01, 0xaf,
  0x0c, 0x23, 0x10, 0x4e, 0x78, 0x80, 0x63, 0x43, 0x0a, 0x89, 0xf3, 0x18,
  0x0b, 0x33, 0x48, 0x68, 0x1b, 0x78, 0x00, 0x2b, 0x0d, 0xd0, 0x00, 0x91,
  0xbb, 0x1c, 0x21, 0x46, 0xff, 0xf7, 0xde, 0xfd, 0x4e, 0x28, 0x0c, 0xd1,
  0x21, 0x46, 0xb8, 0x1c, 0xff, 0xf7, 0x2a, 0xfd, 0x79, 0x88, 0x29, 0x80,
  0x05, 0xe0, 0x22, 0x46, 0x3e, 0x21, 0x66, 0x20, 0xff, 0xf7, 0x8e, 0xf9,
  0x3e, 0x20, 0x03, 0xb0, 0xf0, 0xbd, 0x00, 0xbf, 0xbc, 0x6a, 0x00, 0x00,
  0x10, 0xb5, 0x12, 0x4a, 0x11, 0x78, 0x12, 0x48, 0x01, 0x29, 0x16, 0xd1,
  0x00, 0x21, 0x11, 0x4b, 0x0a, 0x03, 0xd2, 0x18, 0x13, 0x68, 0xdb, 0x07,
  0x0b, 0xd5, 0x04, 0x68, 0x01, 0x23, 0x8b, 0x40, 0x1c, 0x40, 0x06, 0xd1,
  0x54, 0x68, 0x92, 0x68, 0x22, 0x40, 0x02, 0xd0, 0x02, 0x68, 0x1a, 0x43,
  0x02, 0x60, 0x01, 0x31, 0x04, 0x29, 0xea, 0xd3, 0x06, 0xe0, 0x01, 0x6a,
  0xc9, 0x07, 0x03, 0xd0, 0x01, 0x21, 0x11, 0x70, 0x20, 0x30, 0x01, 0x60,
  0x10, 0xbd, 0x00, 0xbf, 0x7c, 0x6b, 0x00, 0x00, 0x04, 0x60, 0xc2, 0x43,
  0x10, 0x00, 0xc0, 0x43, 0x1a, 0x81, 0x00, 0x22, 0x9a, 0x80, 0xda, 0x80,
  0x18, 0x60, 0x99, 0x72, 0x01, 0x20, 0xd8, 0x72, 0x4e, 0x20, 0x70, 0x47,
  0xf0, 0xb5, 0x4f, 0x23, 0xca, 0x88, 0xcc, 0x7a, 0x01, 0x2c, 0x01, 0xd1,
  0x05, 0x23, 0x33, 0xe0, 0x8d, 0x7a, 0x01, 0x2d, 0x10, 0xd0, 0x02, 0x2d,
  0x08, 0xd0, 0x04, 0x2d, 0x12, 0xd1, 0x0c, 0x68, 0x06, 0x68, 0xa4, 0x58,
  0xb4, 0x42, 0x1b, 0xd1, 0x4e, 0x23, 0x19, 0xe0, 0x0c, 0x68, 0x06, 0x88,
  0xa4, 0x5a, 0xb4, 0x42, 0x14, 0xd1, 0xf7, 0xe7, 0x0c, 0x68, 0x06, 0x78,
  0xa4, 0x5c, 0xb4, 0x42, 0x0e, 0xd1, 0xf1, 0xe7, 0x4e, 0x23, 0x00, 0x24,
  0x08, 0xe0, 0x0e, 0x68, 0xa7, 0x18, 0xf6, 0x5d, 0x07, 0x5d, 0xbe, 0x42,
  0x00, 0xd0, 0x4f, 0x23, 0x01, 0x34, 0xe4, 0xb2, 0xac, 0x42, 0xf4, 0xd3,
  0x0c, 0x89, 0x52, 0x19, 0x6c, 0x43, 0x92, 0xb2, 0xa2, 0x42, 0x00, 0xdb,
  0x00, 0x22, 0x8c, 0x88, 0xa2, 0x42, 0x01, 0xd0, 0x4e, 0x2b, 0xcb, 0xd1,
  0x18, 0x46, 0xf0, 0xbd, 0x70, 0xb5, 0xcb, 0x7a, 0x4e, 0x22, 0x00, 0x2b,
  0x01, 0xd1, 0x06, 0x22, 0x34, 0xe0, 0x8b, 0x7a, 0x01, 0x2b, 0x0d, 0xd0,
  0x02, 0x2b, 0x06, 0xd0, 0x04, 0x2b, 0x0e, 0xd1, 0x0b, 0x68, 0x8c, 0x88,
  0x00, 0x68, 0x18, 0x51, 0x15, 0xe0, 0x0b, 0x68, 0x8c, 0x88, 0x00, 0x88,
  0x18, 0x53, 0x10, 0xe0, 0x0b, 0x68, 0x8c, 0x88, 0x00, 0x78, 0x18, 0x55,
  0x0b, 0xe0, 0x00, 0x23, 0x06, 0xe0, 0x0c, 0x68, 0x8d, 0x88, 0xc6, 0x5c,
  0x5d, 0x19, 0x66, 0x55, 0x01, 0x33, 0xdb, 0xb2, 0x8c, 0x7a, 0xa3, 0x42,
  0xf5, 0xd3, 0x8b, 0x7a, 0x88, 0x88, 0xc0, 0x18, 0x0c, 0x89, 0x88, 0x80,
  0x00, 0x25, 0x63, 0x43, 0x80, 0xb2, 0x98, 0x42, 0x01, 0xdb, 0x28, 0x46,
  0x8d, 0x80, 0xcb, 0x88, 0x98, 0x42, 0x01, 0xd1, 0xcd, 0x72, 0x01, 0xe0,
  0x02, 0x20, 0xc8, 0x72, 0x10, 0x46, 0x70, 0xbd, 0x30, 0xb5, 0xcb, 0x7a,
  0x4e, 0x22, 0x01, 0x2b, 0x01, 0xd1, 0x05, 0x22, 0x33, 0xe0, 0x8b, 0x7a,
  0x01, 0x2b, 0x0d, 0xd0, 0x02, 0x2b, 0x06, 0xd0, 0x04, 0x2b, 0x0e, 0xd1,
  0x0b, 0x68, 0xcc, 0x88, 0x1b, 0x59, 0x03, 0x60, 0x15, 0xe0, 0x0b, 0x68,
  0xcc, 0x88, 0x1b, 0x5b, 0x03, 0x80, 0x10, 0xe0, 0x0b, 0x68, 0xcc, 0x88,
  0x1b, 0x5d, 0x03, 0x70, 0x0b, 0xe0, 0x00, 0x23, 0x06, 0xe0, 0x0c, 0x68,
  0xcd, 0x88, 0x5d, 0x19, 0x64, 0x5d, 0xc4, 0x54, 0x01, 0x33, 0xdb, 0xb2,
  0x8c, 0x7a, 0xa3, 0x42, 0xf5, 0xd3, 0x8b, 0x7a, 0x0c, 0x89, 0xc8, 0x88,
  0xc0, 0x18, 0xc8, 0x80, 0x63, 0x43, 0x80, 0xb2, 0x98, 0x42, 0x01, 0xdb,
  0x00, 0x20, 0xc8, 0x80, 0x8b, 0x88, 0x83, 0x42, 0x01, 0xd1, 0x01, 0x20,
  0x00, 0xe0, 0x02, 0x20, 0xc8, 0x72, 0x10, 0x46, 0x30, 0xbd, 0x70, 0xb5,
  0xcb, 0x7a, 0x4e, 0x22, 0x01, 0x2b, 0x01, 0xd1, 0x05, 0x22, 0x2f, 0xe0,
  0x8c, 0x88, 0x00, 0x2c, 0x04, 0xd1, 0x8b, 0x7a, 0x0c, 0x89, 0x01, 0x3c,
  0x5c, 0x43, 0x01, 0xe0, 0x8b, 0x7a, 0xe4, 0x1a, 0xa4, 0xb2, 0x01, 0x2b,
  0x0b, 0xd0, 0x02, 0x2b, 0x05, 0xd0, 0x04, 0x2b, 0x0b, 0xd1, 0x0b, 0x68,
  0x1b, 0x59, 0x03, 0x60, 0x12, 0xe0, 0x0b, 0x68, 0x1b, 0x5b, 0x03, 0x80,
  0x0e, 0xe0, 0x0b, 0x68, 0x1b, 0x5d, 0x03, 0x70, 0x0a, 0xe0, 0x00, 0x23,
  0x05, 0xe0, 0x0d, 0x68, 0x1e, 0x19, 0xad, 0x5d, 0xc5, 0x54, 0x01, 0x33,
  0xdb, 0xb2, 0x8d, 0x7a, 0xab, 0x42, 0xf6, 0xd3, 0xc8, 0x88, 0x84, 0x42,
  0x01, 0xd1, 0x01, 0x20, 0x00, 0xe0, 0x02, 0x20, 0xc8, 0x72, 0x8c, 0x80,
  0x10, 0x46, 0x70, 0xbd, 0x82, 0x88, 0xc1, 0x88, 0x8a, 0x42, 0x03, 0xd3,
  0x06, 0xd9, 0x50, 0x1a, 0x80, 0xb2, 0x09, 0xe0, 0x00, 0x89, 0x10, 0x18,
  0x40, 0x1a, 0xf9, 0xe7, 0xc1, 0x7a, 0x01, 0x29, 0x01, 0xd1, 0x00, 0x20,
  0x00, 0xe0, 0x00, 0x89, 0x70, 0x47, 0x00, 0x21, 0x81, 0x80, 0xc1, 0x80,
  0x01, 0x21, 0xc1, 0x72, 0x4e, 0x20, 0x70, 0x47, 0x02, 0x49, 0x08, 0x68,
  0x01, 0x30, 0x08, 0x60, 0x70, 0x47, 0x00, 0xbf, 0x80, 0x6b, 0x00, 0x00,
  0x04, 0xb5, 0x0c, 0x49, 0x0f, 0x20, 0xff, 0xf7, 0xf1, 0xfa, 0x00, 0x20,
  0x0a, 0x4a, 0x10, 0x60, 0x0a, 0x4a, 0x10, 0x68, 0x0a, 0x49, 0x00, 0x0e,
  0x00, 0x06, 0x08, 0x43, 0x09, 0x49, 0x10, 0x60, 0x50, 0x68, 0x08, 0x43,
  0x50, 0x60, 0x04, 0x3a, 0x10, 0x68, 0x07, 0x22, 0x10, 0x43, 0x06, 0x4a,
  0x10, 0x60, 0x04, 0xbd, 0x75, 0x2a, 0x00, 0x00, 0x80, 0x6b, 0x00, 0x00,
  0x14, 0xe0, 0x00, 0xe0, 0x1f, 0x4e, 0x00, 0x00, 0xff, 0xff, 0xff, 0x00,
  0x10, 0xe0, 0x00, 0xe0, 0x30, 0xb5, 0x83, 0xb0, 0xff, 0xf7, 0xd6, 0xff,
  0xfd, 0xf7, 0xfc, 0xfe, 0x04, 0x46, 0x4e, 0x28, 0x02, 0xd1, 0xfd, 0xf7,
  0x59, 0xff, 0x04, 0x46, 0x18, 0x4a, 0x19, 0x49, 0x10, 0x88, 0x08, 0x43,
  0x10, 0x80, 0x18, 0x4a, 0x18, 0x49, 0x10, 0x88, 0x08, 0x43, 0x10, 0x80,
  0xc0, 0x21, 0x03, 0x20, 0xff, 0xf7, 0xac, 0xfa, 0xc0, 0x21, 0x06, 0x20,
  0xff, 0xf7, 0xa8, 0xfa, 0xc0, 0x21, 0x07, 0x20, 0xff, 0xf7, 0xa4, 0xfa,
  0xc0, 0x21, 0x04, 0x20, 0xff, 0xf7, 0xa0, 0xfa, 0x00, 0x25, 0x0f, 0x49,
  0xa8, 0x00, 0x40, 0x58, 0xff, 0xf7, 0x64, 0xfa, 0xc0, 0x21, 0xff, 0xf7,
  0x97, 0xfa, 0x01, 0x35, 0x02, 0x2d, 0xf4, 0xd3, 0x0a, 0x4a, 0x10, 0x68,
  0xff, 0xf7, 0x5a, 0xfa, 0xc0, 0x21, 0xff, 0xf7, 0x8d, 0xfa, 0x40, 0x21,
  0x15, 0x20, 0xff, 0xf7, 0x89, 0xfa, 0x0b, 0xe0, 0x16, 0x50, 0xa1, 0x43,
  0x02, 0x80, 0x00, 0x00, 0x22, 0x50, 0xa1, 0x43, 0x10, 0x80, 0x00, 0x00,
  0x14, 0x2d, 0x00, 0x00, 0x88, 0x2c, 0x00, 0x00, 0x62, 0xb6, 0x02, 0x4a,
  0x54, 0x70, 0xff, 0xf7, 0x41, 0xfe, 0xfc, 0xe7, 0xa0, 0xc8, 0x03, 0x21,
  0x00, 0x00, 0xa0, 0xe1, 0x00, 0x00, 0xa0, 0xe1, 0x1e, 0xff, 0x2f, 0xe1,
  0xc0, 0x46, 0x70, 0x47, 0x04, 0xb5, 0x0a, 0x1c, 0x00, 0x21, 0x00, 0xf0,
  0x01, 0xf8, 0x04, 0xbd, 0x84, 0x46, 0x83, 0x07, 0x04, 0xd0, 0x01, 0x3a,
  0x13, 0xd3, 0x01, 0x70, 0x01, 0x30, 0xf8, 0xe7, 0x08, 0x3a, 0x08, 0xd3,
  0x09, 0x06, 0x0b, 0x0a, 0x19, 0x43, 0x0b, 0x0c, 0x19, 0x43, 0x0b, 0x1c,
  0x0a, 0xc0, 0x08, 0x3a, 0xfc, 0xd2, 0x08, 0x32, 0x03, 0xd0, 0x01, 0x70,
  0x01, 0x30, 0x01, 0x3a, 0xfb, 0xd1, 0x60, 0x46, 0x70, 0x47, 0x00, 0x00,
  0x00, 0x20, 0x01, 0x46, 0x0a, 0x46, 0x0b, 0x46, 0x0c, 0x46, 0x0d, 0x46,
  0x0e, 0x46, 0x0f, 0x46, 0x88, 0x46, 0x89, 0x46, 0x8a, 0x46, 0x8b, 0x46,
  0x8c, 0x46, 0x02, 0x48, 0x85, 0x46, 0xff, 0xf7, 0x73, 0xff, 0xfe, 0xe7,
  0x00, 0x80, 0x00, 0x00, 0x14, 0x15, 0x16, 0x17, 0x14, 0x15, 0x16, 0x17,
  0x00, 0x08, 0x00, 0x00, 0x04, 0x00, 0x00, 0x00, 0x00, 0x03, 0x01, 0x00,
  0x10, 0x00, 0x00, 0x00, 0x00, 0xe8, 0x00, 0x00, 0x10, 0x00, 0x00, 0x00,
  0x00, 0x02, 0x00, 0x00, 0x02, 0x00, 0x00, 0x00, 0x00, 0xe8, 0x00, 0x00,
  0x10, 0x00, 0x00, 0x00, 0x00, 0x02, 0x00, 0x00, 0x04, 0x00, 0x00, 0x00,
  0x00, 0xe8, 0x00, 0x00, 0x10, 0x00, 0x00, 0x00, 0x00, 0x08, 0x00, 0x00,
  0x02, 0x00, 0x00, 0x00, 0x00, 0x03, 0x01, 0x00, 0x10, 0x00, 0x00, 0x00,
  0x00, 0x08, 0x00, 0x00, 0x04, 0x00, 0x00, 0x00, 0x00, 0x04, 0x00, 0x00,
  0x10, 0x00, 0x00, 0x00, 0x00, 0x08, 0x00, 0x00, 0x02, 0x00, 0x00, 0x00,
  0x00, 0x03, 0x01, 0x00, 0x10, 0x00, 0x00, 0x00, 0x00, 0xe8, 0x00, 0x00,
  0x10, 0x00, 0x00, 0x00, 0x00, 0x08, 0x00, 0x00, 0x10, 0x00, 0x00, 0x00,
  0x00, 0x08, 0x00, 0x00, 0x02, 0x00, 0x00, 0x00, 0x00, 0x08, 0x00, 0x00,
  0x04, 0x00, 0x00, 0x00, 0x00, 0x08, 0x00, 0x00, 0x08, 0x00, 0x00, 0x00,
  0x00, 0x44, 0xa0, 0x43, 0x00, 0x40, 0xb1, 0x43, 0x00, 0xc8, 0xb0, 0x43,
  0x10, 0x11, 0x12, 0x13, 0x00, 0x01, 0x02, 0x03, 0x04, 0x05, 0x06, 0x07,
  0x08, 0x09, 0x0a, 0x0b, 0x0c, 0x0d, 0x0e, 0x0f, 0x06, 0x06, 0x06, 0x04,
  0x04, 0x05, 0x05, 0x07, 0x07, 0x07, 0x02, 0x04, 0x04, 0x04, 0x04, 0x02,
  0x04, 0x01, 0x01, 0x01, 0x01, 0x01, 0x01, 0x01, 0x01, 0x01, 0x01, 0x01,
  0x01, 0x01, 0x01, 0x01, 0x01, 0x01, 0x01, 0x02, 0x04, 0x04, 0x03, 0x04,
  0x04, 0x04, 0x04, 0x04, 0x04, 0x04, 0x04, 0x04, 0x04, 0x04, 0x04, 0x04,
  0x05, 0x04, 0x04, 0x03, 0x03, 0x03, 0x03, 0x04, 0x03, 0x03, 0x04, 0x04,
  0x04, 0x04, 0x04, 0x03, 0x03, 0x04, 0x00, 0x01, 0x02, 0x03, 0x04, 0x05,
  0x06, 0x07, 0x08, 0x0c, 0x10, 0x14, 0x18, 0x20, 0x30, 0x40, 0x14, 0x15,
  0x16, 0x17, 0x00, 0x00, 0x00, 0x00, 0xa0, 0x43, 0x00, 0x20, 0xa0, 0x43,
  0x00, 0x04, 0xa0, 0x43, 0x00, 0x24, 0xa0, 0x43, 0x00, 0x40, 0xa0, 0x43,
  0x00, 0x48, 0xa0, 0x43, 0x00, 0x44, 0xb1, 0x43, 0x00, 0x48, 0xb1, 0x43,
  0x00, 0xc0, 0xa0, 0x43, 0x00, 0xc4, 0xa0, 0x43, 0x00, 0x00, 0xb0, 0x43,
  0x00, 0x04, 0xb0, 0x43, 0x00, 0x08, 0xb0, 0x43, 0x00, 0x0c, 0xb0, 0x43,
  0x00, 0x10, 0xb0, 0x43, 0x00, 0x14, 0xb0, 0x43, 0x00, 0x18, 0xb0, 0x43,
  0x00, 0x1c, 0xb0, 0x43, 0x00, 0x20, 0xb0, 0x43, 0x00, 0x24, 0xb0, 0x43,
  0x00, 0x28, 0xb0, 0x43, 0x00, 0x2c, 0xb0, 0x43, 0x00, 0x30, 0xb0, 0x43,
  0x00, 0x34, 0xb0, 0x43, 0x00, 0x38, 0xb0, 0x43, 0x00, 0x3c, 0xb0, 0x43,
  0x00, 0x80, 0xb0, 0x43, 0x00, 0x84, 0xb0, 0x43, 0x00, 0x88, 0xb0, 0x43,
  0x00, 0x8c, 0xb0, 0x43, 0x00, 0x90, 0xb0, 0x43, 0x00, 0x94, 0xb0, 0x43,
  0x00, 0x98, 0xb0, 0x43, 0x00, 0x9c, 0xb0, 0x43, 0x00, 0xa0, 0xb0, 0x43,
  0x00, 0xa4, 0xb0, 0x43, 0x00, 0xa8, 0xb0, 0x43, 0x00, 0xac, 0xb0, 0x43,
  0x00, 0xb0, 0xb0, 0x43, 0x00, 0xb4, 0xb0, 0x43, 0x00, 0xb8, 0xb0, 0x43,
  0x00, 0xbc, 0xb0, 0x43, 0x00, 0x80, 0xa0, 0x43, 0x00, 0x84, 0xa0, 0x43,
  0x00, 0x88, 0xa0, 0x43, 0x00, 0x8c, 0xa0, 0x43, 0x00, 0x90, 0xa0, 0x43,
  0x00, 0x94, 0xa0, 0x43, 0x00, 0x98, 0xa0, 0x43, 0x00, 0x9c, 0xa0, 0x43,
  0x00, 0xa0, 0xa0, 0x43, 0x00, 0xa4, 0xa0, 0x43, 0x00, 0xa8, 0xa0, 0x43,
  0x00, 0xac, 0xa0, 0x43, 0x00, 0xb0, 0xa0, 0x43, 0x00, 0xb4, 0xa0, 0x43,
  0x00, 0xb8, 0xa0, 0x43, 0x00, 0xbc, 0xa0, 0x43, 0x00, 0x08, 0xa0, 0x43,
  0x00, 0x0c, 0xa0, 0x43, 0x00, 0x10, 0xa0, 0x43, 0x00, 0x14, 0xa0, 0x43,
  0x00, 0x18, 0xa0, 0x43, 0x00, 0x1c, 0xa0, 0x43, 0x00, 0x00, 0xb1, 0x43,
  0x00, 0x04, 0xb1, 0x43, 0x00, 0x08, 0xb1, 0x43, 0x00, 0x0c, 0xb1, 0x43,
  0x00, 0x10, 0xb1, 0x43, 0x00, 0x14, 0xb1, 0x43, 0x00, 0x18, 0xb1, 0x43,
  0x00, 0x1c, 0xb1, 0x43, 0x00, 0x20, 0xb1, 0x43, 0x00, 0x24, 0xb1, 0x43,
  0x00, 0x28, 0xb1, 0x43, 0x00, 0x2c, 0xb1, 0x43, 0x00, 0x30, 0xb1, 0x43,
  0x00, 0x34, 0xb1, 0x43, 0x00, 0x38, 0xb1, 0x43, 0x00, 0x3c, 0xb1, 0x43,
  0x00, 0x28, 0xa0, 0x43, 0x00, 0x2c, 0xa0, 0x43, 0x00, 0x30, 0xa0, 0x43,
  0x00, 0x34, 0xa0, 0x43, 0x00, 0x38, 0xa0, 0x43, 0x00, 0x3c, 0xa0, 0x43,
  0x00, 0x1c, 0xa0, 0x43, 0x1c, 0x04, 0x00, 0x00, 0x00, 0x3c, 0xa0, 0x43,
  0x1d, 0x05, 0x00, 0x00, 0x00, 0x4c, 0xa0, 0x43, 0x26, 0x0e, 0x00, 0x00,
  0x00, 0x50, 0xa0, 0x43, 0x29, 0x11, 0x00, 0x00, 0x00, 0x9c, 0xa0, 0x43,
  0x1e, 0x06, 0x00, 0x00, 0x00, 0xbc, 0xa0, 0x43, 0x1f, 0x07, 0x00, 0x00,
  0x00, 0xcc, 0xa0, 0x43, 0x26, 0x0e, 0x00, 0x00, 0x00, 0xd0, 0xa0, 0x43,
  0x29, 0x11, 0x00, 0x00, 0x00, 0x1c, 0xb0, 0x43, 0x20, 0x08, 0x00, 0x00,
  0x00, 0x3c, 0xb0, 0x43, 0x21, 0x09, 0x00, 0x00, 0x00, 0x4c, 0xb0, 0x43,
  0x27, 0x0f, 0x00, 0x00, 0x00, 0x50, 0xb0, 0x43, 0x29, 0x11, 0x00, 0x00,
  0x00, 0x9c, 0xb0, 0x43, 0x22, 0x0a, 0x00, 0x00, 0x00, 0xbc, 0xb0, 0x43,
  0x23, 0x0b, 0x00, 0x00, 0x00, 0xcc, 0xb0, 0x43, 0x27, 0x0f, 0x00, 0x00,
  0x00, 0xd0, 0xb0, 0x43, 0x29, 0x11, 0x00, 0x00, 0x00, 0x1c, 0xb1, 0x43,
  0x24, 0x0c, 0x00, 0x00, 0x00, 0x3c, 0xb1, 0x43, 0x25, 0x0d, 0x00, 0x00,
  0x00, 0x4c, 0xb1, 0x43, 0x28, 0x10, 0x00, 0x00, 0x00, 0x50, 0xb1, 0x43,
  0x29, 0x11, 0x00, 0x00, 0x08, 0x11, 0x12, 0x00, 0xe8, 0x03, 0x00, 0x00,
  0x00, 0x00, 0x00, 0x00, 0x00, 0x00, 0x00, 0x00, 0x00, 0x00, 0x00, 0x00,
  0x00, 0x00, 0x00, 0x00, 0x00, 0x00, 0x00, 0x00, 0x00, 0x00, 0x00, 0x00,
  0x00, 0x00, 0x00, 0x00, 0x00, 0x00, 0x00, 0x00, 0x00, 0x00, 0x00, 0x00,
  0x00, 0x00, 0x00, 0x00, 0x00, 0x00, 0x00, 0x00, 0x00, 0x00, 0x00, 0x00,
  0x00, 0x00, 0x00, 0x00, 0x00, 0x00, 0x00, 0x00, 0x00, 0x00, 0x00, 0x00,
  0x00, 0x00, 0x00, 0x00, 0x00, 0x00, 0x00, 0x00, 0x00, 0x00, 0x00, 0x00,
  0x00, 0x00, 0x00, 0x00, 0x00, 0x00, 0x00, 0x00, 0x00, 0x00, 0x00, 0x00,
  0x00, 0x00, 0x00, 0x00, 0x00, 0x00, 0x00, 0x00, 0x00, 0x00, 0x00, 0x00,
  0x00, 0x00, 0x00, 0x00, 0x00, 0x00, 0x00, 0x00, 0x00, 0x00, 0x00, 0x00,
  0x00, 0x00, 0x00, 0x00, 0x00, 0x00, 0x00, 0x00, 0x00, 0x00, 0x00, 0x00,
  0x00, 0x00, 0x00, 0x00, 0x00, 0x00, 0x00, 0x00, 0x00, 0x00, 0x00, 0x00,
  0x00, 0x00, 0x00, 0x00, 0x00, 0x00, 0x00, 0x00, 0x00, 0x00, 0x00, 0x00,
  0x00, 0x00, 0x00, 0x00, 0x00, 0x00, 0x00, 0x00, 0x00, 0x00, 0x00, 0x00,
  0x00, 0x00, 0x00, 0x00, 0x00, 0x00, 0x00, 0x00, 0x00, 0x00, 0x00, 0x00,
  0x00, 0x00, 0x00, 0x00, 0x00, 0x00, 0x00, 0x00, 0x00, 0x00, 0x00, 0x00,
  0x00, 0x00, 0x00, 0x00, 0x00, 0x00, 0x00, 0x00, 0x00, 0x00, 0x00, 0x00,
  0x00, 0x00, 0x00, 0x00, 0x00, 0x00, 0x00, 0x00, 0x00, 0x00, 0x00, 0x00,
  0x00, 0x00, 0x00, 0x00, 0x00, 0x00, 0x00, 0x00, 0x00, 0x00, 0x00, 0x00,
  0x00, 0x00, 0x00, 0x00, 0x00, 0x00, 0x00, 0x00, 0x00, 0x00, 0x00, 0x00,
  0x00, 0x00, 0x00, 0x00, 0x00, 0x00, 0x00, 0x00, 0x00, 0x00, 0x00, 0x00,
  0x00, 0x00, 0x00, 0x00, 0x00, 0x00, 0x00, 0x00, 0x00, 0x00, 0x00, 0x00,
  0x00, 0x00, 0x00, 0x00, 0x00, 0x00, 0x00, 0x00, 0x00, 0x00, 0x00, 0x00,
  0x00, 0x00, 0x00, 0x00, 0x00, 0x00, 0x00, 0x00, 0x00, 0x00, 0x00, 0x00,
  0x00, 0x00, 0x00, 0x00, 0x00, 0x00, 0x00, 0x00, 0x00, 0x00, 0x00, 0x00,
  0x00, 0x00, 0x00, 0x00, 0x00, 0x00, 0x00, 0x00, 0x00, 0x00, 0x00, 0x00,
  0x00, 0x00, 0x00, 0x00, 0x00, 0x00, 0x00, 0x00, 0x00, 0x00, 0x00, 0x00,
  0x00, 0x00, 0x00, 0x00, 0x00, 0x00, 0x00, 0x00, 0x00, 0x00, 0x00, 0x00,
  0x00, 0x00, 0x00, 0x00, 0x00, 0x00, 0x00, 0x00, 0x00, 0x00, 0x00, 0x00,
  0x00, 0x00, 0x00, 0x00, 0x00, 0x00, 0x00, 0x00, 0x00, 0x00, 0x00, 0x00,
  0x00, 0x00, 0x00, 0x00, 0x00, 0x00, 0x00, 0x00, 0x00, 0x00, 0x00, 0x00,
  0x00, 0x00, 0x00, 0x00, 0x00, 0x00, 0x00, 0x00, 0x00, 0x00, 0x00, 0x00,
  0x00, 0x00, 0x00, 0x00, 0x00, 0x00, 0x00, 0x00, 0x00, 0x00, 0x00, 0x00,
  0x00, 0x00, 0x00, 0x00, 0x00, 0x00, 0x00, 0x00, 0x00, 0x00, 0x00, 0x00,
  0x00, 0x00, 0x00, 0x00, 0x00, 0x00, 0x00, 0x00, 0x00, 0x00, 0x00, 0x00,
  0x00, 0x00, 0x00, 0x00, 0x00, 0x00, 0x00, 0x00, 0x00, 0x00, 0x00, 0x00,
  0x00, 0x00, 0x00, 0x00, 0x00, 0x00, 0x00, 0x00, 0x00, 0x00, 0x00, 0x00,
  0x00, 0x00, 0x00, 0x00, 0x00, 0x00, 0x00, 0x00, 0x00, 0x00, 0x00, 0x00,
  0x00, 0x00, 0x00, 0x00, 0x00, 0x00, 0x00, 0x00, 0x00, 0x00, 0x00, 0x00,
  0x00, 0x00, 0x00, 0x00, 0x00, 0x00, 0x00, 0x00, 0x00, 0x00, 0x00, 0x00,
  0x00, 0x00, 0x00, 0x00, 0x00, 0x00, 0x00, 0x00, 0x00, 0x00, 0x00, 0x00,
  0x00, 0x00, 0x00, 0x00, 0x00, 0x00, 0x00, 0x00, 0x00, 0x00, 0x00, 0x00,
  0x00, 0x00, 0x00, 0x00, 0x00, 0x00, 0x00, 0x00, 0x00, 0x00, 0x00, 0x00,
  0x00, 0x00, 0x00, 0x00, 0x00, 0x00, 0x00, 0x00, 0x00, 0x00, 0x00, 0x00,
  0x00, 0x00, 0x00, 0x00, 0x00, 0x00, 0x00, 0x00, 0x00, 0x00, 0x00, 0x00,
  0x00, 0x00, 0x00, 0x00, 0x00, 0x00, 0x00, 0x00, 0x00, 0x00, 0x00, 0x00,
  0x00, 0x00, 0x00, 0x00, 0x00, 0x00, 0x00, 0x00, 0x00, 0x00, 0x00, 0x00,
  0x00, 0x00, 0x00, 0x00, 0x00, 0x00, 0x00, 0x00, 0x00, 0x00, 0x00, 0x00,
  0x00, 0x00, 0x00, 0x00, 0x00, 0x00, 0x00, 0x00, 0x00, 0x00, 0x00, 0x00,
  0x00, 0x00, 0x00, 0x00, 0x00, 0x00, 0x00, 0x00, 0x00, 0x00, 0x00, 0x00,
  0x00, 0x00, 0x00, 0x00, 0x00, 0x00, 0x00, 0x00, 0x00, 0x00, 0x00, 0x00,
  0x00, 0x00, 0x00, 0x00, 0x00, 0x00, 0x00, 0x00, 0x00, 0x00, 0x00, 0x00,
  0x00, 0x00, 0x00, 0x00, 0x00, 0x00, 0x00, 0x00, 0x00, 0x00, 0x00, 0x00,
  0x00, 0x00, 0x00, 0x00, 0x00, 0x00, 0x00, 0x00, 0x00, 0x00, 0x00, 0x00,
  0x00, 0x00, 0x00, 0x00, 0x00, 0x00, 0x00, 0x00, 0x00, 0x00, 0x00, 0x00,
  0x00, 0x00, 0x00, 0x00, 0x00, 0x00, 0x00, 0x00, 0x00, 0x00, 0x00, 0x00,
  0x00, 0x00, 0x00, 0x00, 0x00, 0x00, 0x00, 0x00, 0x00, 0x00, 0x00, 0x00,
  0x00, 0x00, 0x00, 0x00, 0x00, 0x00, 0x00, 0x00, 0x00, 0x00, 0x00, 0x00,
  0x00, 0x00, 0x00, 0x00, 0x00, 0x00, 0x00, 0x00, 0x00, 0x00, 0x00, 0x00,
  0x00, 0x00, 0x00, 0x00, 0x00, 0x00, 0x00, 0x00, 0x00, 0x00, 0x00, 0x00,
  0x00, 0x00, 0x00, 0x00, 0x00, 0x00, 0x00, 0x00, 0x00, 0x00, 0x00, 0x00,
  0x00, 0x00, 0x00, 0x00, 0x00, 0x00, 0x00, 0x00, 0x00, 0x00, 0x00, 0x00,
  0x00, 0x00, 0x00, 0x00, 0x00, 0x00, 0x00, 0x00, 0x00, 0x00, 0x00, 0x00,
  0x00, 0x00, 0x00, 0x00, 0x00, 0x00, 0x00, 0x00, 0x00, 0x00, 0x00, 0x00,
  0x00, 0x00, 0x00, 0x00, 0x00, 0x00, 0x00, 0x00, 0x00, 0x00, 0x00, 0x00,
  0x00, 0x00, 0x00, 0x00, 0x00, 0x00, 0x00, 0x00, 0x00, 0x00, 0x00, 0x00,
  0x00, 0x00, 0x00, 0x00, 0x00, 0x00, 0x00, 0x00, 0x00, 0x00, 0x00, 0x00,
  0x00, 0x00, 0x00, 0x00, 0x00, 0x00, 0x00, 0x00, 0x00, 0x00, 0x00, 0x00,
  0x00, 0x00, 0x00, 0x00, 0x00, 0x00, 0x00, 0x00, 0x00, 0x00, 0x00, 0x00,
  0x00, 0x00, 0x00, 0x00, 0x00, 0x00, 0x00, 0x00, 0x00, 0x00, 0x00, 0x00,
  0x00, 0x00, 0x00, 0x00, 0x00, 0x00, 0x00, 0x00, 0x00, 0x00, 0x00, 0x00,
  0x00, 0x00, 0x00, 0x00, 0x00, 0x00, 0x00, 0x00, 0x00, 0x00, 0x00, 0x00,
  0x00, 0x00, 0x00, 0x00, 0x00, 0x00, 0x00, 0x00, 0x00, 0x00, 0x00, 0x00,
  0x00, 0x00, 0x00, 0x00, 0x00, 0x00, 0x00, 0x00, 0x00, 0x00, 0x00, 0x00,
  0x00, 0x00, 0x00, 0x00, 0x00, 0x00, 0x00, 0x00, 0x00, 0x00, 0x00, 0x00,
  0x00, 0x00, 0x00, 0x00, 0x00, 0x00, 0x00, 0x00, 0x00, 0x00, 0x00, 0x00,
  0x00, 0x00, 0x00, 0x00, 0x00, 0x00, 0x00, 0x00, 0x00, 0x00, 0x00, 0x00,
  0x00, 0x00, 0x00, 0x00, 0x00, 0x00, 0x00, 0x00, 0x00, 0x00, 0x00, 0x00,
  0x00, 0x00, 0x00, 0x00, 0x00, 0x00, 0x00, 0x00, 0x00, 0x00, 0x00, 0x00,
  0x00, 0x00, 0x00, 0x00, 0x00, 0x00, 0x00, 0x00, 0x00, 0x00, 0x00, 0x00,
  0x00, 0x00, 0x00, 0x00, 0x00, 0x00, 0x00, 0x00, 0x00, 0x00, 0x00, 0x00,
  0x00, 0x00, 0x00, 0x00, 0x00, 0x00, 0x00, 0x00, 0x00, 0x00, 0x00, 0x00,
  0x00, 0x00, 0x00, 0x00, 0x00, 0x00, 0x00, 0x00, 0x00, 0x00, 0x00, 0x00,
  0x00, 0x00, 0x00, 0x00, 0x00, 0x00, 0x00, 0x00, 0x00, 0x00, 0x00, 0x00,
  0x00, 0x00, 0x00, 0x00, 0x00, 0x00, 0x00, 0x00, 0x00, 0x00, 0x00, 0x00,
  0x00, 0x00, 0x00, 0x00, 0x00, 0x00, 0x00, 0x00, 0x00, 0x00, 0x00, 0x00,
  0x00, 0x00, 0x00, 0x00, 0x00, 0x00, 0x00, 0x00, 0x00, 0x00, 0x00, 0x00,
  0x00, 0x00, 0x00, 0x00, 0x00, 0x00, 0x00, 0x00, 0x00, 0x00, 0x00, 0x00,
  0x00, 0x00, 0x00, 0x00, 0x00, 0x00, 0x00, 0x00, 0x00, 0x00, 0x00, 0x00,
  0x00, 0x00, 0x00, 0x00, 0x00, 0x00, 0x00, 0x00, 0x00, 0x00, 0x00, 0x00,
  0x00, 0x00, 0x00, 0x00, 0x00, 0x00, 0x00, 0x00, 0x00, 0x00, 0x00, 0x00,
  0x00, 0x00, 0x00, 0x00, 0x00, 0x00, 0x00, 0x00, 0x00, 0x00, 0x00, 0x00,
  0x00, 0x00, 0x00, 0x00, 0x00, 0x00, 0x00, 0x00, 0x00, 0x00, 0x00, 0x00,
  0x00, 0x00, 0x00, 0x00, 0x00, 0x00, 0x00, 0x00, 0x00, 0x00, 0x00, 0x00,
  0x00, 0x00, 0x00, 0x00, 0x00, 0x00, 0x00, 0x00, 0x00, 0x00, 0x00, 0x00,
  0x00, 0x00, 0x00, 0x00, 0x00, 0x00, 0x00, 0x00, 0x00, 0x00, 0x00, 0x00,
  0x00, 0x00, 0x00, 0x00, 0x00, 0x00, 0x00, 0x00, 0x00, 0x00, 0x00, 0x00,
  0x00, 0x00, 0x00, 0x00, 0x00, 0x00, 0x00, 0x00, 0x00, 0x00, 0x00, 0x00,
  0x00, 0x00, 0x00, 0x00, 0x00, 0x00, 0x00, 0x00, 0x00, 0x00, 0x00, 0x00,
  0x00, 0x00, 0x00, 0x00, 0x00, 0x00, 0x00, 0x00, 0x00, 0x00, 0x00, 0x00,
  0x00, 0x00, 0x00, 0x00, 0x00, 0x00, 0x00, 0x00, 0x00, 0x00, 0x00, 0x00,
  0x00, 0x00, 0x00, 0x00, 0x00, 0x00, 0x00, 0x00, 0x00, 0x00, 0x00, 0x00,
  0x00, 0x00, 0x00, 0x00, 0x00, 0x00, 0x00, 0x00, 0x00, 0x00, 0x00, 0x00,
  0x00, 0x00, 0x00, 0x00, 0x00, 0x00, 0x00, 0x00, 0x00, 0x00, 0x00, 0x00,
  0x00, 0x00, 0x00, 0x00, 0x00, 0x00, 0x00, 0x00, 0x00, 0x00, 0x00, 0x00,
  0x00, 0x00, 0x00, 0x00, 0x00, 0x00, 0x00, 0x00, 0x00, 0x00, 0x00, 0x00,
  0x00, 0x00, 0x00, 0x00, 0x00, 0x00, 0x00, 0x00, 0x00, 0x00, 0x00, 0x00,
  0x00, 0x00, 0x00, 0x00, 0x00, 0x00, 0x00, 0x00, 0x00, 0x00, 0x00, 0x00,
  0x00, 0x00, 0x00, 0x00, 0x00, 0x00, 0x00, 0x00, 0x00, 0x00, 0x00, 0x00,
  0x00, 0x00, 0x00, 0x00, 0x00, 0x00, 0x00, 0x00, 0x00, 0x00, 0x00, 0x00,
  0x00, 0x00, 0x00, 0x00, 0x00, 0x00, 0x00, 0x00, 0x00, 0x00, 0x00, 0x00,
  0x00, 0x00, 0x00, 0x00, 0x00, 0x00, 0x00, 0x00, 0x00, 0x00, 0x00, 0x00,
  0x00, 0x00, 0x00, 0x00, 0x00, 0x00, 0x00, 0x00, 0x00, 0x00, 0x00, 0x00,
  0x00, 0x00, 0x00, 0x00, 0x00, 0x00, 0x00, 0x00, 0x00, 0x00, 0x00, 0x00,
  0x00, 0x00, 0x00, 0x00, 0x00, 0x00, 0x00, 0x00, 0x00, 0x00, 0x00, 0x00,
  0x00, 0x00, 0x00, 0x00, 0x00, 0x00, 0x00, 0x00, 0x00, 0x00, 0x00, 0x00,
  0x00, 0x00, 0x00, 0x00, 0x00, 0x00, 0x00, 0x00, 0x00, 0x00, 0x00, 0x00,
  0x00, 0x00, 0x00, 0x00, 0x00, 0x00, 0x00, 0x00, 0x00, 0x00, 0x00, 0x00,
  0x00, 0x00, 0x00, 0x00, 0x00, 0x00, 0x00, 0x00, 0x00, 0x00, 0x00, 0x00,
  0x00, 0x00, 0x00, 0x00, 0x00, 0x00, 0x00, 0x00, 0x00, 0x00, 0x00, 0x00,
  0x00, 0x00, 0x00, 0x00, 0x00, 0x00, 0x00, 0x00, 0x00, 0x00, 0x00, 0x00,
  0x00, 0x00, 0x00, 0x00, 0x00, 0x00, 0x00, 0x00, 0x00, 0x00, 0x00, 0x00,
  0x00, 0x00, 0x00, 0x00, 0x00, 0x00, 0x00, 0x00, 0x00, 0x00, 0x00, 0x00,
  0x00, 0x00, 0x00, 0x00, 0x00, 0x00, 0x00, 0x00, 0x00, 0x00, 0x00, 0x00,
  0x00, 0x00, 0x00, 0x00, 0x00, 0x00, 0x00, 0x00, 0x00, 0x00, 0x00, 0x00,
  0x00, 0x00, 0x00, 0x00, 0x00, 0x00, 0x00, 0x00, 0x00, 0x00, 0x00, 0x00,
  0x00, 0x00, 0x00, 0x00, 0x00, 0x00, 0x00, 0x00, 0x00, 0x00, 0x00, 0x00,
  0x00, 0x00, 0x00, 0x00, 0x00, 0x00, 0x00, 0x00, 0x00, 0x00, 0x00, 0x00,
  0x00, 0x00, 0x00, 0x00, 0x00, 0x00, 0x00, 0x00, 0x00, 0x00, 0x00, 0x00,
  0x00, 0x00, 0x00, 0x00, 0x00, 0x00, 0x00, 0x00, 0x00, 0x00, 0x00, 0x00,
  0x00, 0x00, 0x00, 0x00, 0x00, 0x00, 0x00, 0x00, 0x00, 0x00, 0x00, 0x00,
  0x00, 0x00, 0x00, 0x00, 0x00, 0x00, 0x00, 0x00, 0x00, 0x00, 0x00, 0x00,
  0x00, 0x00, 0x00, 0x00, 0x00, 0x00, 0x00, 0x00, 0x00, 0x00, 0x00, 0x00,
  0x00, 0x00, 0x00, 0x00, 0x00, 0x00, 0x00, 0x00, 0x00, 0x00, 0x00, 0x00,
  0x00, 0x00, 0x00, 0x00, 0x00, 0x00, 0x00, 0x00, 0x00, 0x00, 0x00, 0x00,
  0x00, 0x00, 0x00, 0x00, 0x00, 0x00, 0x00, 0x00, 0x00, 0x00, 0x00, 0x00,
  0x00, 0x00, 0x00, 0x00, 0x00, 0x00, 0x00, 0x00, 0x00, 0x00, 0x00, 0x00,
  0x00, 0x00, 0x00, 0x00, 0x00, 0x00, 0x00, 0x00, 0x00, 0x00, 0x00, 0x00,
  0x00, 0x00, 0x00, 0x00, 0x00, 0x00, 0x00, 0x00, 0x00, 0x00, 0x00, 0x00,
  0x00, 0x00, 0x00, 0x00, 0x00, 0x00, 0x00, 0x00, 0x00, 0x00, 0x00, 0x00,
  0x00, 0x00, 0x00, 0x00, 0x00, 0x00, 0x00, 0x00, 0x00, 0x00, 0x00, 0x00,
  0x00, 0x00, 0x00, 0x00, 0x00, 0x00, 0x00, 0x00, 0x00, 0x00, 0x00, 0x00,
  0x00, 0x00, 0x00, 0x00, 0x00, 0x00, 0x00, 0x00, 0x00, 0x00, 0x00, 0x00,
  0x00, 0x00, 0x00, 0x00, 0x00, 0x00, 0x00, 0x00, 0x00, 0x00, 0x00, 0x00,
  0x00, 0x00, 0x00, 0x00, 0x00, 0x00, 0x00, 0x00, 0x00, 0x00, 0x00, 0x00,
  0x00, 0x00, 0x00, 0x00, 0x00, 0x00, 0x00, 0x00, 0x00, 0x00, 0x00, 0x00,
  0x00, 0x00, 0x00, 0x00, 0x00, 0x00, 0x00, 0x00, 0x00, 0x00, 0x00, 0x00,
  0x00, 0x00, 0x00, 0x00, 0x00, 0x00, 0x00, 0x00, 0x00, 0x00, 0x00, 0x00,
  0x00, 0x00, 0x00, 0x00, 0x00, 0x00, 0x00, 0x00, 0x00, 0x00, 0x00, 0x00,
  0x00, 0x00, 0x00, 0x00, 0x00, 0x00, 0x00, 0x00, 0x00, 0x00, 0x00, 0x00,
  0x00, 0x00, 0x00, 0x00, 0x00, 0x00, 0x00, 0x00, 0x00, 0x00, 0x00, 0x00,
  0x00, 0x00, 0x00, 0x00, 0x00, 0x00, 0x00, 0x00, 0x00, 0x00, 0x00, 0x00,
  0x00, 0x00, 0x00, 0x00, 0x00, 0x00, 0x00, 0x00, 0x00, 0x00, 0x00, 0x00,
  0x00, 0x00, 0x00, 0x00, 0x00, 0x00, 0x00, 0x00, 0x00, 0x00, 0x00, 0x00,
  0x00, 0x00, 0x00, 0x00, 0x00, 0x00, 0x00, 0x00, 0x00, 0x00, 0x00, 0x00,
  0x00, 0x00, 0x00, 0x00, 0x00, 0x00, 0x00, 0x00, 0x00, 0x00, 0x00, 0x00,
  0x00, 0x00, 0x00, 0x00, 0x00, 0x00, 0x00, 0x00, 0x00, 0x00, 0x00, 0x00,
  0x00, 0x00, 0x00, 0x00, 0x00, 0x00, 0x00, 0x00, 0x00, 0x00, 0x00, 0x00,
  0x00, 0x00, 0x00, 0x00, 0x00, 0x00, 0x00, 0x00, 0x00, 0x00, 0x00, 0x00,
  0x00, 0x00, 0x00, 0x00, 0x00, 0x00, 0x00, 0x00, 0x00, 0x00, 0x00, 0x00,
  0x00, 0x00, 0x00, 0x00, 0x00, 0x00, 0x00, 0x00, 0x00, 0x00, 0x00, 0x00,
  0x00, 0x00, 0x00, 0x00, 0x00, 0x00, 0x00, 0x00, 0x00, 0x00, 0x00, 0x00,
  0x00, 0x00, 0x00, 0x00, 0x00, 0x00, 0x00, 0x00, 0x00, 0x00, 0x00, 0x00,
  0x00, 0x00, 0x00, 0x00, 0x00, 0x00, 0x00, 0x00, 0x00, 0x00, 0x00, 0x00,
  0x00, 0x00, 0x00, 0x00, 0x00, 0x00, 0x00, 0x00, 0x00, 0x00, 0x00, 0x00,
  0x00, 0x00, 0x00, 0x00, 0x00, 0x00, 0x00, 0x00, 0x00, 0x00, 0x00, 0x00,
  0x00, 0x00, 0x00, 0x00, 0x00, 0x00, 0x00, 0x00, 0x00, 0x00, 0x00, 0x00,
  0x00, 0x00, 0x00, 0x00, 0x00, 0x00, 0x00, 0x00, 0x00, 0x00, 0x00, 0x00,
  0x00, 0x00, 0x00, 0x00, 0x00, 0x00, 0x00, 0x00, 0x00, 0x00, 0x00, 0x00,
  0x00, 0x00, 0x00, 0x00, 0x00, 0x00, 0x00, 0x00, 0x00, 0x00, 0x00, 0x00,
  0x00, 0x00, 0x00, 0x00, 0x00, 0x00, 0x00, 0x00, 0x00, 0x00, 0x00, 0x00,
  0x00, 0x00, 0x00, 0x00, 0x00, 0x00, 0x00, 0x00, 0x00, 0x00, 0x00, 0x00,
  0x00, 0x00, 0x00, 0x00, 0x00, 0x00, 0x00, 0x00, 0x00, 0x00, 0x00, 0x00,
  0x00, 0x00, 0x00, 0x00, 0x00, 0x00, 0x00, 0x00, 0x00, 0x00, 0x00, 0x00,
  0x00, 0x00, 0x00, 0x00, 0x00, 0x00, 0x00, 0x00, 0x00, 0x00, 0x00, 0x00,
  0x00, 0x00, 0x00, 0x00, 0x00, 0x00, 0x00, 0x00, 0x00, 0x00, 0x00, 0x00,
  0x00, 0x00, 0x00, 0x00, 0x00, 0x00, 0x00, 0x00, 0x00, 0x00, 0x00, 0x00,
  0x00, 0x00, 0x00, 0x00, 0x00, 0x00, 0x00, 0x00, 0x00, 0x00, 0x00, 0x00,
  0x00, 0x00, 0x00, 0x00, 0x00, 0x00, 0x00, 0x00, 0x00, 0x00, 0x00, 0x00,
  0x00, 0x00, 0x00, 0x00, 0x00, 0x00, 0x00, 0x00, 0x00, 0x00, 0x00, 0x00,
  0x00, 0x00, 0x00, 0x00, 0x00, 0x00, 0x00, 0x00, 0x00, 0x00, 0x00, 0x00,
  0x00, 0x00, 0x00, 0x00, 0x00, 0x00, 0x00, 0x00, 0x00, 0x00, 0x00, 0x00,
  0x00, 0x00, 0x00, 0x00, 0x00, 0x00, 0x00, 0x00, 0x00, 0x00, 0x00, 0x00,
  0x00, 0x00, 0x00, 0x00, 0x00, 0x00, 0x00, 0x00, 0x00, 0x00, 0x00, 0x00,
  0x00, 0x00, 0x00, 0x00, 0x00, 0x00, 0x00, 0x00, 0x00, 0x00, 0x00, 0x00,
  0x00, 0x00, 0x00, 0x00, 0x00, 0x00, 0x00, 0x00, 0x00, 0x00, 0x00, 0x00,
  0x00, 0x00, 0x00, 0x00, 0x00, 0x00, 0x00, 0x00, 0x00, 0x00, 0x00, 0x00,
  0x00, 0x00, 0x00, 0x00, 0x00, 0x00, 0x00, 0x00, 0x00, 0x00, 0x00, 0x00,
  0x00, 0x00, 0x00, 0x00, 0x00, 0x00, 0x00, 0x00, 0x00, 0x00, 0x00, 0x00,
  0x00, 0x00, 0x00, 0x00, 0x00, 0x00, 0x00, 0x00, 0x00, 0x00, 0x00, 0x00,
  0x00, 0x00, 0x00, 0x00, 0x00, 0x00, 0x00, 0x00, 0x00, 0x00, 0x00, 0x00,
  0x00, 0x00, 0x00, 0x00, 0x00, 0x00, 0x00, 0x00, 0x00, 0x00, 0x00, 0x00,
  0x00, 0x00, 0x00, 0x00, 0x00, 0x00, 0x00, 0x00, 0x00, 0x00, 0x00, 0x00,
  0x00, 0x00, 0x00, 0x00, 0x00, 0x00, 0x00, 0x00, 0x00, 0x00, 0x00, 0x00,
  0x00, 0x00, 0x00, 0x00, 0x00, 0x00, 0x00, 0x00, 0x00, 0x00, 0x00, 0x00,
  0x00, 0x00, 0x00, 0x00, 0x00, 0x00, 0x00, 0x00, 0x00, 0x00, 0x00, 0x00,
  0x00, 0x00, 0x00, 0x00, 0x00, 0x00, 0x00, 0x00, 0x00, 0x00, 0x00, 0x00,
  0x00, 0x00, 0x00, 0x00, 0x00, 0x00, 0x00, 0x00, 0x00, 0x00, 0x00, 0x00,
  0x00, 0x00, 0x00, 0x00, 0x00, 0x00, 0x00, 0x00, 0x00, 0x00, 0x00, 0x00,
  0x00, 0x00, 0x00, 0x00, 0x00, 0x00, 0x00, 0x00, 0x00, 0x00, 0x00, 0x00,
  0x00, 0x00, 0x00, 0x00, 0x00, 0x00, 0x00, 0x00, 0x00, 0x00, 0x00, 0x00,
  0x00, 0x00, 0x00, 0x00, 0x00, 0x00, 0x00, 0x00, 0x00, 0x00, 0x00, 0x00,
  0x00, 0x00, 0x00, 0x00, 0x00, 0x00, 0x00, 0x00, 0x00, 0x00, 0x00, 0x00,
  0x00, 0x00, 0x00, 0x00, 0x00, 0x00, 0x00, 0x00, 0x00, 0x00, 0x00, 0x00,
  0x00, 0x00, 0x00, 0x00, 0x00, 0x00, 0x00, 0x00, 0x00, 0x00, 0x00, 0x00,
  0x00, 0x00, 0x00, 0x00, 0x00, 0x00, 0x00, 0x00, 0x00, 0x00, 0x00, 0x00,
  0x00, 0x00, 0x00, 0x00, 0x00, 0x00, 0x00, 0x00, 0x00, 0x00, 0x00, 0x00,
  0x00, 0x00, 0x00, 0x00, 0x00, 0x00, 0x00, 0x00, 0x00, 0x00, 0x00, 0x00,
  0x00, 0x00, 0x00, 0x00, 0x00, 0x00, 0x00, 0x00, 0x00, 0x00, 0x00, 0x00,
  0x00, 0x00, 0x00, 0x00, 0x00, 0x00, 0x00, 0x00, 0x00, 0x00, 0x00, 0x00,
  0x00, 0x00, 0x00, 0x00, 0x00, 0x00, 0x00, 0x00, 0x00, 0x00, 0x00, 0x00,
  0x00, 0x00, 0x00, 0x00, 0x00, 0x00, 0x00, 0x00, 0x00, 0x00, 0x00, 0x00,
  0x00, 0x00, 0x00, 0x00, 0x00, 0x00, 0x00, 0x00, 0x00, 0x00, 0x00, 0x00,
  0x00, 0x00, 0x00, 0x00, 0x00, 0x00, 0x00, 0x00, 0x00, 0x00, 0x00, 0x00,
  0x00, 0x00, 0x00, 0x00, 0x00, 0x00, 0x00, 0x00, 0x00, 0x00, 0x00, 0x00,
  0x00, 0x00, 0x00, 0x00, 0x00, 0x00, 0x00, 0x00, 0x00, 0x00, 0x00, 0x00,
  0x00, 0x00, 0x00, 0x00, 0x00, 0x00, 0x00, 0x00, 0x00, 0x00, 0x00, 0x00,
  0x00, 0x00, 0x00, 0x00, 0x00, 0x00, 0x00, 0x00, 0x00, 0x00, 0x00, 0x00,
  0x00, 0x00, 0x00, 0x00, 0x00, 0x00, 0x00, 0x00, 0x00, 0x00, 0x00, 0x00,
  0x00, 0x00, 0x00, 0x00, 0x00, 0x00, 0x00, 0x00, 0x00, 0x00, 0x00, 0x00,
  0x00, 0x00, 0x00, 0x00, 0x00, 0x00, 0x00, 0x00, 0x00, 0x00, 0x00, 0x00,
  0x00, 0x00, 0x00, 0x00, 0x00, 0x00, 0x00, 0x00, 0x00, 0x00, 0x00, 0x00,
  0x00, 0x00, 0x00, 0x00, 0x00, 0x00, 0x00, 0x00, 0x00, 0x00, 0x00, 0x00,
  0x00, 0x00, 0x00, 0x00, 0x00, 0x00, 0x00, 0x00, 0x00, 0x00, 0x00, 0x00,
  0x00, 0x00, 0x00, 0x00, 0x00, 0x00, 0x00, 0x00, 0x00, 0x00, 0x00, 0x00,
  0x00, 0x00, 0x00, 0x00, 0x00, 0x00, 0x00, 0x00, 0x00, 0x00, 0x00, 0x00,
  0x00, 0x00, 0x00, 0x00, 0x00, 0x00, 0x00, 0x00, 0x00, 0x00, 0x00, 0x00,
  0x00, 0x00, 0x00, 0x00, 0x00, 0x00, 0x00, 0x00, 0x00, 0x00, 0x00, 0x00,
  0x00, 0x00, 0x00, 0x00, 0x00, 0x00, 0x00, 0x00, 0x00, 0x00, 0x00, 0x00,
  0x00, 0x00, 0x00, 0x00, 0x00, 0x00, 0x00, 0x00, 0x00, 0x00, 0x00, 0x00,
  0x00, 0x00, 0x00, 0x00, 0x00, 0x00, 0x00, 0x00, 0x00, 0x00, 0x00, 0x00,
  0x00, 0x00, 0x00, 0x00, 0x00, 0x00, 0x00, 0x00, 0x00, 0x00, 0x00, 0x00,
  0x00, 0x00, 0x00, 0x00, 0x00, 0x00, 0x00, 0x00, 0x00, 0x00, 0x00, 0x00,
  0x00, 0x00, 0x00, 0x00, 0x00, 0x00, 0x00, 0x00, 0x00, 0x00, 0x00, 0x00,
  0x00, 0x00, 0x00, 0x00, 0x00, 0x00, 0x00, 0x00, 0x00, 0x00, 0x00, 0x00,
  0x00, 0x00, 0x00, 0x00, 0x00, 0x00, 0x00, 0x00, 0x00, 0x00, 0x00, 0x00,
  0x00, 0x00, 0x00, 0x00, 0x00, 0x00, 0x00, 0x00, 0x00, 0x00, 0x00, 0x00,
  0x00, 0x00, 0x00, 0x00, 0x00, 0x00, 0x00, 0x00, 0x00, 0x00, 0x00, 0x00,
  0x00, 0x00, 0x00, 0x00, 0x00, 0x00, 0x00, 0x00, 0x00, 0x00, 0x00, 0x00,
  0x00, 0x00, 0x00, 0x00, 0x00, 0x00, 0x00, 0x00, 0x00, 0x00, 0x00, 0x00,
  0x00, 0x00, 0x00, 0x00, 0x00, 0x00, 0x00, 0x00, 0x00, 0x00, 0x00, 0x00,
  0x00, 0x00, 0x00, 0x00, 0x00, 0x00, 0x00, 0x00, 0x00, 0x00, 0x00, 0x00,
  0x00, 0x00, 0x00, 0x00, 0x00, 0x00, 0x00, 0x00, 0x00, 0x00, 0x00, 0x00,
  0x00, 0x00, 0x00, 0x00, 0x00, 0x00, 0x00, 0x00, 0x00, 0x00, 0x00, 0x00,
  0x00, 0x00, 0x00, 0x00, 0x00, 0x00, 0x00, 0x00, 0x00, 0x00, 0x00, 0x00,
  0x00, 0x00, 0x00, 0x00, 0x00, 0x00, 0x00, 0x00, 0x00, 0x00, 0x00, 0x00,
  0x00, 0x00, 0x00, 0x00, 0x00, 0x00, 0x00, 0x00, 0x00, 0x00, 0x00, 0x00,
  0x00, 0x00, 0x00, 0x00, 0x00, 0x00, 0x00, 0x00, 0x00, 0x00, 0x00, 0x00,
  0x00, 0x00, 0x00, 0x00, 0x00, 0x00, 0x00, 0x00, 0x00, 0x00, 0x00, 0x00,
  0x00, 0x00, 0x00, 0x00, 0x00, 0x00, 0x00, 0x00, 0x00, 0x00, 0x00, 0x00,
  0x00, 0x00, 0x00, 0x00, 0x00, 0x00, 0x00, 0x00, 0x00, 0x00, 0x00, 0x00,
  0x00, 0x00, 0x00, 0x00, 0x00, 0x00, 0x00, 0x00, 0x00, 0x00, 0x00, 0x00,
  0x00, 0x00, 0x00, 0x00, 0x00, 0x00, 0x00, 0x00, 0x00, 0x00, 0x00, 0x00,
  0x00, 0x00, 0x00, 0x00, 0x00, 0x00, 0x00, 0x00, 0x00, 0x00, 0x00, 0x00,
  0x00, 0x00, 0x00, 0x00, 0x00, 0x00, 0x00, 0x00, 0x00, 0x00, 0x00, 0x00,
  0x00, 0x00, 0x00, 0x00, 0x00, 0x00, 0x00, 0x00, 0x00, 0x00, 0x00, 0x00,
  0x00, 0x00, 0x00, 0x00, 0x00, 0x00, 0x00, 0x00, 0x00, 0x00, 0x00, 0x00,
  0x00, 0x00, 0x00, 0x00, 0x00, 0x00, 0x00, 0x00, 0x00, 0x00, 0x00, 0x00,
  0x00, 0x00, 0x00, 0x00, 0x00, 0x00, 0x00, 0x00, 0x00, 0x00, 0x00, 0x00,
  0x00, 0x00, 0x00, 0x00, 0x00, 0x00, 0x00, 0x00, 0x00, 0x00, 0x00, 0x00,
  0x00, 0x00, 0x00, 0x00, 0x00, 0x00, 0x00, 0x00, 0x00, 0x00, 0x00, 0x00,
  0x00, 0x00, 0x00, 0x00, 0x00, 0x00, 0x00, 0x00, 0x00, 0x00, 0x00, 0x00,
  0x00, 0x00, 0x00, 0x00, 0x00, 0x00, 0x00, 0x00, 0x00, 0x00, 0x00, 0x00,
  0x00, 0x00, 0x00, 0x00, 0x00, 0x00, 0x00, 0x00, 0x00, 0x00, 0x00, 0x00,
  0x00, 0x00, 0x00, 0x00, 0x00, 0x00, 0x00, 0x00, 0x00, 0x00, 0x00, 0x00,
  0x00, 0x00, 0x00, 0x00, 0x00, 0x00, 0x00, 0x00, 0x00, 0x00, 0x00, 0x00,
  0x00, 0x00, 0x00, 0x00, 0x00, 0x00, 0x00, 0x00, 0x00, 0x00, 0x00, 0x00,
  0x00, 0x00, 0x00, 0x00, 0x00, 0x00, 0x00, 0x00, 0x00, 0x00, 0x00, 0x00,
  0x00, 0x00, 0x00, 0x00, 0x00, 0x00, 0x00, 0x00, 0x00, 0x00, 0x00, 0x00,
  0x00, 0x00, 0x00, 0x00, 0x00, 0x00, 0x00, 0x00, 0x00, 0x00, 0x00, 0x00,
  0x00, 0x00, 0x00, 0x00, 0x00, 0x00, 0x00, 0x00, 0x00, 0x00, 0x00, 0x00,
  0x00, 0x00, 0x00, 0x00, 0x00, 0x00, 0x00, 0x00, 0x00, 0x00, 0x00, 0x00,
  0x00, 0x00, 0x00, 0x00, 0x00, 0x00, 0x00, 0x00, 0x00, 0x00, 0x00, 0x00,
  0x00, 0x00, 0x00, 0x00, 0x00, 0x00, 0x00, 0x00, 0x00, 0x00, 0x00, 0x00,
  0x00, 0x00, 0x00, 0x00, 0x00, 0x00, 0x00, 0x00, 0x00, 0x00, 0x00, 0x00,
  0x00, 0x00, 0x00, 0x00, 0x00, 0x00, 0x00, 0x00, 0x00, 0x00, 0x00, 0x00,
  0x00, 0x00, 0x00, 0x00, 0x00, 0x00, 0x00, 0x00, 0x00, 0x00, 0x00, 0x00,
  0x00, 0x00, 0x00, 0x00, 0x00, 0x00, 0x00, 0x00, 0x00, 0x00, 0x00, 0x00,
  0x00, 0x00, 0x00, 0x00, 0x00, 0x00, 0x00, 0x00, 0x00, 0x00, 0x00, 0x00,
  0x00, 0x00, 0x00, 0x00, 0x00, 0x00, 0x00, 0x00, 0x00, 0x00, 0x00, 0x00,
  0x00, 0x00, 0x00, 0x00, 0x00, 0x00, 0x00, 0x00, 0x00, 0x00, 0x00, 0x00,
  0x00, 0x00, 0x00, 0x00, 0x00, 0x00, 0x00, 0x00, 0x00, 0x00, 0x00, 0x00,
  0x00, 0x00, 0x00, 0x00, 0x00, 0x00, 0x00, 0x00, 0x00, 0x00, 0x00, 0x00,
  0x00, 0x00, 0x00, 0x00, 0x00, 0x00, 0x00, 0x00, 0x00, 0x00, 0x00, 0x00,
  0x00, 0x00, 0x00, 0x00, 0x00, 0x00, 0x00, 0x00, 0x00, 0x00, 0x00, 0x00,
  0x00, 0x00, 0x00, 0x00, 0x00, 0x00, 0x00, 0x00, 0x00, 0x00, 0x00, 0x00,
  0x00, 0x00, 0x00, 0x00, 0x00, 0x00, 0x00, 0x00, 0x00, 0x00, 0x00, 0x00,
  0x00, 0x00, 0x00, 0x00, 0x00, 0x00, 0x00, 0x00, 0x00, 0x00, 0x00, 0x00,
  0x00, 0x00, 0x00, 0x00, 0x00, 0x00, 0x00, 0x00, 0x00, 0x00, 0x00, 0x00,
  0x00, 0x00, 0x00, 0x00, 0x00, 0x00, 0x00, 0x00, 0x00, 0x00, 0x00, 0x00,
  0x00, 0x00, 0x00, 0x00, 0x00, 0x00, 0x00, 0x00, 0x00, 0x00, 0x00, 0x00,
  0x00, 0x00, 0x00, 0x00, 0x00, 0x00, 0x00, 0x00, 0x00, 0x00, 0x00, 0x00,
  0x00, 0x00, 0x00, 0x00, 0x00, 0x00, 0x00, 0x00, 0x00, 0x00, 0x00, 0x00,
  0x00, 0x00, 0x00, 0x00, 0x00, 0x00, 0x00, 0x00, 0x00, 0x00, 0x00, 0x00,
  0x00, 0x00, 0x00, 0x00, 0x00, 0x00, 0x00, 0x00, 0x00, 0x00, 0x00, 0x00,
  0x00, 0x00, 0x00, 0x00, 0x00, 0x00, 0x00, 0x00, 0x00, 0x00, 0x00, 0x00,
  0x00, 0x00, 0x00, 0x00, 0x00, 0x00, 0x00, 0x00, 0x00, 0x00, 0x00, 0x00,
  0x00, 0x00, 0x00, 0x00, 0x00, 0x00, 0x00, 0x00, 0x00, 0x00, 0x00, 0x00,
  0x00, 0x00, 0x00, 0x00, 0x00, 0x00, 0x00, 0x00, 0x00, 0x00, 0x00, 0x00,
  0x00, 0x00, 0x00, 0x00, 0x00, 0x00, 0x00, 0x00, 0x00, 0x00, 0x00, 0x00,
  0x00, 0x00, 0x00, 0x00, 0x00, 0x00, 0x00, 0x00, 0x00, 0x00, 0x00, 0x00,
  0x00, 0x00, 0x00, 0x00, 0x00, 0x00, 0x00, 0x00, 0x00, 0x00, 0x00, 0x00,
  0x00, 0x00, 0x00, 0x00, 0x00, 0x00, 0x00, 0x00, 0x00, 0x00, 0x00, 0x00,
  0x00, 0x00, 0x00, 0x00, 0x00, 0x00, 0x00, 0x00, 0x00, 0x00, 0x00, 0x00,
  0x00, 0x00, 0x00, 0x00, 0x00, 0x00, 0x00, 0x00, 0x00, 0x00, 0x00, 0x00,
  0x00, 0x00, 0x00, 0x00, 0x00, 0x00, 0x00, 0x00, 0x00, 0x00, 0x00, 0x00,
  0x00, 0x00, 0x00, 0x00, 0x00, 0x00, 0x00, 0x00, 0x00, 0x00, 0x00, 0x00,
  0x00, 0x00, 0x00, 0x00, 0x00, 0x00, 0x00, 0x00, 0x00, 0x00, 0x00, 0x00,
  0x00, 0x00, 0x00, 0x00, 0x00, 0x00, 0x00, 0x00, 0x00, 0x00, 0x00, 0x00,
  0x00, 0x00, 0x00, 0x00, 0x00, 0x00, 0x00, 0x00, 0x00, 0x00, 0x00, 0x00,
  0x00, 0x00, 0x00, 0x00, 0x00, 0x00, 0x00, 0x00, 0x00, 0x00, 0x00, 0x00,
  0x00, 0x00, 0x00, 0x00, 0x00, 0x00, 0x00, 0x00, 0x00, 0x00, 0x00, 0x00,
  0x00, 0x00, 0x00, 0x00, 0x00, 0x00, 0x00, 0x00, 0x00, 0x00, 0x00, 0x00,
  0x00, 0x00, 0x00, 0x00, 0x00, 0x00, 0x00, 0x00, 0x00, 0x00, 0x00, 0x00,
  0x00, 0x00, 0x00, 0x00, 0x00, 0x00, 0x00, 0x00, 0x00, 0x00, 0x00, 0x00,
  0x00, 0x00, 0x00, 0x00, 0x00, 0x00, 0x00, 0x00, 0x00, 0x00, 0x00, 0x00,
  0x00, 0x00, 0x00, 0x00, 0x00, 0x00, 0x00, 0x00, 0x00, 0x00, 0x00, 0x00,
  0x00, 0x00, 0x00, 0x00, 0x00, 0x00, 0x00, 0x00, 0x00, 0x00, 0x00, 0x00,
  0x00, 0x00, 0x00, 0x00, 0x00, 0x00, 0x00, 0x00, 0x00, 0x00, 0x00, 0x00,
  0x00, 0x00, 0x00, 0x00, 0x00, 0x00, 0x00, 0x00, 0x00, 0x00, 0x00, 0x00,
  0x00, 0x00, 0x00, 0x00, 0x00, 0x00, 0x00, 0x00, 0x00, 0x00, 0x00, 0x00,
  0x00, 0x00, 0x00, 0x00, 0x00, 0x00, 0x00, 0x00, 0x00, 0x00, 0x00, 0x00,
  0x00, 0x00, 0x00, 0x00, 0x00, 0x00, 0x00, 0x00, 0x00, 0x00, 0x00, 0x00,
  0x00, 0x00, 0x00, 0x00, 0x00, 0x00, 0x00, 0x00, 0x00, 0x00, 0x00, 0x00,
  0x00, 0x00, 0x00, 0x00, 0x00, 0x00, 0x00, 0x00, 0x00, 0x00, 0x00, 0x00,
  0x00, 0x00, 0x00, 0x00, 0x00, 0x00, 0x00, 0x00, 0x00, 0x00, 0x00, 0x00,
  0x00, 0x00, 0x00, 0x00, 0x00, 0x00, 0x00, 0x00, 0x00, 0x00, 0x00, 0x00,
  0x00, 0x00, 0x00, 0x00, 0x00, 0x00, 0x00, 0x00, 0x00, 0x00, 0x00, 0x00,
  0x00, 0x00, 0x00, 0x00, 0x00, 0x00, 0x00, 0x00, 0x00, 0x00, 0x00, 0x00,
  0x00, 0x00, 0x00, 0x00, 0x00, 0x00, 0x00, 0x00, 0x00, 0x00, 0x00, 0x00,
  0x00, 0x00, 0x00, 0x00, 0x00, 0x00, 0x00, 0x00, 0x00, 0x00, 0x00, 0x00,
  0x00, 0x00, 0x00, 0x00, 0x00, 0x00, 0x00, 0x00, 0x00, 0x00, 0x00, 0x00,
  0x00, 0x00, 0x00, 0x00, 0x00, 0x00, 0x00, 0x00, 0x00, 0x00, 0x00, 0x00,
  0x00, 0x00, 0x00, 0x00, 0x00, 0x00, 0x00, 0x00, 0x00, 0x00, 0x00, 0x00,
  0x00, 0x00, 0x00, 0x00, 0x00, 0x00, 0x00, 0x00, 0x00, 0x00, 0x00, 0x00,
  0x00, 0x00, 0x00, 0x00, 0x00, 0x00, 0x00, 0x00, 0x00, 0x00, 0x00, 0x00,
  0x00, 0x00, 0x00, 0x00, 0x00, 0x00, 0x00, 0x00, 0x00, 0x00, 0x00, 0x00,
  0x00, 0x00, 0x00, 0x00, 0x00, 0x00, 0x00, 0x00, 0x00, 0x00, 0x00, 0x00,
  0x00, 0x00, 0x00, 0x00, 0x00, 0x00, 0x00, 0x00, 0x00, 0x00, 0x00, 0x00,
  0x00, 0x00, 0x00, 0x00, 0x00, 0x00, 0x00, 0x00, 0x00, 0x00, 0x00, 0x00,
  0x00, 0x00, 0x00, 0x00, 0x00, 0x00, 0x00, 0x00, 0x00, 0x00, 0x00, 0x00,
  0x00, 0x00, 0x00, 0x00, 0x00, 0x00, 0x00, 0x00, 0x00, 0x00, 0x00, 0x00,
  0x00, 0x00, 0x00, 0x00, 0x00, 0x00, 0x00, 0x00, 0x00, 0x00, 0x00, 0x00,
  0x00, 0x00, 0x00, 0x00, 0x00, 0x00, 0x00, 0x00, 0x00, 0x00, 0x00, 0x00,
  0x00, 0x00, 0x00, 0x00, 0x00, 0x00, 0x00, 0x00, 0x00, 0x00, 0x00, 0x00,
  0x00, 0x00, 0x00, 0x00, 0x00, 0x00, 0x00, 0x00, 0x00, 0x00, 0x00, 0x00,
  0x00, 0x00, 0x00, 0x00, 0x00, 0x00, 0x00, 0x00, 0x00, 0x00, 0x00, 0x00,
  0x00, 0x00, 0x00, 0x00, 0x00, 0x00, 0x00, 0x00, 0x00, 0x00, 0x00, 0x00,
  0x00, 0x00, 0x00, 0x00, 0x00, 0x00, 0x00, 0x00, 0x00, 0x00, 0x00, 0x00,
  0x00, 0x00, 0x00, 0x00, 0x00, 0x00, 0x00, 0x00, 0x00, 0x00, 0x00, 0x00,
  0x00, 0x00, 0x00, 0x00, 0x00, 0x00, 0x00, 0x00, 0x00, 0x00, 0x00, 0x00,
  0x00, 0x00, 0x00, 0x00, 0x00, 0x00, 0x00, 0x00, 0x00, 0x00, 0x00, 0x00,
  0x00, 0x00, 0x00, 0x00, 0x00, 0x00, 0x00, 0x00, 0x00, 0x00, 0x00, 0x00,
  0x00, 0x00, 0x00, 0x00, 0x00, 0x00, 0x00, 0x00, 0x00, 0x00, 0x00, 0x00,
  0x00, 0x00, 0x00, 0x00, 0x00, 0x00, 0x00, 0x00, 0x00, 0x00, 0x00, 0x00,
  0x00, 0x00, 0x00, 0x00, 0x00, 0x00, 0x00, 0x00, 0x00, 0x00, 0x00, 0x00,
  0x00, 0x00, 0x00, 0x00, 0x00, 0x00, 0x00, 0x00, 0x00, 0x00, 0x00, 0x00,
  0x00, 0x00, 0x00, 0x00, 0x00, 0x00, 0x00, 0x00, 0x00, 0x00, 0x00, 0x00,
  0x00, 0x00, 0x00, 0x00, 0x00, 0x00, 0x00, 0x00, 0x00, 0x00, 0x00, 0x00,
  0x00, 0x00, 0x00, 0x00, 0x00, 0x00, 0x00, 0x00, 0x00, 0x00, 0x00, 0x00,
  0x00, 0x00, 0x00, 0x00, 0x00, 0x00, 0x00, 0x00, 0x00, 0x00, 0x00, 0x00,
  0x00, 0x00, 0x00, 0x00, 0x00, 0x00, 0x00, 0x00, 0x00, 0x00, 0x00, 0x00,
  0x00, 0x00, 0x00, 0x00, 0x00, 0x00, 0x00, 0x00, 0x00, 0x00, 0x00, 0x00,
  0x00, 0x00, 0x00, 0x00, 0x00, 0x00, 0x00, 0x00, 0x00, 0x00, 0x00, 0x00,
  0x00, 0x00, 0x00, 0x00, 0x00, 0x00, 0x00, 0x00, 0x00, 0x00, 0x00, 0x00,
  0x00, 0x00, 0x00, 0x00, 0x00, 0x00, 0x00, 0x00, 0x00, 0x00, 0x00, 0x00,
  0x00, 0x00, 0x00, 0x00, 0x00, 0x00, 0x00, 0x00, 0x00, 0x00, 0x00, 0x00,
  0x00, 0x00, 0x00, 0x00, 0x00, 0x00, 0x00, 0x00, 0x00, 0x00, 0x00, 0x00,
  0x00, 0x00, 0x00, 0x00, 0x00, 0x00, 0x00, 0x00, 0x00, 0x00, 0x00, 0x00,
  0x00, 0x00, 0x00, 0x00, 0x00, 0x00, 0x00, 0x00, 0x00, 0x00, 0x00, 0x00,
  0x00, 0x00, 0x00, 0x00, 0x00, 0x00, 0x00, 0x00, 0x00, 0x00, 0x00, 0x00,
  0x00, 0x00, 0x00, 0x00, 0x00, 0x00, 0x00, 0x00, 0x00, 0x00, 0x00, 0x00,
  0x00, 0x00, 0x00, 0x00, 0x00, 0x00, 0x00, 0x00, 0x00, 0x00, 0x00, 0x00,
  0x00, 0x00, 0x00, 0x00, 0x00, 0x00, 0x00, 0x00, 0x00, 0x00, 0x00, 0x00,
  0x00, 0x00, 0x00, 0x00, 0x00, 0x00, 0x00, 0x00, 0x00, 0x00, 0x00, 0x00,
  0x00, 0x00, 0x00, 0x00, 0x00, 0x00, 0x00, 0x00, 0x00, 0x00, 0x00, 0x00,
  0x00, 0x00, 0x00, 0x00, 0x00, 0x00, 0x00, 0x00, 0x00, 0x00, 0x00, 0x00,
  0x00, 0x00, 0x00, 0x00, 0x00, 0x00, 0x00, 0x00, 0x00, 0x00, 0x00, 0x00,
  0x00, 0x00, 0x00, 0x00, 0x00, 0x00, 0x00, 0x00, 0x00, 0x00, 0x00, 0x00,
  0x00, 0x00, 0x00, 0x00, 0x00, 0x00, 0x00, 0x00, 0x00, 0x00, 0x00, 0x00,
  0x00, 0x00, 0x00, 0x00, 0x00, 0x00, 0x00, 0x00, 0x00, 0x00, 0x00, 0x00,
  0x00, 0x00, 0x00, 0x00, 0x00, 0x00, 0x00, 0x00, 0x00, 0x00, 0x00, 0x00,
  0x00, 0x00, 0x00, 0x00, 0x00, 0x00, 0x00, 0x00, 0x00, 0x00, 0x00, 0x00,
  0x00, 0x00, 0x00, 0x00, 0x00, 0x00, 0x00, 0x00, 0x00, 0x00, 0x00, 0x00,
  0x00, 0x00, 0x00, 0x00, 0x00, 0x00, 0x00, 0x00, 0x00, 0x00, 0x00, 0x00,
  0x00, 0x00, 0x00, 0x00, 0x00, 0x00, 0x00, 0x00, 0x00, 0x00, 0x00, 0x00,
  0x00, 0x00, 0x00, 0x00, 0x00, 0x00, 0x00, 0x00, 0x00, 0x00, 0x00, 0x00,
  0x00, 0x00, 0x00, 0x00, 0x00, 0x00, 0x00, 0x00, 0x00, 0x00, 0x00, 0x00,
  0x00, 0x00, 0x00, 0x00, 0x00, 0x00, 0x00, 0x00, 0x00, 0x00, 0x00, 0x00,
  0x00, 0x00, 0x00, 0x00, 0x00, 0x00, 0x00, 0x00, 0x00, 0x00, 0x00, 0x00,
  0x00, 0x00, 0x00, 0x00, 0x00, 0x00, 0x00, 0x00, 0x00, 0x00, 0x00, 0x00,
  0x00, 0x00, 0x00, 0x00, 0x00, 0x00, 0x00, 0x00, 0x00, 0x00, 0x00, 0x00,
  0x00, 0x00, 0x00, 0x00, 0x00, 0x00, 0x00, 0x00, 0x00, 0x00, 0x00, 0x00,
  0x00, 0x00, 0x00, 0x00, 0x00, 0x00, 0x00, 0x00, 0x00, 0x00, 0x00, 0x00,
  0x00, 0x00, 0x00, 0x00, 0x00, 0x00, 0x00, 0x00, 0x00, 0x00, 0x00, 0x00,
  0x00, 0x00, 0x00, 0x00, 0x00, 0x00, 0x00, 0x00, 0x00, 0x00, 0x00, 0x00,
  0x00, 0x00, 0x00, 0x00, 0x00, 0x00, 0x00, 0x00, 0x00, 0x00, 0x00, 0x00,
  0x00, 0x00, 0x00, 0x00, 0x00, 0x00, 0x00, 0x00, 0x00, 0x00, 0x00, 0x00,
  0x00, 0x00, 0x00, 0x00, 0x00, 0x00, 0x00, 0x00, 0x00, 0x00, 0x00, 0x00,
  0x00, 0x00, 0x00, 0x00, 0x00, 0x00, 0x00, 0x00, 0x00, 0x00, 0x00, 0x00,
  0x00, 0x00, 0x00, 0x00, 0x00, 0x00, 0x00, 0x00, 0x00, 0x00, 0x00, 0x00,
  0x00, 0x00, 0x00, 0x00, 0x00, 0x00, 0x00, 0x00, 0x00, 0x00, 0x00, 0x00,
  0x00, 0x00, 0x00, 0x00, 0x00, 0x00, 0x00, 0x00, 0x00, 0x00, 0x00, 0x00,
  0x00, 0x00, 0x00, 0x00, 0x00, 0x00, 0x00, 0x00, 0x00, 0x00, 0x00, 0x00,
  0x00, 0x00, 0x00, 0x00, 0x00, 0x00, 0x00, 0x00, 0x00, 0x00, 0x00, 0x00,
  0x00, 0x00, 0x00, 0x00, 0x00, 0x00, 0x00, 0x00, 0x00, 0x00, 0x00, 0x00,
  0x00, 0x00, 0x00, 0x00, 0x00, 0x00, 0x00, 0x00, 0x00, 0x00, 0x00, 0x00,
  0x00, 0x00, 0x00, 0x00, 0x00, 0x00, 0x00, 0x00, 0x00, 0x00, 0x00, 0x00,
  0x00, 0x00, 0x00, 0x00, 0x00, 0x00, 0x00, 0x00, 0x00, 0x00, 0x00, 0x00,
  0x00, 0x00, 0x00, 0x00, 0x00, 0x00, 0x00, 0x00, 0x00, 0x00, 0x00, 0x00,
  0x00, 0x00, 0x00, 0x00, 0x00, 0x00, 0x00, 0x00, 0x00, 0x00, 0x00, 0x00,
  0x00, 0x00, 0x00, 0x00, 0x00, 0x00, 0x00, 0x00, 0x00, 0x00, 0x00, 0x00,
  0x00, 0x00, 0x00, 0x00, 0x00, 0x00, 0x00, 0x00, 0x00, 0x00, 0x00, 0x00,
  0x00, 0x00, 0x00, 0x00, 0x00, 0x00, 0x00, 0x00, 0x00, 0x00, 0x00, 0x00,
  0x00, 0x00, 0x00, 0x00, 0x00, 0x00, 0x00, 0x00, 0x00, 0x00, 0x00, 0x00,
  0x00, 0x00, 0x00, 0x00, 0x00, 0x00, 0x00, 0x00, 0x00, 0x00, 0x00, 0x00,
  0x00, 0x00, 0x00, 0x00, 0x00, 0x00, 0x00, 0x00, 0x00, 0x00, 0x00, 0x00,
  0x00, 0x00, 0x00, 0x00, 0x00, 0x00, 0x00, 0x00, 0x00, 0x00, 0x00, 0x00,
  0x00, 0x00, 0x00, 0x00, 0x00, 0x00, 0x00, 0x00, 0x00, 0x00, 0x00, 0x00,
  0x00, 0x00, 0x00, 0x00, 0x00, 0x00, 0x00, 0x00, 0x00, 0x00, 0x00, 0x00,
  0x00, 0x00, 0x00, 0x00, 0x00, 0x00, 0x00, 0x00, 0x00, 0x00, 0x00, 0x00,
  0x00, 0x00, 0x00, 0x00, 0x00, 0x00, 0x00, 0x00, 0x00, 0x00, 0x00, 0x00,
  0x00, 0x00, 0x00, 0x00, 0x00, 0x00, 0x00, 0x00, 0x00, 0x00, 0x00, 0x00,
  0x00, 0x00, 0x00, 0x00, 0x00, 0x00, 0x00, 0x00, 0x00, 0x00, 0x00, 0x00,
  0x00, 0x00, 0x00, 0x00, 0x00, 0x00, 0x00, 0x00, 0x00, 0x00, 0x00, 0x00,
  0x00, 0x00, 0x00, 0x00, 0x00, 0x00, 0x00, 0x00, 0x00, 0x00, 0x00, 0x00,
  0x00, 0x00, 0x00, 0x00, 0x00, 0x00, 0x00, 0x00, 0x00, 0x00, 0x00, 0x00,
  0x00, 0x00, 0x00, 0x00, 0x00, 0x00, 0x00, 0x00, 0x00, 0x00, 0x00, 0x00,
  0x00, 0x00, 0x00, 0x00, 0x00, 0x00, 0x00, 0x00, 0x00, 0x00, 0x00, 0x00,
  0x00, 0x00, 0x00, 0x00, 0x00, 0x00, 0x00, 0x00, 0x00, 0x00, 0x00, 0x00,
  0x00, 0x00, 0x00, 0x00, 0x00, 0x00, 0x00, 0x00, 0x00, 0x00, 0x00, 0x00,
  0x00, 0x00, 0x00, 0x00, 0x00, 0x00, 0x00, 0x00, 0x00, 0x00, 0x00, 0x00,
  0x00, 0x00, 0x00, 0x00, 0x00, 0x00, 0x00, 0x00, 0x00, 0x00, 0x00, 0x00,
  0x00, 0x00, 0x00, 0x00, 0x00, 0x00, 0x00, 0x00, 0x00, 0x00, 0x00, 0x00,
  0x00, 0x00, 0x00, 0x00, 0x00, 0x00, 0x00, 0x00, 0x00, 0x00, 0x00, 0x00,
  0x00, 0x00, 0x00, 0x00, 0x00, 0x00, 0x00, 0x00, 0x00, 0x00, 0x00, 0x00,
  0x00, 0x00, 0x00, 0x00, 0x00, 0x00, 0x00, 0x00, 0x00, 0x00, 0x00, 0x00,
  0x00, 0x00, 0x00, 0x00, 0x00, 0x00, 0x00, 0x00, 0x00, 0x00, 0x00, 0x00,
  0x00, 0x00, 0x00, 0x00, 0x00, 0x00, 0x00, 0x00, 0x00, 0x00, 0x00, 0x00,
  0x00, 0x00, 0x00, 0x00, 0x00, 0x00, 0x00, 0x00, 0x00, 0x00, 0x00, 0x00,
  0x00, 0x00, 0x00, 0x00, 0x00, 0x00, 0x00, 0x00, 0x00, 0x00, 0x00, 0x00,
  0x00, 0x00, 0x00, 0x00, 0x00, 0x00, 0x00, 0x00, 0x00, 0x00, 0x00, 0x00,
  0x00, 0x00, 0x00, 0x00, 0x00, 0x00, 0x00, 0x00, 0x00, 0x00, 0x00, 0x00,
  0x00, 0x00, 0x00, 0x00, 0x00, 0x00, 0x00, 0x00, 0x00, 0x00, 0x00, 0x00,
  0x00, 0x00, 0x00, 0x00, 0x00, 0x00, 0x00, 0x00, 0x00, 0x00, 0x00, 0x00,
  0x00, 0x00, 0x00, 0x00, 0x00, 0x00, 0x00, 0x00, 0x00, 0x00, 0x00, 0x00,
  0x00, 0x00, 0x00, 0x00, 0x00, 0x00, 0x00, 0x00, 0x00, 0x00, 0x00, 0x00,
  0x00, 0x00, 0x00, 0x00, 0x00, 0x00, 0x00, 0x00, 0x00, 0x00, 0x00, 0x00,
  0x00, 0x00, 0x00, 0x00, 0x00, 0x00, 0x00, 0x00, 0x00, 0x00, 0x00, 0x00,
  0x00, 0x00, 0x00, 0x00, 0x00, 0x00, 0x00, 0x00, 0x00, 0x00, 0x00, 0x00,
  0x00, 0x00, 0x00, 0x00, 0x00, 0x00, 0x00, 0x00, 0x00, 0x00, 0x00, 0x00,
  0x00, 0x00, 0x00, 0x00, 0x00, 0x00, 0x00, 0x00, 0x00, 0x00, 0x00, 0x00,
  0x00, 0x00, 0x00, 0x00, 0x00, 0x00, 0x00, 0x00, 0x00, 0x00, 0x00, 0x00,
  0x00, 0x00, 0x00, 0x00, 0x00, 0x00, 0x00, 0x00, 0x00, 0x00, 0x00, 0x00,
  0x00, 0x00, 0x00, 0x00, 0x00, 0x00, 0x00, 0x00, 0x00, 0x00, 0x00, 0x00,
  0x00, 0x00, 0x00, 0x00, 0x00, 0x00, 0x00, 0x00, 0x00, 0x00, 0x00, 0x00,
  0x00, 0x00, 0x00, 0x00, 0x00, 0x00, 0x00, 0x00, 0x00, 0x00, 0x00, 0x00,
  0x00, 0x00, 0x00, 0x00, 0x00, 0x00, 0x00, 0x00, 0x00, 0x00, 0x00, 0x00,
  0x00, 0x00, 0x00, 0x00, 0x00, 0x00, 0x00, 0x00, 0x00, 0x00, 0x00, 0x00,
  0x00, 0x00, 0x00, 0x00, 0x00, 0x00, 0x00, 0x00, 0x00, 0x00, 0x00, 0x00,
  0x00, 0x00, 0x00, 0x00, 0x00, 0x00, 0x00, 0x00, 0x00, 0x00, 0x00, 0x00,
  0x00, 0x00, 0x00, 0x00, 0x00, 0x00, 0x00, 0x00, 0x00, 0x00, 0x00, 0x00,
  0x00, 0x00, 0x00, 0x00, 0x00, 0x00, 0x00, 0x00, 0x00, 0x00, 0x00, 0x00,
  0x00, 0x00, 0x00, 0x00, 0x00, 0x00, 0x00, 0x00, 0x00, 0x00, 0x00, 0x00,
  0x00, 0x00, 0x00, 0x00, 0x00, 0x00, 0x00, 0x00, 0x00, 0x00, 0x00, 0x00,
  0x00, 0x00, 0x00, 0x00, 0x00, 0x00, 0x00, 0x00, 0x00, 0x00, 0x00, 0x00,
  0x00, 0x00, 0x00, 0x00, 0x00, 0x00, 0x00, 0x00, 0x00, 0x00, 0x00, 0x00,
  0x00, 0x00, 0x00, 0x00, 0x00, 0x00, 0x00, 0x00, 0x00, 0x00, 0x00, 0x00,
  0x00, 0x00, 0x00, 0x00, 0x00, 0x00, 0x00, 0x00, 0x00, 0x00, 0x00, 0x00,
  0x00, 0x00, 0x00, 0x00, 0x00, 0x00, 0x00, 0x00, 0x00, 0x00, 0x00, 0x00,
  0x00, 0x00, 0x00, 0x00, 0x00, 0x00, 0x00, 0x00, 0x00, 0x00, 0x00, 0x00,
  0x00, 0x00, 0x00, 0x00, 0x00, 0x00, 0x00, 0x00, 0x00, 0x00, 0x00, 0x00,
  0x00, 0x00, 0x00, 0x00, 0x00, 0x00, 0x00, 0x00, 0x00, 0x00, 0x00, 0x00,
  0x00, 0x00, 0x00, 0x00, 0x00, 0x00, 0x00, 0x00, 0x00, 0x00, 0x00, 0x00,
  0x00, 0x00, 0x00, 0x00, 0x00, 0x00, 0x00, 0x00, 0x00, 0x00, 0x00, 0x00,
  0x00, 0x00, 0x00, 0x00, 0x00, 0x00, 0x00, 0x00, 0x00, 0x00, 0x00, 0x00,
  0x00, 0x00, 0x00, 0x00, 0x00, 0x00, 0x00, 0x00, 0x00, 0x00, 0x00, 0x00,
  0x00, 0x00, 0x00, 0x00, 0x00, 0x00, 0x00, 0x00, 0x00, 0x00, 0x00, 0x00,
  0x00, 0x00, 0x00, 0x00, 0x00, 0x00, 0x00, 0x00, 0x00, 0x00, 0x00, 0x00,
  0x00, 0x00, 0x00, 0x00, 0x00, 0x00, 0x00, 0x00, 0x00, 0x00, 0x00, 0x00,
  0x00, 0x00, 0x00, 0x00, 0x00, 0x00, 0x00, 0x00, 0x00, 0x00, 0x00, 0x00,
  0x00, 0x00, 0x00, 0x00, 0x00, 0x00, 0x00, 0x00, 0x00, 0x00, 0x00, 0x00,
  0x00, 0x00, 0x00, 0x00, 0x00, 0x00, 0x00, 0x00, 0x00, 0x00, 0x00, 0x00,
  0x00, 0x00, 0x00, 0x00, 0x00, 0x00, 0x00, 0x00, 0x00, 0x00, 0x00, 0x00,
  0x00, 0x00, 0x00, 0x00, 0x00, 0x00, 0x00, 0x00, 0x00, 0x00, 0x00, 0x00,
  0x00, 0x00, 0x00, 0x00, 0x00, 0x00, 0x00, 0x00, 0x00, 0x00, 0x00, 0x00,
  0x00, 0x00, 0x00, 0x00, 0x00, 0x00, 0x00, 0x00, 0x00, 0x00, 0x00, 0x00,
  0x00, 0x00, 0x00, 0x00, 0x00, 0x00, 0x00, 0x00, 0x00, 0x00, 0x00, 0x00,
  0x00, 0x00, 0x00, 0x00, 0x00, 0x00, 0x00, 0x00, 0x00, 0x00, 0x00, 0x00,
  0x00, 0x00, 0x00, 0x00, 0x00, 0x00, 0x00, 0x00, 0x00, 0x00, 0x00, 0x00,
  0x00, 0x00, 0x00, 0x00, 0x00, 0x00, 0x00, 0x00, 0x00, 0x00, 0x00, 0x00,
  0x00, 0x00, 0x00, 0x00, 0x00, 0x00, 0x00, 0x00, 0x00, 0x00, 0x00, 0x00,
  0x00, 0x00, 0x00, 0x00, 0x00, 0x00, 0x00, 0x00, 0x00, 0x00, 0x00, 0x00,
  0x00, 0x00, 0x00, 0x00, 0x00, 0x00, 0x00, 0x00, 0x00, 0x00, 0x00, 0x00,
  0x00, 0x00, 0x00, 0x00, 0x00, 0x00, 0x00, 0x00, 0x00, 0x00, 0x00, 0x00,
  0x00, 0x00, 0x00, 0x00, 0x00, 0x00, 0x00, 0x00, 0x00, 0x00, 0x00, 0x00,
  0x00, 0x00, 0x00, 0x00, 0x00, 0x00, 0x00, 0x00, 0x00, 0x00, 0x00, 0x00,
  0x00, 0x00, 0x00, 0x00, 0x00, 0x00, 0x00, 0x00, 0x00, 0x00, 0x00, 0x00,
  0x00, 0x00, 0x00, 0x00, 0x00, 0x00, 0x00, 0x00, 0x00, 0x00, 0x00, 0x00,
  0x00, 0x00, 0x00, 0x00, 0x00, 0x00, 0x00, 0x00, 0x00, 0x00, 0x00, 0x00,
  0x00, 0x00, 0x00, 0x00, 0x00, 0x00, 0x00, 0x00, 0x00, 0x00, 0x00, 0x00,
  0x00, 0x00, 0x00, 0x00, 0x00, 0x00, 0x00, 0x00, 0x00, 0x00, 0x00, 0x00,
  0x00, 0x00, 0x00, 0x00, 0x00, 0x00, 0x00, 0x00, 0x00, 0x00, 0x00, 0x00,
  0x00, 0x00, 0x00, 0x00, 0x00, 0x00, 0x00, 0x00, 0x00, 0x00, 0x00, 0x00,
  0x00, 0x00, 0x00, 0x00, 0x00, 0x00, 0x00, 0x00, 0x00, 0x00, 0x00, 0x00,
  0x00, 0x00, 0x00, 0x00, 0x00, 0x00, 0x00, 0x00, 0x00, 0x00, 0x00, 0x00,
  0x00, 0x00, 0x00, 0x00, 0x00, 0x00, 0x00, 0x00, 0x00, 0x00, 0x00, 0x00,
  0x00, 0x00, 0x00, 0x00, 0x00, 0x00, 0x00, 0x00, 0x00, 0x00, 0x00, 0x00,
  0x00, 0x00, 0x00, 0x00, 0x00, 0x00, 0x00, 0x00, 0x00, 0x00, 0x00, 0x00,
  0x00, 0x00, 0x00, 0x00, 0x00, 0x00, 0x00, 0x00, 0x00, 0x00, 0x00, 0x00,
  0x00, 0x00, 0x00, 0x00, 0x00, 0x00, 0x00, 0x00, 0x00, 0x00, 0x00, 0x00,
  0x00, 0x00, 0x00, 0x00, 0x00, 0x00, 0x00, 0x00, 0x00, 0x00, 0x00, 0x00,
  0x00, 0x00, 0x00, 0x00, 0x00, 0x00, 0x00, 0x00, 0x00, 0x00, 0x00, 0x00,
  0x00, 0x00, 0x00, 0x00, 0x00, 0x00, 0x00, 0x00, 0x00, 0x00, 0x00, 0x00,
  0x00, 0x00, 0x00, 0x00, 0x00, 0x00, 0x00, 0x00, 0x00, 0x00, 0x00, 0x00,
  0x00, 0x00, 0x00, 0x00, 0x00, 0x00, 0x00, 0x00, 0x00, 0x00, 0x00, 0x00,
  0x00, 0x00, 0x00, 0x00, 0x00, 0x00, 0x00, 0x00, 0x00, 0x00, 0x00, 0x00,
  0x00, 0x00, 0x00, 0x00, 0x00, 0x00, 0x00, 0x00, 0x00, 0x00, 0x00, 0x00,
  0x00, 0x00, 0x00, 0x00, 0x00, 0x00, 0x00, 0x00, 0x00, 0x00, 0x00, 0x00,
  0x00, 0x00, 0x00, 0x00, 0x00, 0x00, 0x00, 0x00, 0x00, 0x00, 0x00, 0x00,
  0x00, 0x00, 0x00, 0x00, 0x00, 0x00, 0x00, 0x00, 0x00, 0x00, 0x00, 0x00,
  0x00, 0x00, 0x00, 0x00, 0x00, 0x00, 0x00, 0x00, 0x00, 0x00, 0x00, 0x00,
  0x00, 0x00, 0x00, 0x00, 0x00, 0x00, 0x00, 0x00, 0x00, 0x00, 0x00, 0x00,
  0x00, 0x00, 0x00, 0x00, 0x00, 0x00, 0x00, 0x00, 0x00, 0x00, 0x00, 0x00,
  0x00, 0x00, 0x00, 0x00, 0x00, 0x00, 0x00, 0x00, 0x00, 0x00, 0x00, 0x00,
  0x00, 0x00, 0x00, 0x00, 0x00, 0x00, 0x00, 0x00, 0x00, 0x00, 0x00, 0x00,
  0x00, 0x00, 0x00, 0x00, 0x00, 0x00, 0x00, 0x00, 0x00, 0x00, 0x00, 0x00,
  0x00, 0x00, 0x00, 0x00, 0x00, 0x00, 0x00, 0x00, 0x00, 0x00, 0x00, 0x00,
  0x00, 0x00, 0x00, 0x00, 0x00, 0x00, 0x00, 0x00, 0x00, 0x00, 0x00, 0x00,
  0x00, 0x00, 0x00, 0x00, 0x00, 0x00, 0x00, 0x00, 0x00, 0x00, 0x00, 0x00,
  0x00, 0x00, 0x00, 0x00, 0x00, 0x00, 0x00, 0x00, 0x00, 0x00, 0x00, 0x00,
  0x00, 0x00, 0x00, 0x00, 0x00, 0x00, 0x00, 0x00, 0x00, 0x00, 0x00, 0x00,
  0x00, 0x00, 0x00, 0x00, 0x00, 0x00, 0x00, 0x00, 0x00, 0x00, 0x00, 0x00,
  0x00, 0x00, 0x00, 0x00, 0x00, 0x00, 0x00, 0x00, 0x00, 0x00, 0x00, 0x00,
  0x00, 0x00, 0x00, 0x00, 0x00, 0x00, 0x00, 0x00, 0x00, 0x00, 0x00, 0x00,
  0x00, 0x00, 0x00, 0x00, 0x00, 0x00, 0x00, 0x00, 0x00, 0x00, 0x00, 0x00,
  0x00, 0x00, 0x00, 0x00, 0x00, 0x00, 0x00, 0x00, 0x00, 0x00, 0x00, 0x00,
  0x00, 0x00, 0x00, 0x00, 0x00, 0x00, 0x00, 0x00, 0x00, 0x00, 0x00, 0x00,
  0x00, 0x00, 0x00, 0x00, 0x00, 0x00, 0x00, 0x00, 0x00, 0x00, 0x00, 0x00,
  0x00, 0x00, 0x00, 0x00, 0x00, 0x00, 0x00, 0x00, 0x00, 0x00, 0x00, 0x00,
  0x00, 0x00, 0x00, 0x00, 0x00, 0x00, 0x00, 0x00, 0x00, 0x00, 0x00, 0x00,
  0x00, 0x00, 0x00, 0x00, 0x00, 0x00, 0x00, 0x00, 0x00, 0x00, 0x00, 0x00,
  0x00, 0x00, 0x00, 0x00, 0x00, 0x00, 0x00, 0x00, 0x00, 0x00, 0x00, 0x00,
  0x00, 0x00, 0x00, 0x00, 0x00, 0x00, 0x00, 0x00, 0x00, 0x00, 0x00, 0x00,
  0x00, 0x00, 0x00, 0x00, 0x00, 0x00, 0x00, 0x00, 0x00, 0x00, 0x00, 0x00,
  0x00, 0x00, 0x00, 0x00, 0x00, 0x00, 0x00, 0x00, 0x00, 0x00, 0x00, 0x00,
  0x00, 0x00, 0x00, 0x00, 0x00, 0x00, 0x00, 0x00, 0x00, 0x00, 0x00, 0x00,
  0x00, 0x00, 0x00, 0x00, 0x00, 0x00, 0x00, 0x00, 0x00, 0x00, 0x00, 0x00,
  0x00, 0x00, 0x00, 0x00, 0x00, 0x00, 0x00, 0x00, 0x00, 0x00, 0x00, 0x00,
  0x00, 0x00, 0x00, 0x00, 0x00, 0x00, 0x00, 0x00, 0x00, 0x00, 0x00, 0x00,
  0x00, 0x00, 0x00, 0x00, 0x00, 0x00, 0x00, 0x00, 0x00, 0x00, 0x00, 0x00,
  0x00, 0x00, 0x00, 0x00, 0x00, 0x00, 0x00, 0x00, 0x00, 0x00, 0x00, 0x00,
  0x00, 0x00, 0x00, 0x00, 0x00, 0x00, 0x00, 0x00, 0x00, 0x00, 0x00, 0x00,
  0x00, 0x00, 0x00, 0x00, 0x00, 0x00, 0x00, 0x00, 0x00, 0x00, 0x00, 0x00,
  0x00, 0x00, 0x00, 0x00, 0x00, 0x00, 0x00, 0x00, 0x00, 0x00, 0x00, 0x00,
  0x00, 0x00, 0x00, 0x00, 0x00, 0x00, 0x00, 0x00, 0x00, 0x00, 0x00, 0x00,
  0x00, 0x00, 0x00, 0x00, 0x00, 0x00, 0x00, 0x00, 0x00, 0x00, 0x00, 0x00,
  0x00, 0x00, 0x00, 0x00, 0x00, 0x00, 0x00, 0x00, 0x00, 0x00, 0x00, 0x00,
  0x00, 0x00, 0x00, 0x00, 0x00, 0x00, 0x00, 0x00, 0x00, 0x00, 0x00, 0x00,
  0x00, 0x00, 0x00, 0x00, 0x00, 0x00, 0x00, 0x00, 0x00, 0x00, 0x00, 0x00,
  0x00, 0x00, 0x00, 0x00, 0x00, 0x00, 0x00, 0x00, 0x00, 0x00, 0x00, 0x00,
  0x00, 0x00, 0x00, 0x00, 0x00, 0x00, 0x00, 0x00, 0x00, 0x00, 0x00, 0x00,
  0x00, 0x00, 0x00, 0x00, 0x00, 0x00, 0x00, 0x00, 0x00, 0x00, 0x00, 0x00,
  0x00, 0x00, 0x00, 0x00, 0x00, 0x00, 0x00, 0x00, 0x00, 0x00, 0x00, 0x00,
  0x00, 0x00, 0x00, 0x00, 0x00, 0x00, 0x00, 0x00, 0x00, 0x00, 0x00, 0x00,
  0x00, 0x00, 0x00, 0x00, 0x00, 0x00, 0x00, 0x00, 0x00, 0x00, 0x00, 0x00,
  0x00, 0x00, 0x00, 0x00, 0x00, 0x00, 0x00, 0x00, 0x00, 0x00, 0x00, 0x00,
  0x00, 0x00, 0x00, 0x00, 0x00, 0x00, 0x00, 0x00, 0x00, 0x00, 0x00, 0x00,
  0x00, 0x00, 0x00, 0x00, 0x00, 0x00, 0x00, 0x00, 0x00, 0x00, 0x00, 0x00,
  0x00, 0x00, 0x00, 0x00, 0x00, 0x00, 0x00, 0x00, 0x00, 0x00, 0x00, 0x00,
  0x00, 0x00, 0x00, 0x00, 0x00, 0x00, 0x00, 0x00, 0x00, 0x00, 0x00, 0x00,
  0x00, 0x00, 0x00, 0x00, 0x00, 0x00, 0x00, 0x00, 0x00, 0x00, 0x00, 0x00,
  0x00, 0x00, 0x00, 0x00, 0x00, 0x00, 0x00, 0x00, 0x00, 0x00, 0x00, 0x00,
  0x00, 0x00, 0x00, 0x00, 0x00, 0x00, 0x00, 0x00, 0x00, 0x00, 0x00, 0x00,
  0x00, 0x00, 0x00, 0x00, 0x00, 0x00, 0x00, 0x00, 0x00, 0x00, 0x00, 0x00,
  0x00, 0x00, 0x00, 0x00, 0x00, 0x00, 0x00, 0x00, 0x00, 0x00, 0x00, 0x00,
  0x00, 0x00, 0x00, 0x00, 0x00, 0x00, 0x00, 0x00, 0x00, 0x00, 0x00, 0x00,
  0x00, 0x00, 0x00, 0x00, 0x00, 0x00, 0x00, 0x00, 0x00, 0x00, 0x00, 0x00,
  0x00, 0x00, 0x00, 0x00, 0x00, 0x00, 0x00, 0x00, 0x00, 0x00, 0x00, 0x00,
  0x00, 0x00, 0x00, 0x00, 0x00, 0x00, 0x00, 0x00, 0x00, 0x00, 0x00, 0x00,
  0x00, 0x00, 0x00, 0x00, 0x00, 0x00, 0x00, 0x00, 0x00, 0x00, 0x00, 0x00,
  0x00, 0x00, 0x00, 0x00, 0x00, 0x00, 0x00, 0x00, 0x00, 0x00, 0x00, 0x00,
  0x00, 0x00, 0x00, 0x00, 0x00, 0x00, 0x00, 0x00, 0x00, 0x00, 0x00, 0x00,
  0x00, 0x00, 0x00, 0x00, 0x00, 0x00, 0x00, 0x00, 0x00, 0x00, 0x00, 0x00,
  0x00, 0x00, 0x00, 0x00, 0x00, 0x00, 0x00, 0x00, 0x00, 0x00, 0x00, 0x00,
  0x00, 0x00, 0x00, 0x00, 0x00, 0x00, 0x00, 0x00, 0x00, 0x00, 0x00, 0x00,
  0x00, 0x00, 0x00, 0x00, 0x00, 0x00, 0x00, 0x00, 0x00, 0x00, 0x00, 0x00,
  0x00, 0x00, 0x00, 0x00, 0x00, 0x00, 0x00, 0x00, 0x00, 0x00, 0x00, 0x00,
  0x00, 0x00, 0x00, 0x00, 0x00, 0x00, 0x00, 0x00, 0x00, 0x00, 0x00, 0x00,
  0x00, 0x00, 0x00, 0x00, 0x00, 0x00, 0x00, 0x00, 0x00, 0x00, 0x00, 0x00,
  0x00, 0x00, 0x00, 0x00, 0x00, 0x00, 0x00, 0x00, 0x00, 0x00, 0x00, 0x00,
  0x00, 0x00, 0x00, 0x00, 0x00, 0x00, 0x00, 0x00, 0x00, 0x00, 0x00, 0x00,
  0x00, 0x00, 0x00, 0x00, 0x00, 0x00, 0x00, 0x00, 0x00, 0x00, 0x00, 0x00,
  0x00, 0x00, 0x00, 0x00, 0x00, 0x00, 0x00, 0x00, 0x00, 0x00, 0x00, 0x00,
  0x00, 0x00, 0x00, 0x00, 0x00, 0x00, 0x00, 0x00, 0x00, 0x00, 0x00, 0x00,
  0x00, 0x00, 0x00, 0x00, 0x00, 0x00, 0x00, 0x00, 0x00, 0x00, 0x00, 0x00,
  0x00, 0x00, 0x00, 0x00, 0x00, 0x00, 0x00, 0x00, 0x00, 0x00, 0x00, 0x00,
  0x00, 0x00, 0x00, 0x00, 0x00, 0x00, 0x00, 0x00, 0x00, 0x00, 0x00, 0x00,
  0x00, 0x00, 0x00, 0x00, 0x00, 0x00, 0x00, 0x00, 0x00, 0x00, 0x00, 0x00,
  0x00, 0x00, 0x00, 0x00, 0x00, 0x00, 0x00, 0x00, 0x00, 0x00, 0x00, 0x00,
  0x00, 0x00, 0x00, 0x00, 0x00, 0x00, 0x00, 0x00, 0x00, 0x00, 0x00, 0x00,
  0x00, 0x00, 0x00, 0x00, 0x00, 0x00, 0x00, 0x00, 0x00, 0x00, 0x00, 0x00,
  0x00, 0x00, 0x00, 0x00, 0x00, 0x00, 0x00, 0x00, 0x00, 0x00, 0x00, 0x00,
  0x00, 0x00, 0x00, 0x00, 0x00, 0x00, 0x00, 0x00, 0x00, 0x00, 0x00, 0x00,
  0x00, 0x00, 0x00, 0x00, 0x00, 0x00, 0x00, 0x00, 0x00, 0x00, 0x00, 0x00,
  0x00, 0x00, 0x00, 0x00, 0x00, 0x00, 0x00, 0x00, 0x00, 0x00, 0x00, 0x00,
  0x00, 0x00, 0x00, 0x00, 0x00, 0x00, 0x00, 0x00, 0x00, 0x00, 0x00, 0x00,
  0x00, 0x00, 0x00, 0x00, 0x00, 0x00, 0x00, 0x00, 0x00, 0x00, 0x00, 0x00,
  0x00, 0x00, 0x00, 0x00, 0x00, 0x00, 0x00, 0x00, 0x00, 0x00, 0x00, 0x00,
  0x00, 0x00, 0x00, 0x00, 0x00, 0x00, 0x00, 0x00, 0x00, 0x00, 0x00, 0x00,
  0x00, 0x00, 0x00, 0x00, 0x00, 0x00, 0x00, 0x00, 0x00, 0x00, 0x00, 0x00,
  0x00, 0x00, 0x00, 0x00, 0x00, 0x00, 0x00, 0x00, 0x00, 0x00, 0x00, 0x00,
  0x00, 0x00, 0x00, 0x00, 0x00, 0x00, 0x00, 0x00, 0x00, 0x00, 0x00, 0x00,
  0x00, 0x00, 0x00, 0x00, 0x00, 0x00, 0x00, 0x00, 0x00, 0x00, 0x00, 0x00,
  0x00, 0x00, 0x00, 0x00, 0x00, 0x00, 0x00, 0x00, 0x00, 0x00, 0x00, 0x00,
  0x00, 0x00, 0x00, 0x00, 0x00, 0x00, 0x00, 0x00, 0x00, 0x00, 0x00, 0x00,
  0x00, 0x00, 0x00, 0x00, 0x00, 0x00, 0x00, 0x00, 0x00, 0x00, 0x00, 0x00,
  0x00, 0x00, 0x00, 0x00, 0x00, 0x00, 0x00, 0x00, 0x00, 0x00, 0x00, 0x00,
  0x00, 0x00, 0x00, 0x00, 0x00, 0x00, 0x00, 0x00, 0x00, 0x00, 0x00, 0x00,
  0x00, 0x00, 0x00, 0x00, 0x00, 0x00, 0x00, 0x00, 0x00, 0x00, 0x00, 0x00,
  0x00, 0x00, 0x00, 0x00, 0x00, 0x00, 0x00, 0x00, 0x00, 0x00, 0x00, 0x00,
  0x00, 0x00, 0x00, 0x00, 0x00, 0x00, 0x00, 0x00, 0x00, 0x00, 0x00, 0x00,
  0x00, 0x00, 0x00, 0x00, 0x00, 0x00, 0x00, 0x00, 0x00, 0x00, 0x00, 0x00,
  0x00, 0x00, 0x00, 0x00, 0x00, 0x00, 0x00, 0x00, 0x00, 0x00, 0x00, 0x00,
  0x00, 0x00, 0x00, 0x00, 0x00, 0x00, 0x00, 0x00, 0x00, 0x00, 0x00, 0x00,
  0x00, 0x00, 0x00, 0x00, 0x00, 0x00, 0x00, 0x00, 0x00, 0x00, 0x00, 0x00,
  0x00, 0x00, 0x00, 0x00, 0x00, 0x00, 0x00, 0x00, 0x00, 0x00, 0x00, 0x00,
  0x00, 0x00, 0x00, 0x00, 0x00, 0x00, 0x00, 0x00, 0x00, 0x00, 0x00, 0x00,
  0x00, 0x00, 0x00, 0x00, 0x00, 0x00, 0x00, 0x00, 0x00, 0x00, 0x00, 0x00,
  0x00, 0x00, 0x00, 0x00, 0x00, 0x00, 0x00, 0x00, 0x00, 0x00, 0x00, 0x00,
  0x00, 0x00, 0x00, 0x00, 0x00, 0x00, 0x00, 0x00, 0x00, 0x00, 0x00, 0x00,
  0x00, 0x00, 0x00, 0x00, 0x00, 0x00, 0x00, 0x00, 0x00, 0x00, 0x00, 0x00,
  0x00, 0x00, 0x00, 0x00, 0x00, 0x00, 0x00, 0x00, 0x00, 0x00, 0x00, 0x00,
  0x00, 0x00, 0x00, 0x00, 0x00, 0x00, 0x00, 0x00, 0x00, 0x00, 0x00, 0x00,
  0x00, 0x00, 0x00, 0x00, 0x00, 0x00, 0x00, 0x00, 0x00, 0x00, 0x00, 0x00,
  0x00, 0x00, 0x00, 0x00, 0x00, 0x00, 0x00, 0x00, 0x00, 0x00, 0x00, 0x00,
  0x00, 0x00, 0x00, 0x00, 0x00, 0x00, 0x00, 0x00, 0x00, 0x00, 0x00, 0x00,
  0x00, 0x00, 0x00, 0x00, 0x00, 0x00, 0x00, 0x00, 0x00, 0x00, 0x00, 0x00,
  0x00, 0x00, 0x00, 0x00, 0x00, 0x00, 0x00, 0x00, 0x00, 0x00, 0x00, 0x00,
  0x00, 0x00, 0x00, 0x00, 0x00, 0x00, 0x00, 0x00, 0x00, 0x00, 0x00, 0x00,
  0x00, 0x00, 0x00, 0x00, 0x00, 0x00, 0x00, 0x00, 0x00, 0x00, 0x00, 0x00,
  0x00, 0x00, 0x00, 0x00, 0x00, 0x00, 0x00, 0x00, 0x00, 0x00, 0x00, 0x00,
  0x00, 0x00, 0x00, 0x00, 0x00, 0x00, 0x00, 0x00, 0x00, 0x00, 0x00, 0x00,
  0x00, 0x00, 0x00, 0x00, 0x00, 0x00, 0x00, 0x00, 0x00, 0x00, 0x00, 0x00,
  0x00, 0x00, 0x00, 0x00, 0x00, 0x00, 0x00, 0x00, 0x00, 0x00, 0x00, 0x00,
  0x00, 0x00, 0x00, 0x00, 0x00, 0x00, 0x00, 0x00, 0x00, 0x00, 0x00, 0x00,
  0x00, 0x00, 0x00, 0x00, 0x00, 0x00, 0x00, 0x00, 0x00, 0x00, 0x00, 0x00,
  0x00, 0x00, 0x00, 0x00, 0x00, 0x00, 0x00, 0x00, 0x00, 0x00, 0x00, 0x00,
  0x00, 0x00, 0x00, 0x00, 0x00, 0x00, 0x00, 0x00, 0x00, 0x00, 0x00, 0x00,
  0x00, 0x00, 0x00, 0x00, 0x00, 0x00, 0x00, 0x00, 0x00, 0x00, 0x00, 0x00,
  0x00, 0x00, 0x00, 0x00, 0x00, 0x00, 0x00, 0x00, 0x00, 0x00, 0x00, 0x00,
  0x00, 0x00, 0x00, 0x00, 0x00, 0x00, 0x00, 0x00, 0x00, 0x00, 0x00, 0x00,
  0x00, 0x00, 0x00, 0x00, 0x00, 0x00, 0x00, 0x00, 0x00, 0x00, 0x00, 0x00,
  0x00, 0x00, 0x00, 0x00, 0x00, 0x00, 0x00, 0x00, 0x00, 0x00, 0x00, 0x00,
  0x00, 0x00, 0x00, 0x00, 0x00, 0x00, 0x00, 0x00, 0x00, 0x00, 0x00, 0x00,
  0x00, 0x00, 0x00, 0x00, 0x00, 0x00, 0x00, 0x00, 0x00, 0x00, 0x00, 0x00,
  0x00, 0x00, 0x00, 0x00, 0x00, 0x00, 0x00, 0x00, 0x00, 0x00, 0x00, 0x00,
  0x00, 0x00, 0x00, 0x00, 0x00, 0x00, 0x00, 0x00, 0x00, 0x00, 0x00, 0x00,
  0x00, 0x00, 0x00, 0x00, 0x00, 0x00, 0x00, 0x00, 0x00, 0x00, 0x00, 0x00,
  0x00, 0x00, 0x00, 0x00, 0x00, 0x00, 0x00, 0x00, 0x00, 0x00, 0x00, 0x00,
  0x00, 0x00, 0x00, 0x00, 0x00, 0x00, 0x00, 0x00, 0x00, 0x00, 0x00, 0x00,
  0x00, 0x00, 0x00, 0x00, 0x00, 0x00, 0x00, 0x00, 0x00, 0x00, 0x00, 0x00,
  0x00, 0x00, 0x00, 0x00, 0x00, 0x00, 0x00, 0x00, 0x00, 0x00, 0x00, 0x00,
  0x00, 0x00, 0x00, 0x00, 0x00, 0x00, 0x00, 0x00, 0x00, 0x00, 0x00, 0x00,
  0x00, 0x00, 0x00, 0x00, 0x00, 0x00, 0x00, 0x00, 0x00, 0x00, 0x00, 0x00,
  0x00, 0x00, 0x00, 0x00, 0x00, 0x00, 0x00, 0x00, 0x00, 0x00, 0x00, 0x00,
  0x00, 0x00, 0x00, 0x00, 0x00, 0x00, 0x00, 0x00, 0x00, 0x00, 0x00, 0x00,
  0x00, 0x00, 0x00, 0x00, 0x00, 0x00, 0x00, 0x00, 0x00, 0x00, 0x00, 0x00,
  0x00, 0x00, 0x00, 0x00, 0x00, 0x00, 0x00, 0x00, 0x00, 0x00, 0x00, 0x00,
  0x00, 0x00, 0x00, 0x00, 0x00, 0x00, 0x00, 0x00, 0x00, 0x00, 0x00, 0x00,
  0x00, 0x00, 0x00, 0x00, 0x00, 0x00, 0x00, 0x00, 0x00, 0x00, 0x00, 0x00,
  0x00, 0x00, 0x00, 0x00, 0x00, 0x00, 0x00, 0x00, 0x00, 0x00, 0x00, 0x00,
  0x00, 0x00, 0x00, 0x00, 0x00, 0x00, 0x00, 0x00, 0x00, 0x00, 0x00, 0x00,
  0x00, 0x00, 0x00, 0x00, 0x00, 0x00, 0x00, 0x00, 0x00, 0x00, 0x00, 0x00,
  0x00, 0x00, 0x00, 0x00, 0x00, 0x00, 0x00, 0x00, 0x00, 0x00, 0x00, 0x00,
  0x00, 0x00, 0x00, 0x00, 0x00, 0x00, 0x00, 0x00, 0x00, 0x00, 0x00, 0x00,
  0x00, 0x00, 0x00, 0x00, 0x00, 0x00, 0x00, 0x00, 0x00, 0x00, 0x00, 0x00,
  0x00, 0x00, 0x00, 0x00, 0x00, 0x00, 0x00, 0x00, 0x00, 0x00, 0x00, 0x00,
  0x00, 0x00, 0x00, 0x00, 0x00, 0x00, 0x00, 0x00, 0x00, 0x00, 0x00, 0x00,
  0x00, 0x00, 0x00, 0x00, 0x00, 0x00, 0x00, 0x00, 0x00, 0x00, 0x00, 0x00,
  0x00, 0x00, 0x00, 0x00, 0x00, 0x00, 0x00, 0x00, 0x00, 0x00, 0x00, 0x00,
  0x00, 0x00, 0x00, 0x00, 0x00, 0x00, 0x00, 0x00, 0x00, 0x00, 0x00, 0x00,
  0x00, 0x00, 0x00, 0x00, 0x00, 0x00, 0x00, 0x00, 0x00, 0x00, 0x00, 0x00,
  0x00, 0x00, 0x00, 0x00, 0x00, 0x00, 0x00, 0x00, 0x00, 0x00, 0x00, 0x00,
  0x00, 0x00, 0x00, 0x00, 0x00, 0x00, 0x00, 0x00, 0x00, 0x00, 0x00, 0x00,
  0x00, 0x00, 0x00, 0x00, 0x00, 0x00, 0x00, 0x00, 0x00, 0x00, 0x00, 0x00,
  0x00, 0x00, 0x00, 0x00, 0x00, 0x00, 0x00, 0x00, 0x00, 0x00, 0x00, 0x00,
  0x00, 0x00, 0x00, 0x00, 0x00, 0x00, 0x00, 0x00, 0x00, 0x00, 0x00, 0x00,
  0x00, 0x00, 0x00, 0x00, 0x00, 0x00, 0x00, 0x00, 0x00, 0x00, 0x00, 0x00,
  0x00, 0x00, 0x00, 0x00, 0x00, 0x00, 0x00, 0x00, 0x00, 0x00, 0x00, 0x00,
  0x00, 0x00, 0x00, 0x00, 0x00, 0x00, 0x00, 0x00, 0x00, 0x00, 0x00, 0x00,
  0x00, 0x00, 0x00, 0x00, 0x00, 0x00, 0x00, 0x00, 0x00, 0x00, 0x00, 0x00,
  0x00, 0x00, 0x00, 0x00, 0x00, 0x00, 0x00, 0x00, 0x00, 0x00, 0x00, 0x00,
  0x00, 0x00, 0x00, 0x00, 0x00, 0x00, 0x00, 0x00, 0x00, 0x00, 0x00, 0x00,
  0x00, 0x00, 0x00, 0x00, 0x00, 0x00, 0x00, 0x00, 0x00, 0x00, 0x00, 0x00,
  0x00, 0x00, 0x00, 0x00, 0x00, 0x00, 0x00, 0x00, 0x00, 0x00, 0x00, 0x00,
  0x00, 0x00, 0x00, 0x00, 0x00, 0x00, 0x00, 0x00, 0x00, 0x00, 0x00, 0x00,
  0x00, 0x00, 0x00, 0x00, 0x00, 0x00, 0x00, 0x00, 0x00, 0x00, 0x00, 0x00,
  0x00, 0x00, 0x00, 0x00, 0x00, 0x00, 0x00, 0x00, 0x00, 0x00, 0x00, 0x00,
  0x00, 0x00, 0x00, 0x00, 0x00, 0x00, 0x00, 0x00, 0x00, 0x00, 0x00, 0x00,
  0x00, 0x00, 0x00, 0x00, 0x00, 0x00, 0x00, 0x00, 0x00, 0x00, 0x00, 0x00,
  0x00, 0x00, 0x00, 0x00, 0x00, 0x00, 0x00, 0x00, 0x00, 0x00, 0x00, 0x00,
  0x00, 0x00, 0x00, 0x00, 0x00, 0x00, 0x00, 0x00, 0x00, 0x00, 0x00, 0x00,
  0x00, 0x00, 0x00, 0x00, 0x00, 0x00, 0x00, 0x00, 0x00, 0x00, 0x00, 0x00,
  0x00, 0x00, 0x00, 0x00, 0x00, 0x00, 0x00, 0x00, 0x00, 0x00, 0x00, 0x00,
  0x00, 0x00, 0x00, 0x00, 0x00, 0x00, 0x00, 0x00, 0x00, 0x00, 0x00, 0x00,
  0x00, 0x00, 0x00, 0x00, 0x00, 0x00, 0x00, 0x00, 0x00, 0x00, 0x00, 0x00,
  0x00, 0x00, 0x00, 0x00, 0x00, 0x00, 0x00, 0x00, 0x00, 0x00, 0x00, 0x00,
  0x00, 0x00, 0x00, 0x00, 0x00, 0x00, 0x00, 0x00, 0x00, 0x00, 0x00, 0x00,
  0x00, 0x00, 0x00, 0x00, 0x00, 0x00, 0x00, 0x00, 0x00, 0x00, 0x00, 0x00,
  0x00, 0x00, 0x00, 0x00, 0x00, 0x00, 0x00, 0x00, 0x00, 0x00, 0x00, 0x00,
  0x00, 0x00, 0x00, 0x00, 0x00, 0x00, 0x00, 0x00, 0x00, 0x00, 0x00, 0x00,
  0x00, 0x00, 0x00, 0x00, 0x00, 0x00, 0x00, 0x00, 0x00, 0x00, 0x00, 0x00,
  0x00, 0x00, 0x00, 0x00, 0x00, 0x00, 0x00, 0x00, 0x00, 0x00, 0x00, 0x00,
  0x00, 0x00, 0x00, 0x00, 0x00, 0x00, 0x00, 0x00, 0x00, 0x00, 0x00, 0x00,
  0x00, 0x00, 0x00, 0x00, 0x00, 0x00, 0x00, 0x00, 0x00, 0x00, 0x00, 0x00,
  0x00, 0x00, 0x00, 0x00, 0x00, 0x00, 0x00, 0x00, 0x00, 0x00, 0x00, 0x00,
  0x00, 0x00, 0x00, 0x00, 0x00, 0x00, 0x00, 0x00, 0x00, 0x00, 0x00, 0x00,
  0x00, 0x00, 0x00, 0x00, 0x00, 0x00, 0x00, 0x00, 0x00, 0x00, 0x00, 0x00,
  0x00, 0x00, 0x00, 0x00, 0x00, 0x00, 0x00, 0x00, 0x00, 0x00, 0x00, 0x00,
  0x00, 0x00, 0x00, 0x00, 0x00, 0x00, 0x00, 0x00, 0x00, 0x00, 0x00, 0x00,
  0x00, 0x00, 0x00, 0x00, 0x00, 0x00, 0x00, 0x00, 0x00, 0x00, 0x00, 0x00,
  0x00, 0x00, 0x00, 0x00, 0x00, 0x00, 0x00, 0x00, 0x00, 0x00, 0x00, 0x00,
  0x00, 0x00, 0x00, 0x00, 0x00, 0x00, 0x00, 0x00, 0x00, 0x00, 0x00, 0x00,
  0x00, 0x00, 0x00, 0x00, 0x00, 0x00, 0x00, 0x00, 0x00, 0x00, 0x00, 0x00,
  0x00, 0x00, 0x00, 0x00, 0x00, 0x00, 0x00, 0x00, 0x00, 0x00, 0x00, 0x00,
  0x00, 0x00, 0x00, 0x00, 0x00, 0x00, 0x00, 0x00, 0x00, 0x00, 0x00, 0x00,
  0x00, 0x00, 0x00, 0x00, 0x00, 0x00, 0x00, 0x00, 0x00, 0x00, 0x00, 0x00,
  0x00, 0x00, 0x00, 0x00, 0x00, 0x00, 0x00, 0x00, 0x00, 0x00, 0x00, 0x00,
  0x00, 0x00, 0x00, 0x00, 0x00, 0x00, 0x00, 0x00, 0x00, 0x00, 0x00, 0x00,
  0x00, 0x00, 0x00, 0x00, 0x00, 0x00, 0x00, 0x00, 0x00, 0x00, 0x00, 0x00,
  0x00, 0x00, 0x00, 0x00, 0x00, 0x00, 0x00, 0x00, 0x00, 0x00, 0x00, 0x00,
  0x00, 0x00, 0x00, 0x00, 0x00, 0x00, 0x00, 0x00, 0x00, 0x00, 0x00, 0x00,
  0x00, 0x00, 0x00, 0x00, 0x00, 0x00, 0x00, 0x00, 0x00, 0x00, 0x00, 0x00,
  0x00, 0x00, 0x00, 0x00, 0x00, 0x00, 0x00, 0x00, 0x00, 0x00, 0x00, 0x00,
  0x00, 0x00, 0x00, 0x00, 0x00, 0x00, 0x00, 0x00, 0x00, 0x00, 0x00, 0x00,
  0x00, 0x00, 0x00, 0x00, 0x00, 0x00, 0x00, 0x00, 0x00, 0x00, 0x00, 0x00,
  0x00, 0x00, 0x00, 0x00, 0x00, 0x00, 0x00, 0x00, 0x00, 0x00, 0x00, 0x00,
  0x00, 0x00, 0x00, 0x00, 0x00, 0x00, 0x00, 0x00, 0x00, 0x00, 0x00, 0x00,
  0x00, 0x00, 0x00, 0x00, 0x00, 0x00, 0x00, 0x00, 0x00, 0x00, 0x00, 0x00,
  0x00, 0x00, 0x00, 0x00, 0x00, 0x00, 0x00, 0x00, 0x00, 0x00, 0x00, 0x00,
  0x00, 0x00, 0x00, 0x00, 0x00, 0x00, 0x00, 0x00, 0x00, 0x00, 0x00, 0x00,
  0x00, 0x00, 0x00, 0x00, 0x00, 0x00, 0x00, 0x00, 0x00, 0x00, 0x00, 0x00,
  0x00, 0x00, 0x00, 0x00, 0x00, 0x00, 0x00, 0x00, 0x00, 0x00, 0x00, 0x00,
  0x00, 0x00, 0x00, 0x00, 0x00, 0x00, 0x00, 0x00, 0x00, 0x00, 0x00, 0x00,
  0x00, 0x00, 0x00, 0x00, 0x00, 0x00, 0x00, 0x00, 0x00, 0x00, 0x00, 0x00,
  0x00, 0x00, 0x00, 0x00, 0x00, 0x00, 0x00, 0x00, 0x00, 0x00, 0x00, 0x00,
  0x00, 0x00, 0x00, 0x00, 0x00, 0x00, 0x00, 0x00, 0x00, 0x00, 0x00, 0x00,
  0x00, 0x00, 0x00, 0x00, 0x00, 0x00, 0x00, 0x00, 0x00, 0x00, 0x00, 0x00,
  0x00, 0x00, 0x00, 0x00, 0x00, 0x00, 0x00, 0x00, 0x00, 0x00, 0x00, 0x00,
  0x00, 0x00, 0x00, 0x00, 0x00, 0x00, 0x00, 0x00, 0x00, 0x00, 0x00, 0x00,
  0x00, 0x00, 0x00, 0x00, 0x00, 0x00, 0x00, 0x00, 0x00, 0x00, 0x00, 0x00,
  0x00, 0x00, 0x00, 0x00, 0x00, 0x00, 0x00, 0x00, 0x00, 0x00, 0x00, 0x00,
  0x00, 0x00, 0x00, 0x00, 0x00, 0x00, 0x00, 0x00, 0x00, 0x00, 0x00, 0x00,
  0x00, 0x00, 0x00, 0x00, 0x00, 0x00, 0x00, 0x00, 0x00, 0x00, 0x00, 0x00,
  0x00, 0x00, 0x00, 0x00, 0x00, 0x00, 0x00, 0x00, 0x00, 0x00, 0x00, 0x00,
  0x00, 0x00, 0x00, 0x00, 0x00, 0x00, 0x00, 0x00, 0x00, 0x00, 0x00, 0x00,
  0x00, 0x00, 0x00, 0x00, 0x00, 0x00, 0x00, 0x00, 0x00, 0x00, 0x00, 0x00,
  0x00, 0x00, 0x00, 0x00, 0x00, 0x00, 0x00, 0x00, 0x00, 0x00, 0x00, 0x00,
  0x00, 0x00, 0x00, 0x00, 0x00, 0x00, 0x00, 0x00, 0x00, 0x00, 0x00, 0x00,
  0x00, 0x00, 0x00, 0x00, 0x00, 0x00, 0x00, 0x00, 0x00, 0x00, 0x00, 0x00,
  0x00, 0x00, 0x00, 0x00, 0x00, 0x00, 0x00, 0x00, 0x00, 0x00, 0x00, 0x00,
  0x00, 0x00, 0x00, 0x00, 0x00, 0x00, 0x00, 0x00, 0x00, 0x00, 0x00, 0x00,
  0x00, 0x00, 0x00, 0x00, 0x00, 0x00, 0x00, 0x00, 0x00, 0x00, 0x00, 0x00,
  0x00, 0x00, 0x00, 0x00, 0x00, 0x00, 0x00, 0x00, 0x00, 0x00, 0x00, 0x00,
  0x00, 0x00, 0x00, 0x00, 0x00, 0x00, 0x00, 0x00, 0x00, 0x00, 0x00, 0x00,
  0x00, 0x00, 0x00, 0x00, 0x00, 0x00, 0x00, 0x00, 0x00, 0x00, 0x00, 0x00,
  0x00, 0x00, 0x00, 0x00, 0x00, 0x00, 0x00, 0x00, 0x00, 0x00, 0x00, 0x00,
  0x00, 0x00, 0x00, 0x00, 0x00, 0x00, 0x00, 0x00, 0x00, 0x00, 0x00, 0x00,
  0x00, 0x00, 0x00, 0x00, 0x00, 0x00, 0x00, 0x00, 0x00, 0x00, 0x00, 0x00,
  0x00, 0x00, 0x00, 0x00, 0x00, 0x00, 0x00, 0x00, 0x00, 0x00, 0x00, 0x00,
  0x00, 0x00, 0x00, 0x00, 0x00, 0x00, 0x00, 0x00, 0x00, 0x00, 0x00, 0x00,
  0x00, 0x00, 0x00, 0x00, 0x00, 0x00, 0x00, 0x00, 0x00, 0x00, 0x00, 0x00,
  0x00, 0x00, 0x00, 0x00, 0x00, 0x00, 0x00, 0x00, 0x00, 0x00, 0x00, 0x00,
  0x00, 0x00, 0x00, 0x00, 0x00, 0x00, 0x00, 0x00, 0x00, 0x00, 0x00, 0x00,
  0x00, 0x00, 0x00, 0x00, 0x00, 0x00, 0x00, 0x00, 0x00, 0x00, 0x00, 0x00,
  0x00, 0x00, 0x00, 0x00, 0x00, 0x00, 0x00, 0x00, 0x00, 0x00, 0x00, 0x00,
  0x00, 0x00, 0x00, 0x00, 0x00, 0x00, 0x00, 0x00, 0x00, 0x00, 0x00, 0x00,
  0x00, 0x00, 0x00, 0x00, 0x00, 0x00, 0x00, 0x00, 0x00, 0x00, 0x00, 0x00,
  0x00, 0x00, 0x00, 0x00, 0x00, 0x00, 0x00, 0x00, 0x00, 0x00, 0x00, 0x00,
  0x00, 0x00, 0x00, 0x00, 0x00, 0x00, 0x00, 0x00, 0x00, 0x00, 0x00, 0x00,
  0x00, 0x00, 0x00, 0x00, 0x00, 0x00, 0x00, 0x00, 0x00, 0x00, 0x00, 0x00,
  0x00, 0x00, 0x00, 0x00, 0x00, 0x00, 0x00, 0x00, 0x00, 0x00, 0x00, 0x00,
  0x00, 0x00, 0x00, 0x00, 0x00, 0x00, 0x00, 0x00, 0x00, 0x00, 0x00, 0x00,
  0x00, 0x00, 0x00, 0x00, 0x00, 0x00, 0x00, 0x00, 0x00, 0x00, 0x00, 0x00,
  0x00, 0x00, 0x00, 0x00, 0x00, 0x00, 0x00, 0x00, 0x00, 0x00, 0x00, 0x00,
  0x00, 0x00, 0x00, 0x00, 0x00, 0x00, 0x00, 0x00, 0x00, 0x00, 0x00, 0x00,
  0x00, 0x00, 0x00, 0x00, 0x00, 0x00, 0x00, 0x00, 0x00, 0x00, 0x00, 0x00,
  0x00, 0x00, 0x00, 0x00, 0x00, 0x00, 0x00, 0x00, 0x00, 0x00, 0x00, 0x00,
  0x00, 0x00, 0x00, 0x00, 0x00, 0x00, 0x00, 0x00, 0x00, 0x00, 0x00, 0x00,
  0x00, 0x00, 0x00, 0x00, 0x00, 0x00, 0x00, 0x00, 0x00, 0x00, 0x00, 0x00,
  0x00, 0x00, 0x00, 0x00, 0x00, 0x00, 0x00, 0x00, 0x00, 0x00, 0x00, 0x00,
  0x00, 0x00, 0x00, 0x00, 0x00, 0x00, 0x00, 0x00, 0x00, 0x00, 0x00, 0x00,
  0x00, 0x00, 0x00, 0x00, 0x00, 0x00, 0x00, 0x00, 0x00, 0x00, 0x00, 0x00,
  0x00, 0x00, 0x00, 0x00, 0x00, 0x00, 0x00, 0x00, 0x00, 0x00, 0x00, 0x00,
  0x00, 0x00, 0x00, 0x00, 0x00, 0x00, 0x00, 0x00, 0x00, 0x00, 0x00, 0x00,
  0x00, 0x00, 0x00, 0x00, 0x00, 0x00, 0x00, 0x00, 0x00, 0x00, 0x00, 0x00,
  0x00, 0x00, 0x00, 0x00, 0x00, 0x00, 0x00, 0x00, 0x00, 0x00, 0x00, 0x00,
  0x00, 0x00, 0x00, 0x00, 0x00, 0x00, 0x00, 0x00, 0x00, 0x00, 0x00, 0x00,
  0x00, 0x00, 0x00, 0x00, 0x00, 0x00, 0x00, 0x00, 0x00, 0x00, 0x00, 0x00,
  0x00, 0x00, 0x00, 0x00, 0x00, 0x00, 0x00, 0x00, 0x00, 0x00, 0x00, 0x00,
  0x00, 0x00, 0x00, 0x00, 0x00, 0x00, 0x00, 0x00, 0x00, 0x00, 0x00, 0x00,
  0x00, 0x00, 0x00, 0x00, 0x00, 0x00, 0x00, 0x00, 0x00, 0x00, 0x00, 0x00,
  0x00, 0x00, 0x00, 0x00, 0x00, 0x00, 0x00, 0x00, 0x00, 0x00, 0x00, 0x00,
  0x00, 0x00, 0x00, 0x00, 0x00, 0x00, 0x00, 0x00, 0x00, 0x00, 0x00, 0x00,
  0x00, 0x00, 0x00, 0x00, 0x00, 0x00, 0x00, 0x00, 0x00, 0x00, 0x00, 0x00,
  0x00, 0x00, 0x00, 0x00, 0x00, 0x00, 0x00, 0x00, 0x00, 0x00, 0x00, 0x00,
  0x00, 0x00, 0x00, 0x00, 0x00, 0x00, 0x00, 0x00, 0x00, 0x00, 0x00, 0x00,
  0x00, 0x00, 0x00, 0x00, 0x00, 0x00, 0x00, 0x00, 0x00, 0x00, 0x00, 0x00,
  0x00, 0x00, 0x00, 0x00, 0x00, 0x00, 0x00, 0x00, 0x00, 0x00, 0x00, 0x00,
  0x00, 0x00, 0x00, 0x00, 0x00, 0x00, 0x00, 0x00, 0x00, 0x00, 0x00, 0x00,
  0x00, 0x00, 0x00, 0x00, 0x00, 0x00, 0x00, 0x00, 0x00, 0x00, 0x00, 0x00,
  0x00, 0x00, 0x00, 0x00, 0x00, 0x00, 0x00, 0x00, 0x00, 0x00, 0x00, 0x00,
  0x00, 0x00, 0x00, 0x00, 0x00, 0x00, 0x00, 0x00, 0x00, 0x00, 0x00, 0x00,
  0x00, 0x00, 0x00, 0x00, 0x00, 0x00, 0x00, 0x00, 0x00, 0x00, 0x00, 0x00,
  0x00, 0x00, 0x00, 0x00, 0x00, 0x00, 0x00, 0x00, 0x00, 0x00, 0x00, 0x00,
  0x00, 0x00, 0x00, 0x00, 0x00, 0x00, 0x00, 0x00, 0x00, 0x00, 0x00, 0x00,
  0x00, 0x00, 0x00, 0x00, 0x00, 0x00, 0x00, 0x00, 0x00, 0x00, 0x00, 0x00,
  0x00, 0x00, 0x00, 0x00, 0x00, 0x00, 0x00, 0x00, 0x00, 0x00, 0x00, 0x00,
  0x00, 0x00, 0x00, 0x00, 0x00, 0x00, 0x00, 0x00, 0x00, 0x00, 0x00, 0x00,
  0x00, 0x00, 0x00, 0x00, 0x00, 0x00, 0x00, 0x00, 0x00, 0x00, 0x00, 0x00,
  0x00, 0x00, 0x00, 0x00, 0x00, 0x00, 0x00, 0x00, 0x00, 0x00, 0x00, 0x00,
  0x00, 0x00, 0x00, 0x00, 0x00, 0x00, 0x00, 0x00, 0x00, 0x00, 0x00, 0x00,
  0x00, 0x00, 0x00, 0x00, 0x00, 0x00, 0x00, 0x00, 0x00, 0x00, 0x00, 0x00,
  0x00, 0x00, 0x00, 0x00, 0x00, 0x00, 0x00, 0x00, 0x00, 0x00, 0x00, 0x00,
  0x00, 0x00, 0x00, 0x00, 0x00, 0x00, 0x00, 0x00, 0x00, 0x00, 0x00, 0x00,
  0x00, 0x00, 0x00, 0x00, 0x00, 0x00, 0x00, 0x00, 0x00, 0x00, 0x00, 0x00,
  0x00, 0x00, 0x00, 0x00, 0x00, 0x00, 0x00, 0x00, 0x00, 0x00, 0x00, 0x00,
  0x00, 0x00, 0x00, 0x00, 0x00, 0x00, 0x00, 0x00, 0x00, 0x00, 0x00, 0x00,
  0x00, 0x00, 0x00, 0x00, 0x00, 0x00, 0x00, 0x00, 0x00, 0x00, 0x00, 0x00,
  0x00, 0x00, 0x00, 0x00, 0x00, 0x00, 0x00, 0x00, 0x00, 0x00, 0x00, 0x00,
  0x00, 0x00, 0x00, 0x00, 0x00, 0x00, 0x00, 0x00, 0x00, 0x00, 0x00, 0x00,
  0x00, 0x00, 0x00, 0x00, 0x00, 0x00, 0x00, 0x00, 0x00, 0x00, 0x00, 0x00,
  0x00, 0x00, 0x00, 0x00, 0x00, 0x00, 0x00, 0x00, 0x00, 0x00, 0x00, 0x00,
  0x00, 0x00, 0x00, 0x00, 0x00, 0x00, 0x00, 0x00, 0x00, 0x00, 0x00, 0x00,
  0x00, 0x00, 0x00, 0x00, 0x00, 0x00, 0x00, 0x00, 0x00, 0x00, 0x00, 0x00,
  0x00, 0x00, 0x00, 0x00, 0x00, 0x00, 0x00, 0x00, 0x00, 0x00, 0x00, 0x00,
  0x00, 0x00, 0x00, 0x00, 0x00, 0x00, 0x00, 0x00, 0x00, 0x00, 0x00, 0x00,
  0x00, 0x00, 0x00, 0x00, 0x00, 0x00, 0x00, 0x00, 0x00, 0x00, 0x00, 0x00,
  0x00, 0x00, 0x00, 0x00, 0x00, 0x00, 0x00, 0x00, 0x00, 0x00, 0x00, 0x00,
  0x00, 0x00, 0x00, 0x00, 0x00, 0x00, 0x00, 0x00, 0x00, 0x00, 0x00, 0x00,
  0x00, 0x00, 0x00, 0x00, 0x00, 0x00, 0x00, 0x00, 0x00, 0x00, 0x00, 0x00,
  0x00, 0x00, 0x00, 0x00, 0x00, 0x00, 0x00, 0x00, 0x00, 0x00, 0x00, 0x00,
  0x00, 0x00, 0x00, 0x00, 0x00, 0x00, 0x00, 0x00, 0x00, 0x00, 0x00, 0x00,
  0x00, 0x00, 0x00, 0x00, 0x00, 0x00, 0x00, 0x00, 0x00, 0x00, 0x00, 0x00,
  0x00, 0x00, 0x00, 0x00, 0x00, 0x00, 0x00, 0x00, 0x00, 0x00, 0x00, 0x00,
  0x00, 0x00, 0x00, 0x00, 0x00, 0x00, 0x00, 0x00, 0x00, 0x00, 0x00, 0x00,
  0x00, 0x00, 0x00, 0x00, 0x00, 0x00, 0x00, 0x00, 0x00, 0x00, 0x00, 0x00,
  0x00, 0x00, 0x00, 0x00, 0x00, 0x00, 0x00, 0x00, 0x00, 0x00, 0x00, 0x00,
  0x00, 0x00, 0x00, 0x00, 0x00, 0x00, 0x00, 0x00, 0x00, 0x00, 0x00, 0x00,
  0x00, 0x00, 0x00, 0x00, 0x00, 0x00, 0x00, 0x00, 0x00, 0x00, 0x00, 0x00,
  0x00, 0x00, 0x00, 0x00, 0x00, 0x00, 0x00, 0x00, 0x00, 0x00, 0x00, 0x00,
  0x00, 0x00, 0x00, 0x00, 0x00, 0x00, 0x00, 0x00, 0x00, 0x00, 0x00, 0x00,
  0x00, 0x00, 0x00, 0x00, 0x00, 0x00, 0x00, 0x00, 0x00, 0x00, 0x00, 0x00,
  0x00, 0x00, 0x00, 0x00, 0x00, 0x00, 0x00, 0x00, 0x00, 0x00, 0x00, 0x00,
  0x00, 0x00, 0x00, 0x00, 0x00, 0x00, 0x00, 0x00, 0x00, 0x00, 0x00, 0x00,
  0x00, 0x00, 0x00, 0x00, 0x00, 0x00, 0x00, 0x00, 0x00, 0x00, 0x00, 0x00,
  0x00, 0x00, 0x00, 0x00, 0x00, 0x00, 0x00, 0x00, 0x00, 0x00, 0x00, 0x00,
  0x00, 0x00, 0x00, 0x00, 0x00, 0x00, 0x00, 0x00, 0x00, 0x00, 0x00, 0x00,
  0x00, 0x00, 0x00, 0x00, 0x00, 0x00, 0x00, 0x00, 0x00, 0x00, 0x00, 0x00,
  0x00, 0x00, 0x00, 0x00, 0x00, 0x00, 0x00, 0x00, 0x00, 0x00, 0x00, 0x00,
  0x00, 0x00, 0x00, 0x00, 0x00, 0x00, 0x00, 0x00, 0x00, 0x00, 0x00, 0x00,
  0x00, 0x00, 0x00, 0x00, 0x00, 0x00, 0x00, 0x00, 0x00, 0x00, 0x00, 0x00,
  0x00, 0x00, 0x00, 0x00, 0x00, 0x00, 0x00, 0x00, 0x00, 0x00, 0x00, 0x00,
  0x00, 0x00, 0x00, 0x00, 0x00, 0x00, 0x00, 0x00, 0x00, 0x00, 0x00, 0x00,
  0x00, 0x00, 0x00, 0x00, 0x00, 0x00, 0x00, 0x00, 0x00, 0x00, 0x00, 0x00,
  0x00, 0x00, 0x00, 0x00, 0x00, 0x00, 0x00, 0x00, 0x00, 0x00, 0x00, 0x00,
  0x00, 0x00, 0x00, 0x00, 0x00, 0x00, 0x00, 0x00, 0x00, 0x00, 0x00, 0x00,
  0x00, 0x00, 0x00, 0x00, 0x00, 0x00, 0x00, 0x00, 0x00, 0x00, 0x00, 0x00,
  0x00, 0x00, 0x00, 0x00, 0x00, 0x00, 0x00, 0x00, 0x00, 0x00, 0x00, 0x00,
  0x00, 0x00, 0x00, 0x00, 0x00, 0x00, 0x00, 0x00, 0x00, 0x00, 0x00, 0x00,
  0x00, 0x00, 0x00, 0x00, 0x00, 0x00, 0x00, 0x00, 0x00, 0x00, 0x00, 0x00,
  0x00, 0x00, 0x00, 0x00, 0x00, 0x00, 0x00, 0x00, 0x00, 0x00, 0x00, 0x00,
  0x00, 0x00, 0x00, 0x00, 0x00, 0x00, 0x00, 0x00, 0x00, 0x00, 0x00, 0x00,
  0x00, 0x00, 0x00, 0x00, 0x00, 0x00, 0x00, 0x00, 0x00, 0x00, 0x00, 0x00,
  0x00, 0x00, 0x00, 0x00, 0x00, 0x00, 0x00, 0x00, 0x00, 0x00, 0x00, 0x00,
  0x00, 0x00, 0x00, 0x00, 0x00, 0x00, 0x00, 0x00, 0x00, 0x00, 0x00, 0x00,
  0x00, 0x00, 0x00, 0x00, 0x00, 0x00, 0x00, 0x00, 0x00, 0x00, 0x00, 0x00,
  0x00, 0x00, 0x00, 0x00, 0x00, 0x00, 0x00, 0x00, 0x00, 0x00, 0x00, 0x00,
  0x00, 0x00, 0x00, 0x00, 0x00, 0x00, 0x00, 0x00, 0x00, 0x00, 0x00, 0x00,
  0x00, 0x00, 0x00, 0x00, 0x00, 0x00, 0x00, 0x00, 0x00, 0x00, 0x00, 0x00,
  0x00, 0x00, 0x00, 0x00, 0x00, 0x00, 0x00, 0x00, 0x00, 0x00, 0x00, 0x00,
  0x00, 0x00, 0x00, 0x00, 0x00, 0x00, 0x00, 0x00, 0x00, 0x00, 0x00, 0x00,
  0x00, 0x00, 0x00, 0x00, 0x00, 0x00, 0x00, 0x00, 0x00, 0x00, 0x00, 0x00,
  0x00, 0x00, 0x00, 0x00, 0x00, 0x00, 0x00, 0x00, 0x00, 0x00, 0x00, 0x00,
  0x00, 0x00, 0x00, 0x00, 0x00, 0x00, 0x00, 0x00, 0x00, 0x00, 0x00, 0x00,
  0x00, 0x00, 0x00, 0x00, 0x00, 0x00, 0x00, 0x00, 0x00, 0x00, 0x00, 0x00,
  0x00, 0x00, 0x00, 0x00, 0x00, 0x00, 0x00, 0x00, 0x00, 0x00, 0x00, 0x00,
  0x00, 0x00, 0x00, 0x00, 0x00, 0x00, 0x00, 0x00, 0x00, 0x00, 0x00, 0x00,
  0x00, 0x00, 0x00, 0x00, 0x00, 0x00, 0x00, 0x00, 0x00, 0x00, 0x00, 0x00,
  0x00, 0x00, 0x00, 0x00, 0x00, 0x00, 0x00, 0x00, 0x00, 0x00, 0x00, 0x00,
  0x00, 0x00, 0x00, 0x00, 0x00, 0x00, 0x00, 0x00, 0x00, 0x00, 0x00, 0x00,
  0x00, 0x00, 0x00, 0x00, 0x00, 0x00, 0x00, 0x00, 0x00, 0x00, 0x00, 0x00,
  0x00, 0x00, 0x00, 0x00, 0x00, 0x00, 0x00, 0x00, 0x00, 0x00, 0x00, 0x00,
  0x00, 0x00, 0x00, 0x00, 0x00, 0x00, 0x00, 0x00, 0x00, 0x00, 0x00, 0x00,
  0x00, 0x00, 0x00, 0x00, 0x00, 0x00, 0x00, 0x00, 0x00, 0x00, 0x00, 0x00,
  0x00, 0x00, 0x00, 0x00, 0x00, 0x00, 0x00, 0x00, 0x00, 0x00, 0x00, 0x00,
  0x00, 0x00, 0x00, 0x00, 0x00, 0x00, 0x00, 0x00, 0x00, 0x00, 0x00, 0x00,
  0x00, 0x00, 0x00, 0x00, 0x00, 0x00, 0x00, 0x00, 0x00, 0x00, 0x00, 0x00,
  0x00, 0x00, 0x00, 0x00, 0x00, 0x00, 0x00, 0x00, 0x00, 0x00, 0x00, 0x00,
  0x00, 0x00, 0x00, 0x00, 0x00, 0x00, 0x00, 0x00, 0x00, 0x00, 0x00, 0x00,
  0x00, 0x00, 0x00, 0x00, 0x00, 0x00, 0x00, 0x00, 0x00, 0x00, 0x00, 0x00,
  0x00, 0x00, 0x00, 0x00, 0x00, 0x00, 0x00, 0x00, 0x00, 0x00, 0x00, 0x00,
  0x00, 0x00, 0x00, 0x00, 0x00, 0x00, 0x00, 0x00, 0x00, 0x00, 0x00, 0x00,
  0x00, 0x00, 0x00, 0x00, 0x00, 0x00, 0x00, 0x00, 0x00, 0x00, 0x00, 0x00,
  0x00, 0x00, 0x00, 0x00, 0x00, 0x00, 0x00, 0x00, 0x00, 0x00, 0x00, 0x00,
  0x00, 0x00, 0x00, 0x00, 0x00, 0x00, 0x00, 0x00, 0x00, 0x00, 0x00, 0x00,
  0x00, 0x00, 0x00, 0x00, 0x00, 0x00, 0x00, 0x00, 0x00, 0x00, 0x00, 0x00,
  0x00, 0x00, 0x00, 0x00, 0x00, 0x00, 0x00, 0x00, 0x00, 0x00, 0x00, 0x00,
  0x00, 0x00, 0x00, 0x00, 0x00, 0x00, 0x00, 0x00, 0x00, 0x00, 0x00, 0x00,
  0x00, 0x00, 0x00, 0x00, 0x00, 0x00, 0x00, 0x00, 0x00, 0x00, 0x00, 0x00,
  0x00, 0x00, 0x00, 0x00, 0x00, 0x00, 0x00, 0x00, 0x00, 0x00, 0x00, 0x00,
  0x00, 0x00, 0x00, 0x00, 0x00, 0x00, 0x00, 0x00, 0x00, 0x00, 0x00, 0x00,
  0x00, 0x00, 0x00, 0x00, 0x00, 0x00, 0x00, 0x00, 0x00, 0x00, 0x00, 0x00,
  0x00, 0x00, 0x00, 0x00, 0x00, 0x00, 0x00, 0x00, 0x00, 0x00, 0x00, 0x00,
  0x00, 0x00, 0x00, 0x00, 0x00, 0x00, 0x00, 0x00, 0x00, 0x00, 0x00, 0x00,
  0x00, 0x00, 0x00, 0x00, 0x00, 0x00, 0x00, 0x00, 0x00, 0x00, 0x00, 0x00,
  0x00, 0x00, 0x00, 0x00, 0x00, 0x00, 0x00, 0x00, 0x00, 0x00, 0x00, 0x00,
  0x00, 0x00, 0x00, 0x00, 0x00, 0x00, 0x00, 0x00, 0x00, 0x00, 0x00, 0x00,
  0x00, 0x00, 0x00, 0x00, 0x00, 0x00, 0x00, 0x00, 0x00, 0x00, 0x00, 0x00,
  0x00, 0x00, 0x00, 0x00, 0x00, 0x00, 0x00, 0x00, 0x00, 0x00, 0x00, 0x00,
  0x00, 0x00, 0x00, 0x00, 0x00, 0x00, 0x00, 0x00, 0x00, 0x00, 0x00, 0x00,
  0x00, 0x00, 0x00, 0x00, 0x00, 0x00, 0x00, 0x00, 0x00, 0x00, 0x00, 0x00,
  0x00, 0x00, 0x00, 0x00, 0x00, 0x00, 0x00, 0x00, 0x00, 0x00, 0x00, 0x00,
  0x00, 0x00, 0x00, 0x00, 0x00, 0x00, 0x00, 0x00, 0x00, 0x00, 0x00, 0x00,
  0x00, 0x00, 0x00, 0x00, 0x00, 0x00, 0x00, 0x00, 0x00, 0x00, 0x00, 0x00,
  0x00, 0x00, 0x00, 0x00, 0x00, 0x00, 0x00, 0x00, 0x00, 0x00, 0x00, 0x00,
  0x00, 0x00, 0x00, 0x00, 0x00, 0x00, 0x00, 0x00, 0x00, 0x00, 0x00, 0x00,
  0x00, 0x00, 0x00, 0x00, 0x00, 0x00, 0x00, 0x00, 0x00, 0x00, 0x00, 0x00,
  0x00, 0x00, 0x00, 0x00, 0x00, 0x00, 0x00, 0x00, 0x00, 0x00, 0x00, 0x00,
  0x00, 0x00, 0x00, 0x00, 0x00, 0x00, 0x00, 0x00, 0x00, 0x00, 0x00, 0x00,
  0x00, 0x00, 0x00, 0x00, 0x00, 0x00, 0x00, 0x00, 0x00, 0x00, 0x00, 0x00,
  0x00, 0x00, 0x00, 0x00, 0x00, 0x00, 0x00, 0x00, 0x00, 0x00, 0x00, 0x00,
  0x00, 0x00, 0x00, 0x00, 0x00, 0x00, 0x00, 0x00, 0x00, 0x00, 0x00, 0x00,
  0x00, 0x00, 0x00, 0x00, 0x00, 0x00, 0x00, 0x00, 0x00, 0x00, 0x00, 0x00,
  0x00, 0x00, 0x00, 0x00, 0x00, 0x00, 0x00, 0x00, 0x00, 0x00, 0x00, 0x00,
  0x00, 0x00, 0x00, 0x00, 0x00, 0x00, 0x00, 0x00, 0x00, 0x00, 0x00, 0x00,
  0x00, 0x00, 0x00, 0x00, 0x00, 0x00, 0x00, 0x00, 0x00, 0x00, 0x00, 0x00,
  0x00, 0x00, 0x00, 0x00, 0x00, 0x00, 0x00, 0x00, 0x00, 0x00, 0x00, 0x00,
  0x00, 0x00, 0x00, 0x00, 0x00, 0x00, 0x00, 0x00, 0x00, 0x00, 0x00, 0x00,
  0x00, 0x00, 0x00, 0x00, 0x00, 0x00, 0x00, 0x00, 0x00, 0x00, 0x00, 0x00,
  0x00, 0x00, 0x00, 0x00, 0x00, 0x00, 0x00, 0x00, 0x00, 0x00, 0x00, 0x00,
  0x00, 0x00, 0x00, 0x00, 0x00, 0x00, 0x00, 0x00, 0x00, 0x00, 0x00, 0x00,
  0x00, 0x00, 0x00, 0x00, 0x00, 0x00, 0x00, 0x00, 0x00, 0x00, 0x00, 0x00,
  0x00, 0x00, 0x00, 0x00, 0x00, 0x00, 0x00, 0x00, 0x00, 0x00, 0x00, 0x00,
  0x00, 0x00, 0x00, 0x00, 0x00, 0x00, 0x00, 0x00, 0x00, 0x00, 0x00, 0x00,
  0x00, 0x00, 0x00, 0x00, 0x00, 0x00, 0x00, 0x00, 0x00, 0x00, 0x00, 0x00,
  0x00, 0x00, 0x00, 0x00, 0x00, 0x00, 0x00, 0x00, 0x00, 0x00, 0x00, 0x00,
  0x00, 0x00, 0x00, 0x00, 0x00, 0x00, 0x00, 0x00, 0x00, 0x00, 0x00, 0x00,
  0x00, 0x00, 0x00, 0x00, 0x00, 0x00, 0x00, 0x00, 0x00, 0x00, 0x00, 0x00,
  0x00, 0x00, 0x00, 0x00, 0x00, 0x00, 0x00, 0x00, 0x00, 0x00, 0x00, 0x00,
  0x00, 0x00, 0x00, 0x00, 0x00, 0x00, 0x00, 0x00, 0x00, 0x00, 0x00, 0x00,
  0x00, 0x00, 0x00, 0x00, 0x00, 0x00, 0x00, 0x00, 0x00, 0x00, 0x00, 0x00,
  0x00, 0x00, 0x00, 0x00, 0x00, 0x00, 0x00, 0x00, 0x00, 0x00, 0x00, 0x00,
  0x00, 0x00, 0x00, 0x00, 0x00, 0x00, 0x00, 0x00, 0x00, 0x00, 0x00, 0x00,
  0x00, 0x00, 0x00, 0x00, 0x00, 0x00, 0x00, 0x00, 0x00, 0x00, 0x00, 0x00,
  0x00, 0x00, 0x00, 0x00, 0x00, 0x00, 0x00, 0x00, 0x00, 0x00, 0x00, 0x00,
  0x00, 0x00, 0x00, 0x00, 0x00, 0x00, 0x00, 0x00, 0x00, 0x00, 0x00, 0x00,
  0x00, 0x00, 0x00, 0x00, 0x00, 0x00, 0x00, 0x00, 0x00, 0x00, 0x00, 0x00,
  0x00, 0x00, 0x00, 0x00, 0x00, 0x00, 0x00, 0x00, 0x00, 0x00, 0x00, 0x00,
  0x00, 0x00, 0x00, 0x00, 0x00, 0x00, 0x00, 0x00, 0x00, 0x00, 0x00, 0x00,
  0x00, 0x00, 0x00, 0x00, 0x00, 0x00, 0x00, 0x00, 0x00, 0x00, 0x00, 0x00,
  0x00, 0x00, 0x00, 0x00, 0x00, 0x00, 0x00, 0x00, 0x00, 0x00, 0x00, 0x00,
  0x00, 0x00, 0x00, 0x00, 0x00, 0x00, 0x00, 0x00, 0x00, 0x00, 0x00, 0x00,
  0x00, 0x00, 0x00, 0x00, 0x00, 0x00, 0x00, 0x00, 0x00, 0x00, 0x00, 0x00,
  0x00, 0x00, 0x00, 0x00, 0x00, 0x00, 0x00, 0x00, 0x00, 0x00, 0x00, 0x00,
  0x00, 0x00, 0x00, 0x00, 0x00, 0x00, 0x00, 0x00, 0x00, 0x00, 0x00, 0x00,
  0x00, 0x00, 0x00, 0x00, 0x00, 0x00, 0x00, 0x00, 0x00, 0x00, 0x00, 0x00,
  0x00, 0x00, 0x00, 0x00, 0x00, 0x00, 0x00, 0x00, 0x00, 0x00, 0x00, 0x00,
  0x00, 0x00, 0x00, 0x00, 0x00, 0x00, 0x00, 0x00, 0x00, 0x00, 0x00, 0x00,
  0x00, 0x00, 0x00, 0x00, 0x00, 0x00, 0x00, 0x00, 0x00, 0x00, 0x00, 0x00,
  0x00, 0x00, 0x00, 0x00, 0x00, 0x00, 0x00, 0x00, 0x00, 0x00, 0x00, 0x00,
  0x00, 0x00, 0x00, 0x00, 0x00, 0x00, 0x00, 0x00, 0x00, 0x00, 0x00, 0x00,
  0x00, 0x00, 0x00, 0x00, 0x00, 0x00, 0x00, 0x00, 0x00, 0x00, 0x00, 0x00,
  0x00, 0x00, 0x00, 0x00, 0x00, 0x00, 0x00, 0x00, 0x00, 0x00, 0x00, 0x00,
  0x00, 0x00, 0x00, 0x00, 0x00, 0x00, 0x00, 0x00, 0x00, 0x00, 0x00, 0x00,
  0x00, 0x00, 0x00, 0x00, 0x00, 0x00, 0x00, 0x00, 0x00, 0x00, 0x00, 0x00,
  0x00, 0x00, 0x00, 0x00, 0x00, 0x00, 0x00, 0x00, 0x00, 0x00, 0x00, 0x00,
  0x00, 0x00, 0x00, 0x00, 0x00, 0x00, 0x00, 0x00, 0x00, 0x00, 0x00, 0x00,
  0x00, 0x00, 0x00, 0x00, 0x00, 0x00, 0x00, 0x00, 0x00, 0x00, 0x00, 0x00,
  0x00, 0x00, 0x00, 0x00, 0x00, 0x00, 0x00, 0x00, 0x00, 0x00, 0x00, 0x00,
  0x00, 0x00, 0x00, 0x00, 0x00, 0x00, 0x00, 0x00, 0x00, 0x00, 0x00, 0x00,
  0x00, 0x00, 0x00, 0x00, 0x00, 0x00, 0x00, 0x00, 0x00, 0x00, 0x00, 0x00,
  0x00, 0x00, 0x00, 0x00, 0x00, 0x00, 0x00, 0x00, 0x00, 0x00, 0x00, 0x00,
  0x00, 0x00, 0x00, 0x00, 0x00, 0x00, 0x00, 0x00, 0x00, 0x00, 0x00, 0x00,
  0x00, 0x00, 0x00, 0x00, 0x00, 0x00, 0x00, 0x00, 0x00, 0x00, 0x00, 0x00,
  0x00, 0x00, 0x00, 0x00, 0x00, 0x00, 0x00, 0x00, 0x00, 0x00, 0x00, 0x00,
  0x00, 0x00, 0x00, 0x00, 0x00, 0x00, 0x00, 0x00, 0x00, 0x00, 0x00, 0x00,
  0x00, 0x00, 0x00, 0x00, 0x00, 0x00, 0x00, 0x00, 0x00, 0x00, 0x00, 0x00,
  0x00, 0x00, 0x00, 0x00, 0x00, 0x00, 0x00, 0x00, 0x00, 0x00, 0x00, 0x00,
  0x00, 0x00, 0x00, 0x00, 0x00, 0x00, 0x00, 0x00, 0x00, 0x00, 0x00, 0x00,
  0x00, 0x00, 0x00, 0x00, 0x00, 0x00, 0x00, 0x00, 0x00, 0x00, 0x00, 0x00,
  0x00, 0x00, 0x00, 0x00, 0x00, 0x00, 0x00, 0x00, 0x00, 0x00, 0x00, 0x00,
  0x00, 0x00, 0x00, 0x00, 0x00, 0x00, 0x00, 0x00, 0x00, 0x00, 0x00, 0x00,
  0x00, 0x00, 0x00, 0x00, 0x00, 0x00, 0x00, 0x00, 0x00, 0x00, 0x00, 0x00,
  0x00, 0x00, 0x00, 0x00, 0x00, 0x00, 0x00, 0x00, 0x00, 0x00, 0x00, 0x00,
  0x00, 0x00, 0x00, 0x00, 0x00, 0x00, 0x00, 0x00, 0x00, 0x00, 0x00, 0x00,
  0x00, 0x00, 0x00, 0x00, 0x00, 0x00, 0x00, 0x00, 0x00, 0x00, 0x00, 0x00,
  0x00, 0x00, 0x00, 0x00, 0x00, 0x00, 0x00, 0x00, 0x00, 0x00, 0x00, 0x00,
  0x00, 0x00, 0x00, 0x00, 0x00, 0x00, 0x00, 0x00, 0x00, 0x00, 0x00, 0x00,
  0x00, 0x00, 0x00, 0x00, 0x00, 0x00, 0x00, 0x00, 0x00, 0x00, 0x00, 0x00,
  0x00, 0x00, 0x00, 0x00, 0x00, 0x00, 0x00, 0x00, 0x00, 0x00, 0x00, 0x00,
  0x00, 0x00, 0x00, 0x00, 0x00, 0x00, 0x00, 0x00, 0x00, 0x00, 0x00, 0x00,
  0x00, 0x00, 0x00, 0x00, 0x00, 0x00, 0x00, 0x00, 0x00, 0x00, 0x00, 0x00,
  0x00, 0x00, 0x00, 0x00, 0x00, 0x00, 0x00, 0x00, 0x00, 0x00, 0x00, 0x00,
  0x00, 0x00, 0x00, 0x00, 0x00, 0x00, 0x00, 0x00, 0x00, 0x00, 0x00, 0x00,
  0x00, 0x00, 0x00, 0x00, 0x00, 0x00, 0x00, 0x00, 0x00, 0x00, 0x00, 0x00,
  0x00, 0x00, 0x00, 0x00, 0x00, 0x00, 0x00, 0x00, 0x00, 0x00, 0x00, 0x00,
  0x00, 0x00, 0x00, 0x00, 0x00, 0x00, 0x00, 0x00, 0x00, 0x00, 0x00, 0x00,
  0x00, 0x00, 0x00, 0x00, 0x00, 0x00, 0x00, 0x00, 0x00, 0x00, 0x00, 0x00,
  0x00, 0x00, 0x00, 0x00, 0x00, 0x00, 0x00, 0x00, 0x00, 0x00, 0x00, 0x00,
  0x00, 0x00, 0x00, 0x00, 0x00, 0x00, 0x00, 0x00, 0x00, 0x00, 0x00, 0x00,
  0x00, 0x00, 0x00, 0x00, 0x00, 0x00, 0x00, 0x00, 0x00, 0x00, 0x00, 0x00,
  0x00, 0x00, 0x00, 0x00, 0x00, 0x00, 0x00, 0x00, 0x00, 0x00, 0x00, 0x00,
  0x00, 0x00, 0x00, 0x00, 0x00, 0x00, 0x00, 0x00, 0x00, 0x00, 0x00, 0x00,
  0x00, 0x00, 0x00, 0x00, 0x00, 0x00, 0x00, 0x00, 0x00, 0x00, 0x00, 0x00,
  0x00, 0x00, 0x00, 0x00, 0x00, 0x00, 0x00, 0x00, 0x00, 0x00, 0x00, 0x00,
  0x00, 0x00, 0x00, 0x00, 0x00, 0x00, 0x00, 0x00, 0x00, 0x00, 0x00, 0x00,
  0x00, 0x00, 0x00, 0x00, 0x00, 0x00, 0x00, 0x00, 0x00, 0x00, 0x00, 0x00,
  0x00, 0x00, 0x00, 0x00, 0x00, 0x00, 0x00, 0x00, 0x00, 0x00, 0x00, 0x00,
  0x00, 0x00, 0x00, 0x00, 0x00, 0x00, 0x00, 0x00, 0x00, 0x00, 0x00, 0x00,
  0x00, 0x00, 0x00, 0x00, 0x00, 0x00, 0x00, 0x00, 0x00, 0x00, 0x00, 0x00,
  0x00, 0x00, 0x00, 0x00, 0x00, 0x00, 0x00, 0x00, 0x00, 0x00, 0x00, 0x00,
  0x00, 0x00, 0x00, 0x00, 0x00, 0x00, 0x00, 0x00, 0x00, 0x00, 0x00, 0x00,
  0x00, 0x00, 0x00, 0x00, 0x00, 0x00, 0x00, 0x00, 0x00, 0x00, 0x00, 0x00,
  0x00, 0x00, 0x00, 0x00, 0x00, 0x00, 0x00, 0x00, 0x00, 0x00, 0x00, 0x00,
  0x00, 0x00, 0x00, 0x00, 0x00, 0x00, 0x00, 0x00, 0x00, 0x00, 0x00, 0x00,
  0x00, 0x00, 0x00, 0x00, 0x00, 0x00, 0x00, 0x00, 0x00, 0x00, 0x00, 0x00,
  0x00, 0x00, 0x00, 0x00, 0x00, 0x00, 0x00, 0x00, 0x00, 0x00, 0x00, 0x00,
  0x00, 0x00, 0x00, 0x00, 0x00, 0x00, 0x00, 0x00, 0x00, 0x00, 0x00, 0x00,
  0x00, 0x00, 0x00, 0x00, 0x00, 0x00, 0x00, 0x00, 0x00, 0x00, 0x00, 0x00,
  0x00, 0x00, 0x00, 0x00, 0x00, 0x00, 0x00, 0x00, 0x00, 0x00, 0x00, 0x00,
  0x00, 0x00, 0x00, 0x00, 0x00, 0x00, 0x00, 0x00, 0x00, 0x00, 0x00, 0x00,
  0x00, 0x00, 0x00, 0x00, 0x00, 0x00, 0x00, 0x00, 0x00, 0x00, 0x00, 0x00,
  0x00, 0x00, 0x00, 0x00, 0x00, 0x00, 0x00, 0x00, 0x00, 0x00, 0x00, 0x00,
  0x00, 0x00, 0x00, 0x00, 0x00, 0x00, 0x00, 0x00, 0x00, 0x00, 0x00, 0x00,
  0x00, 0x00, 0x00, 0x00, 0x00, 0x00, 0x00, 0x00, 0x00, 0x00, 0x00, 0x00,
  0x00, 0x00, 0x00, 0x00, 0x00, 0x00, 0x00, 0x00, 0x00, 0x00, 0x00, 0x00,
  0x00, 0x00, 0x00, 0x00, 0x00, 0x00, 0x00, 0x00, 0x00, 0x00, 0x00, 0x00,
  0x00, 0x00, 0x00, 0x00, 0x00, 0x00, 0x00, 0x00, 0x00, 0x00, 0x00, 0x00,
  0x00, 0x00, 0x00, 0x00, 0x00, 0x00, 0x00, 0x00, 0x00, 0x00, 0x00, 0x00,
  0x00, 0x00, 0x00, 0x00, 0x00, 0x00, 0x00, 0x00, 0x00, 0x00, 0x00, 0x00,
  0x00, 0x00, 0x00, 0x00, 0x00, 0x00, 0x00, 0x00, 0x00, 0x00, 0x00, 0x00,
  0x00, 0x00, 0x00, 0x00, 0x00, 0x00, 0x00, 0x00, 0x00, 0x00, 0x00, 0x00,
  0x00, 0x00, 0x00, 0x00, 0x00, 0x00, 0x00, 0x00, 0x00, 0x00, 0x00, 0x00,
  0x00, 0x00, 0x00, 0x00, 0x00, 0x00, 0x00, 0x00, 0x00, 0x00, 0x00, 0x00,
  0x00, 0x00, 0x00, 0x00, 0x00, 0x00, 0x00, 0x00, 0x00, 0x00, 0x00, 0x00,
  0x00, 0x00, 0x00, 0x00, 0x00, 0x00, 0x00, 0x00, 0x00, 0x00, 0x00, 0x00,
  0x00, 0x00, 0x00, 0x00, 0x00, 0x00, 0x00, 0x00, 0x00, 0x00, 0x00, 0x00,
  0x00, 0x00, 0x00, 0x00, 0x00, 0x00, 0x00, 0x00, 0x00, 0x00, 0x00, 0x00,
  0x00, 0x00, 0x00, 0x00, 0x00, 0x00, 0x00, 0x00, 0x00, 0x00, 0x00, 0x00,
  0x00, 0x00, 0x00, 0x00, 0x00, 0x00, 0x00, 0x00, 0x00, 0x00, 0x00, 0x00,
  0x00, 0x00, 0x00, 0x00, 0x00, 0x00, 0x00, 0x00, 0x00, 0x00, 0x00, 0x00,
  0x00, 0x00, 0x00, 0x00, 0x00, 0x00, 0x00, 0x00, 0x00, 0x00, 0x00, 0x00,
  0x00, 0x00, 0x00, 0x00, 0x00, 0x00, 0x00, 0x00, 0x00, 0x00, 0x00, 0x00,
  0x00, 0x00, 0x00, 0x00, 0x00, 0x00, 0x00, 0x00, 0x00, 0x00, 0x00, 0x00,
  0x00, 0x00, 0x00, 0x00, 0x00, 0x00, 0x00, 0x00, 0x00, 0x00, 0x00, 0x00,
  0x00, 0x00, 0x00, 0x00, 0x00, 0x00, 0x00, 0x00, 0x00, 0x00, 0x00, 0x00,
  0x00, 0x00, 0x00, 0x00, 0x00, 0x00, 0x00, 0x00, 0x00, 0x00, 0x00, 0x00,
  0x00, 0x00, 0x00, 0x00, 0x00, 0x00, 0x00, 0x00, 0x00, 0x00, 0x00, 0x00,
  0x00, 0x00, 0x00, 0x00, 0x00, 0x00, 0x00, 0x00, 0x00, 0x00, 0x00, 0x00,
  0x00, 0x00, 0x00, 0x00, 0x00, 0x00, 0x00, 0x00, 0x00, 0x00, 0x00, 0x00,
  0x00, 0x00, 0x00, 0x00, 0x00, 0x00, 0x00, 0x00, 0x00, 0x00, 0x00, 0x00,
  0x00, 0x00, 0x00, 0x00, 0x00, 0x00, 0x00, 0x00, 0x00, 0x00, 0x00, 0x00,
  0x00, 0x00, 0x00, 0x00, 0x00, 0x00, 0x00, 0x00, 0x00, 0x00, 0x00, 0x00,
  0x00, 0x00, 0x00, 0x00, 0x00, 0x00, 0x00, 0x00, 0x00, 0x00, 0x00, 0x00,
  0x00, 0x00, 0x00, 0x00, 0x00, 0x00, 0x00, 0x00, 0x00, 0x00, 0x00, 0x00,
  0x00, 0x00, 0x00, 0x00, 0x00, 0x00, 0x00, 0x00, 0x00, 0x00, 0x00, 0x00,
  0x00, 0x00, 0x00, 0x00, 0x00, 0x00, 0x00, 0x00, 0x00, 0x00, 0x00, 0x00,
  0x00, 0x00, 0x00, 0x00, 0x00, 0x00, 0x00, 0x00, 0x00, 0x00, 0x00, 0x00,
  0x00, 0x00, 0x00, 0x00, 0x00, 0x00, 0x00, 0x00, 0x00, 0x00, 0x00, 0x00,
  0x00, 0x00, 0x00, 0x00, 0x00, 0x00, 0x00, 0x00, 0x00, 0x00, 0x00, 0x00,
  0x00, 0x00, 0x00, 0x00, 0x00, 0x00, 0x00, 0x00, 0x00, 0x00, 0x00, 0x00,
  0x00, 0x00, 0x00, 0x00, 0x00, 0x00, 0x00, 0x00, 0x00, 0x00, 0x00, 0x00,
  0x00, 0x00, 0x00, 0x00, 0x00, 0x00, 0x00, 0x00, 0x00, 0x00, 0x00, 0x00,
  0x00, 0x00, 0x00, 0x00, 0x00, 0x00, 0x00, 0x00, 0x00, 0x00, 0x00, 0x00,
  0x00, 0x00, 0x00, 0x00, 0x00, 0x00, 0x00, 0x00, 0x00, 0x00, 0x00, 0x00,
  0x00, 0x00, 0x00, 0x00, 0x00, 0x00, 0x00, 0x00, 0x00, 0x00, 0x00, 0x00,
  0x00, 0x00, 0x00, 0x00, 0x00, 0x00, 0x00, 0x00, 0x00, 0x00, 0x00, 0x00,
  0x00, 0x00, 0x00, 0x00, 0x00, 0x00, 0x00, 0x00, 0x00, 0x00, 0x00, 0x00,
  0x00, 0x00, 0x00, 0x00, 0x00, 0x00, 0x00, 0x00, 0x00, 0x00, 0x00, 0x00,
  0x00, 0x00, 0x00, 0x00, 0x00, 0x00, 0x00, 0x00, 0x00, 0x00, 0x00, 0x00,
  0x00, 0x00, 0x00, 0x00, 0x00, 0x00, 0x00, 0x00, 0x00, 0x00, 0x00, 0x00,
  0x00, 0x00, 0x00, 0x00, 0x00, 0x00, 0x00, 0x00, 0x00, 0x00, 0x00, 0x00,
  0x00, 0x00, 0x00, 0x00, 0x00, 0x00, 0x00, 0x00, 0x00, 0x00, 0x00, 0x00,
  0x00, 0x00, 0x00, 0x00, 0x00, 0x00, 0x00, 0x00, 0x00, 0x00, 0x00, 0x00,
  0x00, 0x00, 0x00, 0x00, 0x00, 0x00, 0x00, 0x00, 0x00, 0x00, 0x00, 0x00,
  0x00, 0x00, 0x00, 0x00, 0x00, 0x00, 0x00, 0x00, 0x00, 0x00, 0x00, 0x00,
  0x00, 0x00, 0x00, 0x00, 0x00, 0x00, 0x00, 0x00, 0x00, 0x00, 0x00, 0x00,
  0x00, 0x00, 0x00, 0x00, 0x00, 0x00, 0x00, 0x00, 0x00, 0x00, 0x00, 0x00,
  0x00, 0x00, 0x00, 0x00, 0x00, 0x00, 0x00, 0x00, 0x00, 0x00, 0x00, 0x00,
  0x00, 0x00, 0x00, 0x00, 0x00, 0x00, 0x00, 0x00, 0x00, 0x00, 0x00, 0x00,
  0x00, 0x00, 0x00, 0x00, 0x00, 0x00, 0x00, 0x00, 0x00, 0x00, 0x00, 0x00,
  0x00, 0x00, 0x00, 0x00, 0x00, 0x00, 0x00, 0x00, 0x00, 0x00, 0x00, 0x00,
  0x00, 0x00, 0x00, 0x00, 0x00, 0x00, 0x00, 0x00, 0x00, 0x00, 0x00, 0x00,
  0x00, 0x00, 0x00, 0x00, 0x00, 0x00, 0x00, 0x00, 0x00, 0x00, 0x00, 0x00,
  0x00, 0x00, 0x00, 0x00, 0x00, 0x00, 0x00, 0x00, 0x00, 0x00, 0x00, 0x00,
  0x00, 0x00, 0x00, 0x00, 0x00, 0x00, 0x00, 0x00, 0x00, 0x00, 0x00, 0x00,
  0x00, 0x00, 0x00, 0x00, 0x00, 0x00, 0x00, 0x00, 0x00, 0x00, 0x00, 0x00,
  0x00, 0x00, 0x00, 0x00, 0x00, 0x00, 0x00, 0x00, 0x00, 0x00, 0x00, 0x00,
  0x00, 0x00, 0x00, 0x00, 0x00, 0x00, 0x00, 0x00, 0x00, 0x00, 0x00, 0x00,
  0x00, 0x00, 0x00, 0x00, 0x00, 0x00, 0x00, 0x00, 0x00, 0x00, 0x00, 0x00,
  0x00, 0x00, 0x00, 0x00, 0x00, 0x00, 0x00, 0x00, 0x00, 0x00, 0x00, 0x00,
  0x00, 0x00, 0x00, 0x00, 0x00, 0x00, 0x00, 0x00, 0x00, 0x00, 0x00, 0x00,
  0x00, 0x00, 0x00, 0x00, 0x00, 0x00, 0x00, 0x00, 0x00, 0x00, 0x00, 0x00,
  0x00, 0x00, 0x00, 0x00, 0x00, 0x00, 0x00, 0x00, 0x00, 0x00, 0x00, 0x00,
  0x00, 0x00, 0x00, 0x00, 0x00, 0x00, 0x00, 0x00, 0x00, 0x00, 0x00, 0x00,
  0x00, 0x00, 0x00, 0x00, 0x00, 0x00, 0x00, 0x00, 0x00, 0x00, 0x00, 0x00,
  0x00, 0x00, 0x00, 0x00, 0x00, 0x00, 0x00, 0x00, 0x00, 0x00, 0x00, 0x00,
  0x00, 0x00, 0x00, 0x00, 0x00, 0x00, 0x00, 0x00, 0x00, 0x00, 0x00, 0x00,
  0x00, 0x00, 0x00, 0x00, 0x00, 0x00, 0x00, 0x00, 0x00, 0x00, 0x00, 0x00,
  0x00, 0x00, 0x00, 0x00, 0x00, 0x00, 0x00, 0x00, 0x00, 0x00, 0x00, 0x00,
  0x00, 0x00, 0x00, 0x00, 0x00, 0x00, 0x00, 0x00, 0x00, 0x00, 0x00, 0x00,
  0x00, 0x00, 0x00, 0x00, 0x00, 0x00, 0x00, 0x00, 0x00, 0x00, 0x00, 0x00,
  0x00, 0x00, 0x00, 0x00, 0x00, 0x00, 0x00, 0x00, 0x00, 0x00, 0x00, 0x00,
  0x00, 0x00, 0x00, 0x00, 0x00, 0x00, 0x00, 0x00, 0x00, 0x00, 0x00, 0x00,
  0x00, 0x00, 0x00, 0x00, 0x00, 0x00, 0x00, 0x00, 0x00, 0x00, 0x00, 0x00,
  0x00, 0x00, 0x00, 0x00, 0x00, 0x00, 0x00, 0x00, 0x00, 0x00, 0x00, 0x00,
  0x00, 0x00, 0x00, 0x00, 0x00, 0x00, 0x00, 0x00, 0x00, 0x00, 0x00, 0x00,
  0x00, 0x00, 0x00, 0x00, 0x00, 0x00, 0x00, 0x00, 0x00, 0x00, 0x00, 0x00,
  0x00, 0x00, 0x00, 0x00, 0x00, 0x00, 0x00, 0x00, 0x00, 0x00, 0x00, 0x00,
  0x00, 0x00, 0x00, 0x00, 0x00, 0x00, 0x00, 0x00, 0x00, 0x00, 0x00, 0x00,
  0x00, 0x00, 0x00, 0x00, 0x00, 0x00, 0x00, 0x00, 0x00, 0x00, 0x00, 0x00,
  0x00, 0x00, 0x00, 0x00, 0x00, 0x00, 0x00, 0x00, 0x00, 0x00, 0x00, 0x00,
  0x00, 0x00, 0x00, 0x00, 0x00, 0x00, 0x00, 0x00, 0x00, 0x00, 0x00, 0x00,
  0x00, 0x00, 0x00, 0x00, 0x00, 0x00, 0x00, 0x00, 0x00, 0x00, 0x00, 0x00,
  0x00, 0x00, 0x00, 0x00, 0x00, 0x00, 0x00, 0x00, 0x00, 0x00, 0x00, 0x00,
  0x00, 0x00, 0x00, 0x00, 0x00, 0x00, 0x00, 0x00, 0x00, 0x00, 0x00, 0x00,
  0x00, 0x00, 0x00, 0x00, 0x00, 0x00, 0x00, 0x00, 0x00, 0x00, 0x00, 0x00,
  0x00, 0x00, 0x00, 0x00, 0x00, 0x00, 0x00, 0x00, 0x00, 0x00, 0x00, 0x00,
  0x00, 0x00, 0x00, 0x00, 0x00, 0x00, 0x00, 0x00, 0x00, 0x00, 0x00, 0x00,
  0x00, 0x00, 0x00, 0x00, 0x00, 0x00, 0x00, 0x00, 0x00, 0x00, 0x00, 0x00,
  0x00, 0x00, 0x00, 0x00, 0x00, 0x00, 0x00, 0x00, 0x00, 0x00, 0x00, 0x00,
  0x00, 0x00, 0x00, 0x00, 0x00, 0x00, 0x00, 0x00, 0x00, 0x00, 0x00, 0x00,
  0x00, 0x00, 0x00, 0x00, 0x00, 0x00, 0x00, 0x00, 0x00, 0x00, 0x00, 0x00,
  0x00, 0x00, 0x00, 0x00, 0x00, 0x00, 0x00, 0x00, 0x00, 0x00, 0x00, 0x00,
  0x00, 0x00, 0x00, 0x00, 0x00, 0x00, 0x00, 0x00, 0x00, 0x00, 0x00, 0x00,
  0x00, 0x00, 0x00, 0x00, 0x00, 0x00, 0x00, 0x00, 0x00, 0x00, 0x00, 0x00,
  0x00, 0x00, 0x00, 0x00, 0x00, 0x00, 0x00, 0x00, 0x00, 0x00, 0x00, 0x00,
  0x00, 0x00, 0x00, 0x00, 0x00, 0x00, 0x00, 0x00, 0x00, 0x00, 0x00, 0x00,
  0x00, 0x00, 0x00, 0x00, 0x00, 0x00, 0x00, 0x00, 0x00, 0x00, 0x00, 0x00,
  0x00, 0x00, 0x00, 0x00, 0x00, 0x00, 0x00, 0x00, 0x00, 0x00, 0x00, 0x00,
  0x00, 0x00, 0x00, 0x00, 0x00, 0x00, 0x00, 0x00, 0x00, 0x00, 0x00, 0x00,
  0x00, 0x00, 0x00, 0x00, 0x00, 0x00, 0x00, 0x00, 0x00, 0x00, 0x00, 0x00,
  0x00, 0x00, 0x00, 0x00, 0x00, 0x00, 0x00, 0x00, 0x00, 0x00, 0x00, 0x00,
  0x00, 0x00, 0x00, 0x00, 0x00, 0x00, 0x00, 0x00, 0x00, 0x00, 0x00, 0x00,
  0x00, 0x00, 0x00, 0x00, 0x00, 0x00, 0x00, 0x00, 0x00, 0x00, 0x00, 0x00,
  0x00, 0x00, 0x00, 0x00, 0x00, 0x00, 0x00, 0x00, 0x00, 0x00, 0x00, 0x00,
  0x00, 0x00, 0x00, 0x00, 0x00, 0x00, 0x00, 0x00, 0x00, 0x00, 0x00, 0x00,
  0x00, 0x00, 0x00, 0x00, 0x00, 0x00, 0x00, 0x00, 0x00, 0x00, 0x00, 0x00,
  0x00, 0x00, 0x00, 0x00, 0x00, 0x00, 0x00, 0x00, 0x00, 0x00, 0x00, 0x00,
  0x00, 0x00, 0x00, 0x00, 0x00, 0x00, 0x00, 0x00, 0x00, 0x00, 0x00, 0x00,
  0x00, 0x00, 0x00, 0x00, 0x00, 0x00, 0x00, 0x00, 0x00, 0x00, 0x00, 0x00,
  0x00, 0x00, 0x00, 0x00, 0x00, 0x00, 0x00, 0x00, 0x00, 0x00, 0x00, 0x00,
  0x00, 0x00, 0x00, 0x00, 0x00, 0x00, 0x00, 0x00, 0x00, 0x00, 0x00, 0x00,
  0x00, 0x00, 0x00, 0x00, 0x00, 0x00, 0x00, 0x00, 0x00, 0x00, 0x00, 0x00,
  0x00, 0x00, 0x00, 0x00, 0x00, 0x00, 0x00, 0x00, 0x00, 0x00, 0x00, 0x00,
  0x00, 0x00, 0x00, 0x00, 0x00, 0x00, 0x00, 0x00, 0x00, 0x00, 0x00, 0x00,
  0x00, 0x00, 0x00, 0x00, 0x00, 0x00, 0x00, 0x00, 0x00, 0x00, 0x00, 0x00,
  0x00, 0x00, 0x00, 0x00, 0x00, 0x00, 0x00, 0x00, 0x00, 0x00, 0x00, 0x00,
  0x00, 0x00, 0x00, 0x00, 0x00, 0x00, 0x00, 0x00, 0x00, 0x00, 0x00, 0x00,
  0x00, 0x00, 0x00, 0x00, 0x00, 0x00, 0x00, 0x00, 0x00, 0x00, 0x00, 0x00,
  0x00, 0x00, 0x00, 0x00, 0x00, 0x00, 0x00, 0x00, 0x00, 0x00, 0x00, 0x00,
  0x00, 0x00, 0x00, 0x00, 0x00, 0x00, 0x00, 0x00, 0x00, 0x00, 0x00, 0x00,
  0x00, 0x00, 0x00, 0x00, 0x00, 0x00, 0x00, 0x00, 0x00, 0x00, 0x00, 0x00,
  0x00, 0x00, 0x00, 0x00, 0x00, 0x00, 0x00, 0x00, 0x00, 0x00, 0x00, 0x00,
  0x00, 0x00, 0x00, 0x00, 0x00, 0x00, 0x00, 0x00, 0x00, 0x00, 0x00, 0x00,
  0x00, 0x00, 0x00, 0x00, 0x00, 0x00, 0x00, 0x00, 0x00, 0x00, 0x00, 0x00,
  0x00, 0x00, 0x00, 0x00, 0x00, 0x00, 0x00, 0x00, 0x00, 0x00, 0x00, 0x00,
  0x00, 0x00, 0x00, 0x00, 0x00, 0x00, 0x00, 0x00, 0x00, 0x00, 0x00, 0x00,
  0x00, 0x00, 0x00, 0x00, 0x00, 0x00, 0x00, 0x00, 0x00, 0x00, 0x00, 0x00,
  0x00, 0x00, 0x00, 0x00, 0x00, 0x00, 0x00, 0x00, 0x00, 0x00, 0x00, 0x00,
  0x00, 0x00, 0x00, 0x00, 0x00, 0x00, 0x00, 0x00, 0x00, 0x00, 0x00, 0x00,
  0x00, 0x00, 0x00, 0x00, 0x00, 0x00, 0x00, 0x00, 0x00, 0x00, 0x00, 0x00,
  0x00, 0x00, 0x00, 0x00, 0x00, 0x00, 0x00, 0x00, 0x00, 0x00, 0x00, 0x00,
  0x00, 0x00, 0x00, 0x00, 0x00, 0x00, 0x00, 0x00, 0x00, 0x00, 0x00, 0x00,
  0x00, 0x00, 0x00, 0x00, 0x00, 0x00, 0x00, 0x00, 0x00, 0x00, 0x00, 0x00,
  0x00, 0x00, 0x00, 0x00, 0x00, 0x00, 0x00, 0x00, 0x00, 0x00, 0x00, 0x00,
  0x00, 0x00, 0x00, 0x00, 0x00, 0x00, 0x00, 0x00, 0x00, 0x00, 0x00, 0x00,
  0x00, 0x00, 0x00, 0x00, 0x00, 0x00, 0x00, 0x00, 0x00, 0x00, 0x00, 0x00,
  0x00, 0x00, 0x00, 0x00, 0x00, 0x00, 0x00, 0x00, 0x00, 0x00, 0x00, 0x00,
  0x00, 0x00, 0x00, 0x00, 0x00, 0x00, 0x00, 0x00, 0x00, 0x00, 0x00, 0x00,
  0x00, 0x00, 0x00, 0x00, 0x00, 0x00, 0x00, 0x00, 0x00, 0x00, 0x00, 0x00,
  0x00, 0x00, 0x00, 0x00, 0x00, 0x00, 0x00, 0x00, 0x00, 0x00, 0x00, 0x00,
  0x00, 0x00, 0x00, 0x00, 0x00, 0x00, 0x00, 0x00, 0x00, 0x00, 0x00, 0x00,
  0x00, 0x00, 0x00, 0x00, 0x00, 0x00, 0x00, 0x00, 0x00, 0x00, 0x00, 0x00,
  0x00, 0x00, 0x00, 0x00, 0x00, 0x00, 0x00, 0x00, 0x00, 0x00, 0x00, 0x00,
  0x00, 0x00, 0x00, 0x00, 0x00, 0x00, 0x00, 0x00, 0x00, 0x00, 0x00, 0x00,
  0x00, 0x00, 0x00, 0x00, 0x00, 0x00, 0x00, 0x00, 0x00, 0x00, 0x00, 0x00,
  0x00, 0x00, 0x00, 0x00, 0x00, 0x00, 0x00, 0x00, 0x00, 0x00, 0x00, 0x00,
  0x00, 0x00, 0x00, 0x00, 0x00, 0x00, 0x00, 0x00, 0x00, 0x00, 0x00, 0x00,
  0x00, 0x00, 0x00, 0x00, 0x00, 0x00, 0x00, 0x00, 0x00, 0x00, 0x00, 0x00,
  0x00, 0x00, 0x00, 0x00, 0x00, 0x00, 0x00, 0x00, 0x00, 0x00, 0x00, 0x00,
  0x00, 0x00, 0x00, 0x00, 0x00, 0x00, 0x00, 0x00, 0x00, 0x00, 0x00, 0x00,
  0x00, 0x00, 0x00, 0x00, 0x00, 0x00, 0x00, 0x00, 0x00, 0x00, 0x00, 0x00,
  0x00, 0x00, 0x00, 0x00, 0x00, 0x00, 0x00, 0x00, 0x00, 0x00, 0x00, 0x00,
  0x00, 0x00, 0x00, 0x00, 0x00, 0x00, 0x00, 0x00, 0x00, 0x00, 0x00, 0x00,
  0x00, 0x00, 0x00, 0x00, 0x00, 0x00, 0x00, 0x00, 0x00, 0x00, 0x00, 0x00,
  0x00, 0x00, 0x00, 0x00, 0x00, 0x00, 0x00, 0x00, 0x00, 0x00, 0x00, 0x00,
  0x00, 0x00, 0x00, 0x00, 0x00, 0x00, 0x00, 0x00, 0x00, 0x00, 0x00, 0x00,
  0x00, 0x00, 0x00, 0x00, 0x00, 0x00, 0x00, 0x00, 0x00, 0x00, 0x00, 0x00,
  0x00, 0x00, 0x00, 0x00, 0x00, 0x00, 0x00, 0x00, 0x00, 0x00, 0x00, 0x00,
  0x00, 0x00, 0x00, 0x00, 0x00, 0x00, 0x00, 0x00, 0x00, 0x00, 0x00, 0x00,
  0x00, 0x00, 0x00, 0x00, 0x00, 0x00, 0x00, 0x00, 0x00, 0x00, 0x00, 0x00,
  0x00, 0x00, 0x00, 0x00, 0x00, 0x00, 0x00, 0x00, 0x00, 0x00, 0x00, 0x00,
  0x00, 0x00, 0x00, 0x00, 0x00, 0x00, 0x00, 0x00, 0x00, 0x00, 0x00, 0x00,
  0x00, 0x00, 0x00, 0x00, 0x00, 0x00, 0x00, 0x00, 0x00, 0x00, 0x00, 0x00,
  0x00, 0x00, 0x00, 0x00, 0x00, 0x00, 0x00, 0x00, 0x00, 0x00, 0x00, 0x00,
  0x00, 0x00, 0x00, 0x00, 0x00, 0x00, 0x00, 0x00, 0x00, 0x00, 0x00, 0x00,
  0x00, 0x00, 0x00, 0x00, 0x00, 0x00, 0x00, 0x00, 0x00, 0x00, 0x00, 0x00,
  0x00, 0x00, 0x00, 0x00, 0x00, 0x00, 0x00, 0x00, 0x00, 0x00, 0x00, 0x00,
  0x00, 0x00, 0x00, 0x00, 0x00, 0x00, 0x00, 0x00, 0x00, 0x00, 0x00, 0x00,
  0x00, 0x00, 0x00, 0x00, 0x00, 0x00, 0x00, 0x00, 0x00, 0x00, 0x00, 0x00,
  0x00, 0x00, 0x00, 0x00, 0x00, 0x00, 0x00, 0x00, 0x00, 0x00, 0x00, 0x00,
  0x00, 0x00, 0x00, 0x00, 0x00, 0x00, 0x00, 0x00, 0x00, 0x00, 0x00, 0x00,
  0x00, 0x00, 0x00, 0x00, 0x00, 0x00, 0x00, 0x00, 0x00, 0x00, 0x00, 0x00,
  0x00, 0x00, 0x00, 0x00, 0x00, 0x00, 0x00, 0x00, 0x00, 0x00, 0x00, 0x00,
  0x00, 0x00, 0x00, 0x00, 0x00, 0x00, 0x00, 0x00, 0x00, 0x00, 0x00, 0x00,
  0x00, 0x00, 0x00, 0x00, 0x00, 0x00, 0x00, 0x00, 0x00, 0x00, 0x00, 0x00,
  0x00, 0x00, 0x00, 0x00, 0x00, 0x00, 0x00, 0x00, 0x00, 0x00, 0x00, 0x00,
  0x00, 0x00, 0x00, 0x00, 0x00, 0x00, 0x00, 0x00, 0x00, 0x00, 0x00, 0x00,
  0x00, 0x00, 0x00, 0x00, 0x00, 0x00, 0x00, 0x00, 0x00, 0x00, 0x00, 0x00,
  0x00, 0x00, 0x00, 0x00, 0x00, 0x00, 0x00, 0x00, 0x00, 0x00, 0x00, 0x00,
  0x00, 0x00, 0x00, 0x00, 0x00, 0x00, 0x00, 0x00, 0x00, 0x00, 0x00, 0x00,
  0x00, 0x00, 0x00, 0x00, 0x00, 0x00, 0x00, 0x00, 0x00, 0x00, 0x00, 0x00,
  0x00, 0x00, 0x00, 0x00, 0x00, 0x00, 0x00, 0x00, 0x00, 0x00, 0x00, 0x00,
  0x00, 0x00, 0x00, 0x00, 0x00, 0x00, 0x00, 0x00, 0x00, 0x00, 0x00, 0x00,
  0x00, 0x00, 0x00, 0x00, 0x00, 0x00, 0x00, 0x00, 0x00, 0x00, 0x00, 0x00,
  0x00, 0x00, 0x00, 0x00, 0x00, 0x00, 0x00, 0x00, 0x00, 0x00, 0x00, 0x00,
  0x00, 0x00, 0x00, 0x00, 0x00, 0x00, 0x00, 0x00, 0x00, 0x00, 0x00, 0x00,
  0x00, 0x00, 0x00, 0x00, 0x00, 0x00, 0x00, 0x00, 0x00, 0x00, 0x00, 0x00,
  0x00, 0x00, 0x00, 0x00, 0x00, 0x00, 0x00, 0x00, 0x00, 0x00, 0x00, 0x00,
  0x00, 0x00, 0x00, 0x00, 0x00, 0x00, 0x00, 0x00, 0x00, 0x00, 0x00, 0x00,
  0x00, 0x00, 0x00, 0x00, 0x00, 0x00, 0x00, 0x00, 0x00, 0x00, 0x00, 0x00,
  0x00, 0x00, 0x00, 0x00, 0x00, 0x00, 0x00, 0x00, 0x00, 0x00, 0x00, 0x00,
  0x00, 0x00, 0x00, 0x00, 0x00, 0x00, 0x00, 0x00, 0x00, 0x00, 0x00, 0x00,
  0x00, 0x00, 0x00, 0x00, 0x00, 0x00, 0x00, 0x00, 0x00, 0x00, 0x00, 0x00,
  0x00, 0x00, 0x00, 0x00, 0x00, 0x00, 0x00, 0x00, 0x00, 0x00, 0x00, 0x00,
  0x00, 0x00, 0x00, 0x00, 0x00, 0x00, 0x00, 0x00, 0x00, 0x00, 0x00, 0x00,
  0x00, 0x00, 0x00, 0x00, 0x00, 0x00, 0x00, 0x00, 0x00, 0x00, 0x00, 0x00,
  0x00, 0x00, 0x00, 0x00, 0x00, 0x00, 0x00, 0x00, 0x00, 0x00, 0x00, 0x00,
  0x00, 0x00, 0x00, 0x00, 0x00, 0x00, 0x00, 0x00, 0x00, 0x00, 0x00, 0x00,
  0x00, 0x00, 0x00, 0x00, 0x00, 0x00, 0x00, 0x00, 0x00, 0x00, 0x00, 0x00,
  0x00, 0x00, 0x00, 0x00, 0x00, 0x00, 0x00, 0x00, 0x00, 0x00, 0x00, 0x00,
  0x00, 0x00, 0x00, 0x00, 0x00, 0x00, 0x00, 0x00, 0x00, 0x00, 0x00, 0x00,
  0x00, 0x00, 0x00, 0x00, 0x00, 0x00, 0x00, 0x00, 0x00, 0x00, 0x00, 0x00,
  0x00, 0x00, 0x00, 0x00, 0x00, 0x00, 0x00, 0x00, 0x00, 0x00, 0x00, 0x00,
  0x00, 0x00, 0x00, 0x00, 0x00, 0x00, 0x00, 0x00, 0x00, 0x00, 0x00, 0x00,
  0x00, 0x00, 0x00, 0x00, 0x00, 0x00, 0x00, 0x00, 0x00, 0x00, 0x00, 0x00,
  0x00, 0x00, 0x00, 0x00, 0x00, 0x00, 0x00, 0x00, 0x00, 0x00, 0x00, 0x00,
  0x00, 0x00, 0x00, 0x00, 0x00, 0x00, 0x00, 0x00, 0x00, 0x00, 0x00, 0x00,
  0x00, 0x00, 0x00, 0x00, 0x00, 0x00, 0x00, 0x00, 0x00, 0x00, 0x00, 0x00,
  0x00, 0x00, 0x00, 0x00, 0x00, 0x00, 0x00, 0x00, 0x00, 0x00, 0x00, 0x00,
  0x00, 0x00, 0x00, 0x00, 0x00, 0x00, 0x00, 0x00, 0x00, 0x00, 0x00, 0x00,
  0x00, 0x00, 0x00, 0x00, 0x00, 0x00, 0x00, 0x00, 0x00, 0x00, 0x00, 0x00,
  0x00, 0x00, 0x00, 0x00, 0x00, 0x00, 0x00, 0x00, 0x00, 0x00, 0x00, 0x00,
  0x00, 0x00, 0x00, 0x00, 0x00, 0x00, 0x00, 0x00, 0x00, 0x00, 0x00, 0x00,
  0x00, 0x00, 0x00, 0x00, 0x00, 0x00, 0x00, 0x00, 0x00, 0x00, 0x00, 0x00,
  0x00, 0x00, 0x00, 0x00, 0x00, 0x00, 0x00, 0x00, 0x00, 0x00, 0x00, 0x00,
  0x00, 0x00, 0x00, 0x00, 0x00, 0x00, 0x00, 0x00, 0x00, 0x00, 0x00, 0x00,
  0x00, 0x00, 0x00, 0x00, 0x00, 0x00, 0x00, 0x00, 0x00, 0x00, 0x00, 0x00,
  0x00, 0x00, 0x00, 0x00, 0x00, 0x00, 0x00, 0x00, 0x00, 0x00, 0x00, 0x00,
  0x00, 0x00, 0x00, 0x00, 0x00, 0x00, 0x00, 0x00, 0x00, 0x00, 0x00, 0x00,
  0x00, 0x00, 0x00, 0x00, 0x00, 0x00, 0x00, 0x00, 0x00, 0x00, 0x00, 0x00,
  0x00, 0x00, 0x00, 0x00, 0x00, 0x00, 0x00, 0x00, 0x00, 0x00, 0x00, 0x00,
  0x00, 0x00, 0x00, 0x00, 0x00, 0x00, 0x00, 0x00, 0x00, 0x00, 0x00, 0x00,
  0x00, 0x00, 0x00, 0x00, 0x00, 0x00, 0x00, 0x00, 0x00, 0x00, 0x00, 0x00,
  0x00, 0x00, 0x00, 0x00, 0x00, 0x00, 0x00, 0x00, 0x00, 0x00, 0x00, 0x00,
  0x00, 0x00, 0x00, 0x00, 0x00, 0x00, 0x00, 0x00, 0x00, 0x00, 0x00, 0x00,
  0x00, 0x00, 0x00, 0x00, 0x00, 0x00, 0x00, 0x00, 0x00, 0x00, 0x00, 0x00,
  0x00, 0x00, 0x00, 0x00, 0x00, 0x00, 0x00, 0x00, 0x00, 0x00, 0x00, 0x00,
  0x00, 0x00, 0x00, 0x00, 0x00, 0x00, 0x00, 0x00, 0x00, 0x00, 0x00, 0x00,
  0x00, 0x00, 0x00, 0x00, 0x00, 0x00, 0x00, 0x00, 0x00, 0x00, 0x00, 0x00,
  0x00, 0x00, 0x00, 0x00, 0x00, 0x00, 0x00, 0x00, 0x00, 0x00, 0x00, 0x00,
  0x00, 0x00, 0x00, 0x00, 0x00, 0x00, 0x00, 0x00, 0x00, 0x00, 0x00, 0x00,
  0x00, 0x00, 0x00, 0x00, 0x00, 0x00, 0x00, 0x00, 0x00, 0x00, 0x00, 0x00,
  0x00, 0x00, 0x00, 0x00, 0x00, 0x00, 0x00, 0x00, 0x00, 0x00, 0x00, 0x00,
  0x00, 0x00, 0x00, 0x00, 0x00, 0x00, 0x00, 0x00, 0x00, 0x00, 0x00, 0x00,
  0x00, 0x00, 0x00, 0x00, 0x00, 0x00, 0x00, 0x00, 0x00, 0x00, 0x00, 0x00,
  0x00, 0x00, 0x00, 0x00, 0x00, 0x00, 0x00, 0x00, 0x00, 0x00, 0x00, 0x00,
  0x00, 0x00, 0x00, 0x00, 0x00, 0x00, 0x00, 0x00, 0x00, 0x00, 0x00, 0x00,
  0x00, 0x00, 0x00, 0x00, 0x00, 0x00, 0x00, 0x00, 0x00, 0x00, 0x00, 0x00,
  0x00, 0x00, 0x00, 0x00, 0x00, 0x00, 0x00, 0x00, 0x00, 0x00, 0x00, 0x00,
  0x00, 0x00, 0x00, 0x00, 0x00, 0x00, 0x00, 0x00, 0x00, 0x00, 0x00, 0x00,
  0x00, 0x00, 0x00, 0x00, 0x00, 0x00, 0x00, 0x00, 0x00, 0x00, 0x00, 0x00,
  0x00, 0x00, 0x00, 0x00, 0x00, 0x00, 0x00, 0x00, 0x00, 0x00, 0x00, 0x00,
  0x00, 0x00, 0x00, 0x00, 0x00, 0x00, 0x00, 0x00, 0x00, 0x00, 0x00, 0x00,
  0x00, 0x00, 0x00, 0x00, 0x00, 0x00, 0x00, 0x00, 0x00, 0x00, 0x00, 0x00,
  0x00, 0x00, 0x00, 0x00, 0x00, 0x00, 0x00, 0x00, 0x00, 0x00, 0x00, 0x00,
  0x00, 0x00, 0x00, 0x00, 0x00, 0x00, 0x00, 0x00, 0x00, 0x00, 0x00, 0x00,
  0x00, 0x00, 0x00, 0x00, 0x00, 0x00, 0x00, 0x00, 0x00, 0x00, 0x00, 0x00,
  0x00, 0x00, 0x00, 0x00, 0x00, 0x00, 0x00, 0x00, 0x00, 0x00, 0x00, 0x00,
  0x00, 0x00, 0x00, 0x00, 0x00, 0x00, 0x00, 0x00, 0x00, 0x00, 0x00, 0x00,
  0x00, 0x00, 0x00, 0x00, 0x00, 0x00, 0x00, 0x00, 0x00, 0x00, 0x00, 0x00,
  0x00, 0x00, 0x00, 0x00, 0x00, 0x00, 0x00, 0x00, 0x00, 0x00, 0x00, 0x00,
  0x00, 0x00, 0x00, 0x00, 0x00, 0x00, 0x00, 0x00, 0x00, 0x00, 0x00, 0x00,
  0x00, 0x00, 0x00, 0x00, 0x00, 0x00, 0x00, 0x00, 0x00, 0x00, 0x00, 0x00,
  0x00, 0x00, 0x00, 0x00, 0x00, 0x00, 0x00, 0x00, 0x00, 0x00, 0x00, 0x00,
  0x00, 0x00, 0x00, 0x00, 0x00, 0x00, 0x00, 0x00, 0x00, 0x00, 0x00, 0x00,
  0x00, 0x00, 0x00, 0x00, 0x00, 0x00, 0x00, 0x00, 0x00, 0x00, 0x00, 0x00,
  0x00, 0x00, 0x00, 0x00, 0x00, 0x00, 0x00, 0x00, 0x00, 0x00, 0x00, 0x00,
  0x00, 0x00, 0x00, 0x00, 0x00, 0x00, 0x00, 0x00, 0x00, 0x00, 0x00, 0x00,
  0x00, 0x00, 0x00, 0x00, 0x00, 0x00, 0x00, 0x00, 0x00, 0x00, 0x00, 0x00,
  0x00, 0x00, 0x00, 0x00, 0x00, 0x00, 0x00, 0x00, 0x00, 0x00, 0x00, 0x00,
  0x00, 0x00, 0x00, 0x00, 0x00, 0x00, 0x00, 0x00, 0x00, 0x00, 0x00, 0x00,
  0x00, 0x00, 0x00, 0x00, 0x00, 0x00, 0x00, 0x00, 0x00, 0x00, 0x00, 0x00,
  0x00, 0x00, 0x00, 0x00, 0x00, 0x00, 0x00, 0x00, 0x00, 0x00, 0x00, 0x00,
  0x00, 0x00, 0x00, 0x00, 0x00, 0x00, 0x00, 0x00, 0x00, 0x00, 0x00, 0x00,
  0x00, 0x00, 0x00, 0x00, 0x00, 0x00, 0x00, 0x00, 0x00, 0x00, 0x00, 0x00,
  0x00, 0x00, 0x00, 0x00, 0x00, 0x00, 0x00, 0x00, 0x00, 0x00, 0x00, 0x00,
  0x00, 0x00, 0x00, 0x00, 0x00, 0x00, 0x00, 0x00, 0x00, 0x00, 0x00, 0x00,
  0x00, 0x00, 0x00, 0x00, 0x00, 0x00, 0x00, 0x00, 0x00, 0x00, 0x00, 0x00,
  0x00, 0x00, 0x00, 0x00, 0x00, 0x00, 0x00, 0x00, 0x00, 0x00, 0x00, 0x00,
  0x00, 0x00, 0x00, 0x00, 0x00, 0x00, 0x00, 0x00, 0x00, 0x00, 0x00, 0x00,
  0x00, 0x00, 0x00, 0x00, 0x00, 0x00, 0x00, 0x00, 0x00, 0x00, 0x00, 0x00,
  0x00, 0x00, 0x00, 0x00, 0x00, 0x00, 0x00, 0x00, 0x00, 0x00, 0x00, 0x00,
  0x00, 0x00, 0x00, 0x00, 0x00, 0x00, 0x00, 0x00, 0x00, 0x00, 0x00, 0x00,
  0x00, 0x00, 0x00, 0x00, 0x00, 0x00, 0x00, 0x00, 0x00, 0x00, 0x00, 0x00,
  0x00, 0x00, 0x00, 0x00, 0x00, 0x00, 0x00, 0x00, 0x00, 0x00, 0x00, 0x00,
  0x00, 0x00, 0x00, 0x00, 0x00, 0x00, 0x00, 0x00, 0x00, 0x00, 0x00, 0x00,
  0x00, 0x00, 0x00, 0x00, 0x00, 0x00, 0x00, 0x00, 0x00, 0x00, 0x00, 0x00,
  0x00, 0x00, 0x00, 0x00, 0x00, 0x00, 0x00, 0x00, 0x00, 0x00, 0x00, 0x00,
  0x00, 0x00, 0x00, 0x00, 0x00, 0x00, 0x00, 0x00, 0x00, 0x00, 0x00, 0x00,
  0x00, 0x00, 0x00, 0x00, 0x00, 0x00, 0x00, 0x00, 0x00, 0x00, 0x00, 0x00,
  0x00, 0x00, 0x00, 0x00, 0x00, 0x00, 0x00, 0x00, 0x00, 0x00, 0x00, 0x00,
  0x00, 0x00, 0x00, 0x00, 0x00, 0x00, 0x00, 0x00, 0x00, 0x00, 0x00, 0x00,
  0x00, 0x00, 0x00, 0x00, 0x00, 0x00, 0x00, 0x00, 0x00, 0x00, 0x00, 0x00,
  0x00, 0x00, 0x00, 0x00, 0x00, 0x00, 0x00, 0x00, 0x00, 0x00, 0x00, 0x00,
  0x00, 0x00, 0x00, 0x00, 0x00, 0x00, 0x00, 0x00, 0x00, 0x00, 0x00, 0x00,
  0x00, 0x00, 0x00, 0x00, 0x00, 0x00, 0x00, 0x00, 0x00, 0x00, 0x00, 0x00,
  0x00, 0x00, 0x00, 0x00, 0x00, 0x00, 0x00, 0x00, 0x00, 0x00, 0x00, 0x00,
  0x00, 0x00, 0x00, 0x00, 0x00, 0x00, 0x00, 0x00, 0x00, 0x00, 0x00, 0x00,
  0x00, 0x00, 0x00, 0x00, 0x00, 0x00, 0x00, 0x00, 0x00, 0x00, 0x00, 0x00,
  0x00, 0x00, 0x00, 0x00, 0x00, 0x00, 0x00, 0x00, 0x00, 0x00, 0x00, 0x00,
  0x00, 0x00, 0x00, 0x00, 0x00, 0x00, 0x00, 0x00, 0x00, 0x00, 0x00, 0x00,
  0x00, 0x00, 0x00, 0x00, 0x00, 0x00, 0x00, 0x00, 0x00, 0x00, 0x00, 0x00,
  0x00, 0x00, 0x00, 0x00, 0x00, 0x00, 0x00, 0x00, 0x00, 0x00, 0x00, 0x00,
  0x00, 0x00, 0x00, 0x00, 0x00, 0x00, 0x00, 0x00, 0x00, 0x00, 0x00, 0x00,
  0x00, 0x00, 0x00, 0x00, 0x00, 0x00, 0x00, 0x00, 0x00, 0x00, 0x00, 0x00,
  0x00, 0x00, 0x00, 0x00, 0x00, 0x00, 0x00, 0x00, 0x00, 0x00, 0x00, 0x00,
  0x00, 0x00, 0x00, 0x00, 0x00, 0x00, 0x00, 0x00, 0x00, 0x00, 0x00, 0x00,
  0x00, 0x00, 0x00, 0x00, 0x00, 0x00, 0x00, 0x00, 0x00, 0x00, 0x00, 0x00,
  0x00, 0x00, 0x00, 0x00, 0x00, 0x00, 0x00, 0x00, 0x00, 0x00, 0x00, 0x00,
  0x00, 0x00, 0x00, 0x00, 0x00, 0x00, 0x00, 0x00, 0x00, 0x00, 0x00, 0x00,
  0x00, 0x00, 0x00, 0x00, 0x00, 0x00, 0x00, 0x00, 0x00, 0x00, 0x00, 0x00,
  0x00, 0x00, 0x00, 0x00, 0x00, 0x00, 0x00, 0x00, 0x00, 0x00, 0x00, 0x00,
  0x00, 0x00, 0x00, 0x00, 0x00, 0x00, 0x00, 0x00, 0x00, 0x00, 0x00, 0x00,
  0x00, 0x00, 0x00, 0x00, 0x00, 0x00, 0x00, 0x00, 0x00, 0x00, 0x00, 0x00,
  0x00, 0x00, 0x00, 0x00, 0x00, 0x00, 0x00, 0x00, 0x00, 0x00, 0x00, 0x00,
  0x00, 0x00, 0x00, 0x00, 0x00, 0x00, 0x00, 0x00, 0x00, 0x00, 0x00, 0x00,
  0x00, 0x00, 0x00, 0x00, 0x00, 0x00, 0x00, 0x00, 0x00, 0x00, 0x00, 0x00,
  0x00, 0x00, 0x00, 0x00, 0x00, 0x00, 0x00, 0x00, 0x00, 0x00, 0x00, 0x00,
  0x00, 0x00, 0x00, 0x00, 0x00, 0x00, 0x00, 0x00, 0x00, 0x00, 0x00, 0x00,
  0x00, 0x00, 0x00, 0x00, 0x00, 0x00, 0x00, 0x00, 0x00, 0x00, 0x00, 0x00,
  0x00, 0x00, 0x00, 0x00, 0x00, 0x00, 0x00, 0x00, 0x00, 0x00, 0x00, 0x00,
  0x00, 0x00, 0x00, 0x00, 0x00, 0x00, 0x00, 0x00, 0x00, 0x00, 0x00, 0x00,
  0x00, 0x00, 0x00, 0x00, 0x00, 0x00, 0x00, 0x00, 0x00, 0x00, 0x00, 0x00,
  0x00, 0x00, 0x00, 0x00, 0x00, 0x00, 0x00, 0x00, 0x00, 0x00, 0x00, 0x00,
  0x00, 0x00, 0x00, 0x00, 0x00, 0x00, 0x00, 0x00, 0x00, 0x00, 0x00, 0x00,
  0x00, 0x00, 0x00, 0x00, 0x00, 0x00, 0x00, 0x00, 0x00, 0x00, 0x00, 0x00,
  0x00, 0x00, 0x00, 0x00, 0x00, 0x00, 0x00, 0x00, 0x00, 0x00, 0x00, 0x00,
  0x00, 0x00, 0x00, 0x00, 0x00, 0x00, 0x00, 0x00, 0x00, 0x00, 0x00, 0x00,
  0x00, 0x00, 0x00, 0x00, 0x00, 0x00, 0x00, 0x00, 0x00, 0x00, 0x00, 0x00,
  0x00, 0x00, 0x00, 0x00, 0x00, 0x00, 0x00, 0x00, 0x00, 0x00, 0x00, 0x00,
  0x00, 0x00, 0x00, 0x00, 0x00, 0x00, 0x00, 0x00, 0x00, 0x00, 0x00, 0x00,
  0x00, 0x00, 0x00, 0x00, 0x00, 0x00, 0x00, 0x00, 0x00, 0x00, 0x00, 0x00,
  0x00, 0x00, 0x00, 0x00, 0x00, 0x00, 0x00, 0x00, 0x00, 0x00, 0x00, 0x00,
  0x00, 0x00, 0x00, 0x00, 0x00, 0x00, 0x00, 0x00, 0x00, 0x00, 0x00, 0x00,
  0x00, 0x00, 0x00, 0x00, 0x00, 0x00, 0x00, 0x00, 0x00, 0x00, 0x00, 0x00,
  0x00, 0x00, 0x00, 0x00, 0x00, 0x00, 0x00, 0x00, 0x00, 0x00, 0x00, 0x00,
  0x00, 0x00, 0x00, 0x00, 0x00, 0x00, 0x00, 0x00, 0x00, 0x00, 0x00, 0x00,
  0x00, 0x00, 0x00, 0x00, 0x00, 0x00, 0x00, 0x00, 0x00, 0x00, 0x00, 0x00,
  0x00, 0x00, 0x00, 0x00, 0x00, 0x00, 0x00, 0x00, 0x00, 0x00, 0x00, 0x00,
  0x00, 0x00, 0x00, 0x00, 0x00, 0x00, 0x00, 0x00, 0x00, 0x00, 0x00, 0x00,
  0x00, 0x00, 0x00, 0x00, 0x00, 0x00, 0x00, 0x00, 0x00, 0x00, 0x00, 0x00,
  0x00, 0x00, 0x00, 0x00, 0x00, 0x00, 0x00, 0x00, 0x00, 0x00, 0x00, 0x00,
  0x00, 0x00, 0x00, 0x00, 0x00, 0x00, 0x00, 0x00, 0x00, 0x00, 0x00, 0x00,
  0x00, 0x00, 0x00, 0x00, 0x00, 0x00, 0x00, 0x00, 0x00, 0x00, 0x00, 0x00,
  0x00, 0x00, 0x00, 0x00, 0x00, 0x00, 0x00, 0x00, 0x00, 0x00, 0x00, 0x00,
  0x48, 0x48, 0x46, 0x46, 0x44, 0x32, 0x41, 0x00, 0x52, 0x45, 0x4c, 0x5f,
  0x4c, 0x4c, 0x43, 0x45, 0x31, 0x5f, 0x30, 0x5f, 0x35, 0x5f, 0x5f, 0x5f,
  0x5f, 0x00, 0x42, 0x4c, 0x44, 0x5f, 0x4a, 0x53, 0x32, 0x33, 0x30, 0x36,
  0x30, 0x38, 0x31, 0x33, 0x32, 0x38, 0x00
};
unsigned int ppe_rx_bin_len = 28615;
